answer	clue	category	language	difficulty	source
GEIER	Aasvogel	klassisch	de	2	user:cwr
UMBAU	Abänderung	klassisch	de	2	user:cwr
STREB	Abbauraum im Bergwerk	klassisch	de	2	user:cwr
ABRISS	Abbruch eines Gebäudes	klassisch	de	2	user:cwr
VESPER	abendliche Gebetsstunde	klassisch	de	2	user:cwr
ERNEUT	abermals, wieder	klassisch	de	2	user:cwr
MUELL	Abfall	klassisch	de	2	user:cwr
HEDE	Abfall von Hanf	klassisch	de	2	user:cwr
RINNE	Abflussgraben	klassisch	de	2	user:cwr
REIHE	Abfolge	klassisch	de	2	user:cwr
TRIBUT	Abgabe	klassisch	de	2	user:cwr
FRIST	Abgabetermin	klassisch	de	2	user:cwr
ARM	abgebrannt, mittellos	klassisch	de	2	user:cwr
ZONE	abgegrenztes Gebiet	klassisch	de	2	user:cwr
IHLE	abgelaichter Hering	klassisch	de	2	user:cwr
ENTFERNT	abgelegen, weit weg	klassisch	de	2	user:cwr
ERLEDIGT	abgeschlossen	klassisch	de	2	user:cwr
MATT	abgespannt, erschöpft	klassisch	de	2	user:cwr
LITE	abgespeckt (Eng.)	klassisch	de	2	user:cwr
BORKE	abgestorbene Baumrinde	klassisch	de	2	user:cwr
IDOL	Abgott	klassisch	de	2	user:cwr
IDOLE	Abgötter	klassisch	de	2	user:cwr
ABI	Abitur (Afk.)	klassisch	de	2	user:cwr
AO	Abk.: Abgabenordnung	klassisch	de	2	user:cwr
ABH	Abk.: Abhandlung	klassisch	de	2	user:cwr
AR	Abk.: Abstellraum	klassisch	de	2	user:cwr
ALR	Abk.: Allg. Landrecht	klassisch	de	2	user:cwr
ASVG	Abk.: Allg. Sozialversicherungsgesetz	klassisch	de	2	user:cwr
AE	Abk.: am Ende	klassisch	de	2	user:cwr
AS	Abk.: Amperesekunde	klassisch	de	2	user:cwr
ANK	Abk.: Ankunft	klassisch	de	2	user:cwr
ANL	Abk.: Anleitung	klassisch	de	2	user:cwr
ANN	Abk.: Annahme	klassisch	de	2	user:cwr
ANON	Abk.: Anonymus	klassisch	de	2	user:cwr
ANR	Abk.: Anrainer	klassisch	de	2	user:cwr
ANZ	Abk.: Anzeige	klassisch	de	2	user:cwr
APR	Abk.: April	klassisch	de	2	user:cwr
AKR	Abk.: Arbeitskreis	klassisch	de	2	user:cwr
AK	Abk.: Armeekorps	klassisch	de	2	user:cwr
AO	Abk.: außerordentlich	klassisch	de	2	user:cwr
BTL	Abk.: Bataillon	klassisch	de	2	user:cwr
BEH	Abk.: Behörde	klassisch	de	2	user:cwr
BES	Abk.: besonders	klassisch	de	2	user:cwr
BU	Abk.: Bildunterschrift	klassisch	de	2	user:cwr
BF	Abk.: Bischof	klassisch	de	2	user:cwr
BE	Abk.: Broteinheit	klassisch	de	2	user:cwr
BFN	Abk.: brutto für netto	klassisch	de	2	user:cwr
BDST	Abk.: Bund der Steuerzahler	klassisch	de	2	user:cwr
BPD	Abk.: Bundespressedienst	klassisch	de	2	user:cwr
CO	Abk.: care of	klassisch	de	2	user:cwr
CT	Abk.: cum tempore	klassisch	de	2	user:cwr
DAE	Abk.: der Ältere	klassisch	de	2	user:cwr
DZT	Abk.: derzeit	klassisch	de	2	user:cwr
AG	Abk. des schweiz. Kantons Aargau	klassisch	de	2	user:cwr
DM	Abk.: Deutsche Mark	klassisch	de	2	user:cwr
DSB	Abk.: Deutscher Sportbund	klassisch	de	2	user:cwr
DTB	Abk.: Deutscher Tennis Bund	klassisch	de	2	user:cwr
DEZ	Abk.: Dezember	klassisch	de	2	user:cwr
DT	Abk.: Dezitonne	klassisch	de	2	user:cwr
DZ	Abk.: Doppelzimmer	klassisch	de	2	user:cwr
DS	Abk.: Drucksache	klassisch	de	2	user:cwr
DGB	Abk.: Dt. Gewerkschaftsbund	klassisch	de	2	user:cwr
DL	Abk.: Dual Layer	klassisch	de	2	user:cwr
DKL	Abk.: dunkel	klassisch	de	2	user:cwr
EBD	Abk.: ebenda	klassisch	de	2	user:cwr
EDD	Abk.: ediderunt	klassisch	de	2	user:cwr
ED	Abk.: Edition	klassisch	de	2	user:cwr
EH	Abk.: ehrenhalber	klassisch	de	2	user:cwr
IGA	Abk. einer Gartenschau	klassisch	de	2	user:cwr
EFH	Abk.: Einfamilienhaus	klassisch	de	2	user:cwr
ESS	Abk.: Einsendeschluss	klassisch	de	2	user:cwr
EK	Abk.: eisernes Kreuz	klassisch	de	2	user:cwr
EE	Abk.: Energie-Einheit	klassisch	de	2	user:cwr
EE	Abk.: Energieeinheit	klassisch	de	2	user:cwr
EE	Abk.: Entropieeinheit	klassisch	de	2	user:cwr
ERW	Abk.: Erwachsener	klassisch	de	2	user:cwr
ESP	Abk.: Esperanto	klassisch	de	2	user:cwr
EL	Abk.: Esslöffel	klassisch	de	2	user:cwr
ETC	Abk.: et cetera	klassisch	de	2	user:cwr
EC	Abk.: Eurocity	klassisch	de	2	user:cwr
ER	Abk.: Europarat	klassisch	de	2	user:cwr
EVT	Abk.: eventuell	klassisch	de	2	user:cwr
EZR	Abk.: Extrazellularraum	klassisch	de	2	user:cwr
FA	Abk.: Fachabteilung	klassisch	de	2	user:cwr
FAM	Abk.: Familie	klassisch	de	2	user:cwr
FF	Abk.: folgende (Buchseiten)	klassisch	de	2	user:cwr
FT	Abk.: Forint	klassisch	de	2	user:cwr
HRR	Abk. für d. röm.-dt. Reich (962/1806)	klassisch	de	2	user:cwr
JDT	Abk. für das Buch Judit im A. T.	klassisch	de	2	user:cwr
AK	Abk. für den US-Staat Alaska	klassisch	de	2	user:cwr
AZ	Abk. für den US-Staat Arizona	klassisch	de	2	user:cwr
UT	Abk. für den US-Staat Utah	klassisch	de	2	user:cwr
ZL	Abk. für die poln. Währung	klassisch	de	2	user:cwr
US	Abk. für die Vereinigten Staaten	klassisch	de	2	user:cwr
LKW	Abk. für ein Kraftfahrzeug	klassisch	de	2	user:cwr
EG	Abk. für ein Stockwerk	klassisch	de	2	user:cwr
GEM	Abk.: Gemeinde	klassisch	de	2	user:cwr
GU	Abk.: Gummi	klassisch	de	2	user:cwr
HP	Abk.: Halbpension	klassisch	de	2	user:cwr
HU	Abk.: Hauptuntersuchung	klassisch	de	2	user:cwr
HR	Abk.: Herr	klassisch	de	2	user:cwr
HZ	Abk.: Hertz	klassisch	de	2	user:cwr
HBA	Abk.: Hochbauamt	klassisch	de	2	user:cwr
IR	Abk.: im Ruhestand	klassisch	de	2	user:cwr
IG	Abk.: in Gründung	klassisch	de	2	user:cwr
IK	Abk.: Industriekaufmann	klassisch	de	2	user:cwr
IR	Abk.: Industrieroboter	klassisch	de	2	user:cwr
INKL	Abk.: inklusive	klassisch	de	2	user:cwr
INT	Abk.: international	klassisch	de	2	user:cwr
JGG	Abk.: Jahrgänge	klassisch	de	2	user:cwr
JH	Abk.: Jahrhundert	klassisch	de	2	user:cwr
KSR	Abk.: Kaiserreich	klassisch	de	2	user:cwr
CAL	Abk.: Kalorie	klassisch	de	2	user:cwr
KPT	Abk.: Kapitän	klassisch	de	2	user:cwr
KTN	Abk.: Kärnten	klassisch	de	2	user:cwr
KB	Abk.: Kilobyte	klassisch	de	2	user:cwr
KHZ	Abk.: Kilohertz	klassisch	de	2	user:cwr
KPA	Abk.: Kilopascal	klassisch	de	2	user:cwr
KD	Abk.: Kundendienst	klassisch	de	2	user:cwr
LKA	Abk.: Landeskriminalamt	klassisch	de	2	user:cwr
LR	Abk.: Landrat	klassisch	de	2	user:cwr
LDW	Abk.: Landwirt	klassisch	de	2	user:cwr
LP	Abk.: Langspielplatte	klassisch	de	2	user:cwr
LKW	Abk.: Lastkraftwagen	klassisch	de	2	user:cwr
LED	Abk.: ledig	klassisch	de	2	user:cwr
LR	Abk.: Leibrente	klassisch	de	2	user:cwr
LF	Abk.: Leistungsfach	klassisch	de	2	user:cwr
LK	Abk.: Leistungskurs	klassisch	de	2	user:cwr
LTG	Abk.: Leitung	klassisch	de	2	user:cwr
LTD	Abk.: limited	klassisch	de	2	user:cwr
LO	Abk.: links oben	klassisch	de	2	user:cwr
LAN	Abk.: Local Area Network	klassisch	de	2	user:cwr
LD	Abk.: Lotsendienst	klassisch	de	2	user:cwr
LD	Abk.: luftdicht	klassisch	de	2	user:cwr
MME	Abk.: Madame	klassisch	de	2	user:cwr
MGF	Abk.: Markgraf	klassisch	de	2	user:cwr
MED	Abk.: Medizin	klassisch	de	2	user:cwr
MB	Abk.: Megabyte	klassisch	de	2	user:cwr
MHZ	Abk.: Megahertz	klassisch	de	2	user:cwr
MP	Abk.: mezzopiano	klassisch	de	2	user:cwr
MIO	Abk.: Million	klassisch	de	2	user:cwr
MU	Abk.: Mindestumsatz	klassisch	de	2	user:cwr
MIN	Abk.: Minute	klassisch	de	2	user:cwr
NA	Abk.: nach Abzug	klassisch	de	2	user:cwr
NCHF	Abk.: Nachfolger	klassisch	de	2	user:cwr
NE	Abk.: Nachtexpress	klassisch	de	2	user:cwr
NS	Abk.: Nanosekunde	klassisch	de	2	user:cwr
NOK	Abk.: Nation. Olymp. Komitee	klassisch	de	2	user:cwr
NAT	Abk.: national	klassisch	de	2	user:cwr
NLP	Abk.: Nationalpark	klassisch	de	2	user:cwr
NSG	Abk.: Naturschutzgebiet	klassisch	de	2	user:cwr
NEG	Abk.: negativ	klassisch	de	2	user:cwr
NP	Abk.: Neper	klassisch	de	2	user:cwr
NM	Abk.: Newtonmeter	klassisch	de	2	user:cwr
NDB	Abk.: Niederbayern	klassisch	de	2	user:cwr
NF	Abk.: Niederfrequenz	klassisch	de	2	user:cwr
NNO	Abk.: Nordnordost	klassisch	de	2	user:cwr
NH	Abk.: Normalhöhepunkt	klassisch	de	2	user:cwr
NFS	Abk.: Notfallseelsorge	klassisch	de	2	user:cwr
NR	Abk.: Nummer	klassisch	de	2	user:cwr
OG	Abk.: Obergeschoss	klassisch	de	2	user:cwr
OI	Abk.: Oberinspektor	klassisch	de	2	user:cwr
OLG	Abk.: Oberlandesgericht	klassisch	de	2	user:cwr
OTL	Abk.: Oberstleutnant	klassisch	de	2	user:cwr
OL	Abk.: Orientierungslauf	klassisch	de	2	user:cwr
OT	Abk.: Originalton	klassisch	de	2	user:cwr
PW	Abk.: Passwort	klassisch	de	2	user:cwr
PERC	Abk.: Percussions	klassisch	de	2	user:cwr
PZ	Abk.: Personenzug	klassisch	de	2	user:cwr
PK	Abk.: Polizeikommissar	klassisch	de	2	user:cwr
PF	Abk.: Postfach	klassisch	de	2	user:cwr
PR	Abk.: Preis	klassisch	de	2	user:cwr
PD	Abk.: Privatdozent	klassisch	de	2	user:cwr
RGL	Abk.: Rangliste	klassisch	de	2	user:cwr
RZ	Abk.: Ratenzahlung	klassisch	de	2	user:cwr
RM	Abk.: Raummeter	klassisch	de	2	user:cwr
RG	Abk.: Realgymnas.	klassisch	de	2	user:cwr
RNR	Abk.: Rechnungsnummer	klassisch	de	2	user:cwr
RA	Abk.: Rechtsanwalt	klassisch	de	2	user:cwr
RAE	Abk.: Rechtsanwälte	klassisch	de	2	user:cwr
RL	Abk.: Referatsleiter	klassisch	de	2	user:cwr
RH	Abk.: Rettungshelfer	klassisch	de	2	user:cwr
RTH	Abk.: Rettungshubschrauber	klassisch	de	2	user:cwr
RH	Abk.: Rhesusfaktor	klassisch	de	2	user:cwr
RL	Abk.: Rial	klassisch	de	2	user:cwr
RR	Abk.: Ringrichter	klassisch	de	2	user:cwr
RK	Abk.: Rotes Kreuz	klassisch	de	2	user:cwr
RR	Abk.: Rückrunde	klassisch	de	2	user:cwr
RD	Abk.: rund	klassisch	de	2	user:cwr
SR	Abk.: Saarländischer Rundfunk	klassisch	de	2	user:cwr
SBG	Abk.: Salzburg	klassisch	de	2	user:cwr
SA	Abk.: Samstag	klassisch	de	2	user:cwr
SPZ	Abk.: Schützenpanzer	klassisch	de	2	user:cwr
SEK	Abk.: Sekunde	klassisch	de	2	user:cwr
SIB	Abk.: Sicherheitsbeauftragter	klassisch	de	2	user:cwr
SH	Abk.: Sonderheft	klassisch	de	2	user:cwr
SA	Abk.: Sonnabend	klassisch	de	2	user:cwr
SC	Abk.: South Carolina	klassisch	de	2	user:cwr
SG	Abk.: Spielgemeinschaft	klassisch	de	2	user:cwr
SG	Abk.: Sportgemeinschaft	klassisch	de	2	user:cwr
SR	Abk.: Steradiant	klassisch	de	2	user:cwr
SSO	Abk.: Südsüdost	klassisch	de	2	user:cwr
TAF	Abk.: Tafel	klassisch	de	2	user:cwr
TG	Abk.: Tangens	klassisch	de	2	user:cwr
TE	Abk.: Teileinheit	klassisch	de	2	user:cwr
TLN	Abk.: Teilnehmer	klassisch	de	2	user:cwr
TIT	Abk.: Titel	klassisch	de	2	user:cwr
TGS	Abk.: Turngemeinschaft	klassisch	de	2	user:cwr
TSN	Abk.: Typschlüsselnummer	klassisch	de	2	user:cwr
UZS	Abk.: Uhrzeigersinn	klassisch	de	2	user:cwr
UST	Abk.: Umsatzsteuer	klassisch	de	2	user:cwr
USF	Abk.: und so fort	klassisch	de	2	user:cwr
UG	Abk.: Untergeschoss	klassisch	de	2	user:cwr
UB	Abk.: Urkundenbuch	klassisch	de	2	user:cwr
UT	Abk.: Utah	klassisch	de	2	user:cwr
VG	Abk.: Vereinsgesetz	klassisch	de	2	user:cwr
VRF	Abk.: Verfasser	klassisch	de	2	user:cwr
VT	Abk.: Videotext	klassisch	de	2	user:cwr
VL	Abk.: Vorlesung	klassisch	de	2	user:cwr
WGB	Abk.: Weltgewerkschaftsbund	klassisch	de	2	user:cwr
WKN	Abk.: Wertpapierkennnummer	klassisch	de	2	user:cwr
WDR	Abk.: Westdt. Rundfunk	klassisch	de	2	user:cwr
WSW	Abk.: Westsüdwest	klassisch	de	2	user:cwr
WDH	Abk.: Wiederholung	klassisch	de	2	user:cwr
ZTR	Abk.: Zentner	klassisch	de	2	user:cwr
ZA	Abk.: Zentralanstalt	klassisch	de	2	user:cwr
ZM	Abk.: Zugmaschine	klassisch	de	2	user:cwr
ZO	Abk.: Zulassungsordnung	klassisch	de	2	user:cwr
ZN	Abk.: Zweigniederlassung	klassisch	de	2	user:cwr
SUD	Abkochbrühe	klassisch	de	2	user:cwr
ORDNER	Ablagehefter	klassisch	de	2	user:cwr
SINTER	Ablagerungsgestein	klassisch	de	2	user:cwr
FOTO	Ablichtung	klassisch	de	2	user:cwr
PAKT	Abmachung, Bündnis	klassisch	de	2	user:cwr
DEAL	Abmachung (Eng.)	klassisch	de	2	user:cwr
ABO	Abonnement (Afk.)	klassisch	de	2	user:cwr
HALDE	Abraumkippe	klassisch	de	2	user:cwr
NEIN	Absage	klassisch	de	2	user:cwr
EKEL	Abscheu	klassisch	de	2	user:cwr
SEND	Abschicken (Eng.)	klassisch	de	2	user:cwr
ADE	Abschiedsgruß	klassisch	de	2	user:cwr
CIAO	Abschiedsgruß	klassisch	de	2	user:cwr
BYE	Abschiedsgruß (Eng.)	klassisch	de	2	user:cwr
ADE	Abschiedswort	klassisch	de	2	user:cwr
AMEN	Abschluss einer Predigt	klassisch	de	2	user:cwr
PHASE	Abschnitt	klassisch	de	2	user:cwr
END	Abschnitt b. Curling	klassisch	de	2	user:cwr
SURE	Abschnitt des Korans	klassisch	de	2	user:cwr
AKT	Abschnitt eines Theaterstücks	klassisch	de	2	user:cwr
AKTE	Abschnitte eines Theaterstücks	klassisch	de	2	user:cwr
STEIL	Abschüssig	klassisch	de	2	user:cwr
BIZARR	absonderlich	klassisch	de	2	user:cwr
LEBER	Absonderungsorgan	klassisch	de	2	user:cwr
DRUESE	Absonderungsorgan	klassisch	de	2	user:cwr
WAHL	Abstimmung	klassisch	de	2	user:cwr
MELK	Abtei an der Donau	klassisch	de	2	user:cwr
RENEGAT	Abtrünniger	klassisch	de	2	user:cwr
HINAB	abwärts	klassisch	de	2	user:cwr
BUNT	abwechslungsreich, vielseitig	klassisch	de	2	user:cwr
PAK	Abwehrkanone (Afk.)	klassisch	de	2	user:cwr
PAH	abweisender Ausruf	klassisch	de	2	user:cwr
POL	Achsenende	klassisch	de	2	user:cwr
OKTAV	Achtelbogengröße (Buch)	klassisch	de	2	user:cwr
EHREN	achten, würdigen, anerkennen	klassisch	de	2	user:cwr
OBACHT	Achtung, Vorsicht	klassisch	de	2	user:cwr
ERDAPFEL	Ackerfrucht, Kartoffel	klassisch	de	2	user:cwr
EGGE	Ackergerät	klassisch	de	2	user:cwr
PFLUG	Ackergerät	klassisch	de	2	user:cwr
RAIN	Ackerrand	klassisch	de	2	user:cwr
RAINE	Ackerränder	klassisch	de	2	user:cwr
KRAEHE	Ackervogel	klassisch	de	2	user:cwr
UND	Additionswort zw. Kardinalzahlen	klassisch	de	2	user:cwr
HOF	Adelssitz	klassisch	de	2	user:cwr
GRAF	Adelstitel	klassisch	de	2	user:cwr
SIR	Adelstitel (Eng.)	klassisch	de	2	user:cwr
PEER	Adelstitel in England	klassisch	de	2	user:cwr
BARONESSE	Adelstitel in Frankreich	klassisch	de	2	user:cwr
DOGE	Adelstitel Venedig	klassisch	de	2	user:cwr
GRAF	Adelstitel zwischen Fürst und Freiherr	klassisch	de	2	user:cwr
AAR	Adler	klassisch	de	2	user:cwr
ORN	Adler in der Edda	klassisch	de	2	user:cwr
AETIT	Adlerstein	klassisch	de	2	user:cwr
EDELFRAU	Adlige Dame	klassisch	de	2	user:cwr
ABSENDER	Adressant	klassisch	de	2	user:cwr
BORA	Adriafallwind	klassisch	de	2	user:cwr
RAB	Adriainsel	klassisch	de	2	user:cwr
BRAH	Adriainsel	klassisch	de	2	user:cwr
CAZZA	Adriainsel	klassisch	de	2	user:cwr
BORA	Adriawind	klassisch	de	2	user:cwr
GNUS	afr. Kuhantilopen	klassisch	de	2	user:cwr
GNU	afrik. Kuhantilope	klassisch	de	2	user:cwr
GNUS	afrik. Kuhantilopen	klassisch	de	2	user:cwr
UGANDA	afrik. Staat	klassisch	de	2	user:cwr
TOURE	afrik. Staatsmann (Sékou) †	klassisch	de	2	user:cwr
GIRAFFE	afrik. Steppentier	klassisch	de	2	user:cwr
KAS	afrikanische Trommel	klassisch	de	2	user:cwr
NIL	afrikanischer Strom	klassisch	de	2	user:cwr
NIL	Afrikastrom	klassisch	de	2	user:cwr
CALYPSO	afrokarib. Modetanz d. 1950er	klassisch	de	2	user:cwr
SISAL	Agavenblattfaser	klassisch	de	2	user:cwr
GAS	Aggregatzustand	klassisch	de	2	user:cwr
REGSAM	agil, beweglich, rührig	klassisch	de	2	user:cwr
KOPTE	ägypt. Christ	klassisch	de	2	user:cwr
ATON	ägypt. Gottheit	klassisch	de	2	user:cwr
ISIS	ägypt. Göttin	klassisch	de	2	user:cwr
RA	ägypt. Sonnengott	klassisch	de	2	user:cwr
NIL	Ägyptens Strom	klassisch	de	2	user:cwr
MAKO	ägyptische Baumwolle	klassisch	de	2	user:cwr
SHU	ägyptischer Luftgott	klassisch	de	2	user:cwr
URAHN	Ahnherr	klassisch	de	2	user:cwr
WIE	ähnlich	klassisch	de	2	user:cwr
ARTIST	Akrobat	klassisch	de	2	user:cwr
DOSSIER	Aktenbündel	klassisch	de	2	user:cwr
MAPPE	Aktenhülle	klassisch	de	2	user:cwr
AKTEI	Aktensammlung	klassisch	de	2	user:cwr
BOERSE	Aktienmarkt	klassisch	de	2	user:cwr
TAT	Aktion	klassisch	de	2	user:cwr
LEBENDIG	aktiv, vital	klassisch	de	2	user:cwr
BEL	akust. Maß	klassisch	de	2	user:cwr
HUPE	akust. Warngerät	klassisch	de	2	user:cwr
TON	akustisch. Signal	klassisch	de	2	user:cwr
TON	akustisches Signal	klassisch	de	2	user:cwr
SIRENE	Alarmgerät	klassisch	de	2	user:cwr
LEK	albanische Währung	klassisch	de	2	user:cwr
UNFUG	alberner Streich	klassisch	de	2	user:cwr
AGAR	Algenprodukt	klassisch	de	2	user:cwr
REG	algerische Geröllwüste	klassisch	de	2	user:cwr
NATRIUM	Alkalimetall	klassisch	de	2	user:cwr
LAUGE	Alkalische Lösung	klassisch	de	2	user:cwr
RUM	alkohol. Getränk	klassisch	de	2	user:cwr
SEKT	alkohol. Getränk	klassisch	de	2	user:cwr
BEIDE	alle zwei	klassisch	de	2	user:cwr
EINSAM	allein	klassisch	de	2	user:cwr
SOLO	Alleingang	klassisch	de	2	user:cwr
ISE	Aller-Zufluss in Gifhorn	klassisch	de	2	user:cwr
MANCH	allerlei, divers, einige	klassisch	de	2	user:cwr
MAXIME	allgemeiner Grundsatz	klassisch	de	2	user:cwr
SENN	Almhirt	klassisch	de	2	user:cwr
SPENDE	Almosen	klassisch	de	2	user:cwr
FOEN	Alpenfallwind	klassisch	de	2	user:cwr
ALMROSE	Alpenpflanze	klassisch	de	2	user:cwr
FOEN	Alpenwind	klassisch	de	2	user:cwr
ABC	Alphabet	klassisch	de	2	user:cwr
ABC	Alphabet (Afk.)	klassisch	de	2	user:cwr
IVA	alpine Schafgarbe	klassisch	de	2	user:cwr
TJA	also dann, nun gut (ugs.)	klassisch	de	2	user:cwr
TJA	also dann (ugs.)	klassisch	de	2	user:cwr
ISIS	altägypt. Göttin, Mutter des Horus	klassisch	de	2	user:cwr
PHARAO	altägypt. Herrschertitel	klassisch	de	2	user:cwr
PHARAO	altägypt. Königstitel	klassisch	de	2	user:cwr
SAIS	altägypt. Stadt	klassisch	de	2	user:cwr
OSIRIS	altägyptischer Gott	klassisch	de	2	user:cwr
RAMSES	altägyptischer Königsname	klassisch	de	2	user:cwr
UR	altbabylonische Stadt im Irak	klassisch	de	2	user:cwr
SIAMESE	alte Bez. für den Thailänder	klassisch	de	2	user:cwr
TAEL	alte chines. Gewichtseinheit	klassisch	de	2	user:cwr
ECU	alte franz. Goldmünze	klassisch	de	2	user:cwr
SOU	alte frz. Münze	klassisch	de	2	user:cwr
RIN	alte japan. Münze	klassisch	de	2	user:cwr
SEN	alte japanische Münze	klassisch	de	2	user:cwr
KALIFAT	alte oriental. Reichsform	klassisch	de	2	user:cwr
RAG	alter Klavierjazz	klassisch	de	2	user:cwr
RAG	alter Klavierjazz (Kw.)	klassisch	de	2	user:cwr
HEUET	alter Name des Juli	klassisch	de	2	user:cwr
LENZMOND	alter Name des März	klassisch	de	2	user:cwr
LENZING	alter Name des März	klassisch	de	2	user:cwr
LP	alter Tonträger (Abk.)	klassisch	de	2	user:cwr
AT	älterer Teil der Bibel (Abk.)	klassisch	de	2	user:cwr
BIOGAS	alternative Energie	klassisch	de	2	user:cwr
FSK	Altersfreigabe (Afk.)	klassisch	de	2	user:cwr
HUFE	Altes Landmaß	klassisch	de	2	user:cwr
ATUE	altes Maß des Luftdrucks	klassisch	de	2	user:cwr
MAYAS	altes Volk in Mittelamerika	klassisch	de	2	user:cwr
SENAT	Ältestenrat	klassisch	de	2	user:cwr
SEM	ältester Sohn Noahs (A.T.)	klassisch	de	2	user:cwr
EUKLID	altgriech. Mathematiker	klassisch	de	2	user:cwr
DELPHI	altgriech. Orakelstätte	klassisch	de	2	user:cwr
STOA	altgriech. Philosophenschule	klassisch	de	2	user:cwr
PYTHEAS	altgriech. Seefahrer († 310 v. Chr.)	klassisch	de	2	user:cwr
ELEA	altgriech. Stadt	klassisch	de	2	user:cwr
ELEA	altgriech. Stadt in Lucania	klassisch	de	2	user:cwr
SKENE	altgriech. Theaterbau	klassisch	de	2	user:cwr
STELE	altgriechische Grabsäule	klassisch	de	2	user:cwr
HOMER	altgriechischer Dichter	klassisch	de	2	user:cwr
INDRA	altind. Hauptgott	klassisch	de	2	user:cwr
WEDA	altindische heilige Schrift	klassisch	de	2	user:cwr
OGAM	altirische Schrift	klassisch	de	2	user:cwr
EDDA	altisländ. Dichtung	klassisch	de	2	user:cwr
ELLE	Altmaß	klassisch	de	2	user:cwr
RETRO	altmodisch	klassisch	de	2	user:cwr
NORNE	altnord. Göttin	klassisch	de	2	user:cwr
EDDA	altnordisch. Schrifttum	klassisch	de	2	user:cwr
SUSA	altpersische Königsstadt	klassisch	de	2	user:cwr
INKA	altperuanischer Adliger	klassisch	de	2	user:cwr
HORAZ	altröm. Dichter	klassisch	de	2	user:cwr
GRATIAN	altröm. Kaiser	klassisch	de	2	user:cwr
IDUS	altröm. Monatsmitte	klassisch	de	2	user:cwr
ASIA	altröm. Provinz	klassisch	de	2	user:cwr
CAESAR	altröm. Staatsmann	klassisch	de	2	user:cwr
DENAR	altrömische Silbermünze	klassisch	de	2	user:cwr
LIMES	altrömischer Grenzwall	klassisch	de	2	user:cwr
ALU	Aluminium (Afk.)	klassisch	de	2	user:cwr
EINLOGGEN	am PC anmelden	klassisch	de	2	user:cwr
TAGS	am Tage	klassisch	de	2	user:cwr
AFN	amer. Sender	klassisch	de	2	user:cwr
NFL	amerik. FootballLiga (Abk.)	klassisch	de	2	user:cwr
PAM	amerik. Frauenkurzname	klassisch	de	2	user:cwr
JEEP	amerik. Militärfahrzeug	klassisch	de	2	user:cwr
ASTAIRE	amerik. Tänzer (Fred)	klassisch	de	2	user:cwr
CAB	amerik. Taxi	klassisch	de	2	user:cwr
COP	amerikanischer Polizist (Kw.)	klassisch	de	2	user:cwr
ELIOT	amerik.engl. Dichter †1965	klassisch	de	2	user:cwr
DOKUMENT	amtl. Schriftstück	klassisch	de	2	user:cwr
RAETE	Amtsbezeichnung (Mz.)	klassisch	de	2	user:cwr
LAO	Amtssprache in Laos	klassisch	de	2	user:cwr
TALAR	Amtstracht	klassisch	de	2	user:cwr
OBENAN	an der Spitze	klassisch	de	2	user:cwr
HIER	an diesem Ort	klassisch	de	2	user:cwr
HEUTE	an diesem Tag	klassisch	de	2	user:cwr
HEUTE	an diesem Tage	klassisch	de	2	user:cwr
DARAN	an dieser Sache	klassisch	de	2	user:cwr
HIER	an dieser Stelle	klassisch	de	2	user:cwr
ALTERN	an Jahren zunehmen	klassisch	de	2	user:cwr
ATONAL	an keine Tonart gebunden	klassisch	de	2	user:cwr
NEHMEN	an sich bringen	klassisch	de	2	user:cwr
DENKER	analytischer Mensch, Grübler	klassisch	de	2	user:cwr
URO	AndenUreinw.	klassisch	de	2	user:cwr
INKA	Andenvolk	klassisch	de	2	user:cwr
LOBEND	anerkennend, preisend	klassisch	de	2	user:cwr
LOB	Anerkennung	klassisch	de	2	user:cwr
ASTHMA	Anfälle von Atemnot	klassisch	de	2	user:cwr
NEUER	Anfänger	klassisch	de	2	user:cwr
NEUE	Anfängerin	klassisch	de	2	user:cwr
KELTE	Angeh. e. indogerm. Volkes	klassisch	de	2	user:cwr
NOMADE	Angeh. eines Wandervolks	klassisch	de	2	user:cwr
KIRGISE	Angehöriger eines Turkvolkes	klassisch	de	2	user:cwr
RUTE	Angelstock	klassisch	de	2	user:cwr
DUFT	angenehmer Geruch	klassisch	de	2	user:cwr
HIP	angesagt (Eng.)	klassisch	de	2	user:cwr
EHRBAR	angesehen, redlich	klassisch	de	2	user:cwr
PFAHL	angespitzter Balken	klassisch	de	2	user:cwr
PERSONAL	Angestellte	klassisch	de	2	user:cwr
ZIEL	angestrebter Punkt	klassisch	de	2	user:cwr
ADAPTER	Angleicher	klassisch	de	2	user:cwr
INCH	angloamerik. Längenmaß	klassisch	de	2	user:cwr
NEBENAN	angrenzend	klassisch	de	2	user:cwr
BANG	Ängstlich	klassisch	de	2	user:cwr
FURCHTSAM	ängstlich	klassisch	de	2	user:cwr
FEIG	ängstlich, mutlos	klassisch	de	2	user:cwr
NACHSPANN	Anhang beim Film	klassisch	de	2	user:cwr
FAN	Anhänger (Eng.)	klassisch	de	2	user:cwr
ROCKFAN	Anhänger lauter Gitarrenmusik	klassisch	de	2	user:cwr
TREU	anhänglich	klassisch	de	2	user:cwr
TREUE	Anhänglichkeit	klassisch	de	2	user:cwr
HAAR	Anhangsgebilde der Haut	klassisch	de	2	user:cwr
PINNEN	anheften	klassisch	de	2	user:cwr
SPILL	Ankerwinde	klassisch	de	2	user:cwr
STARTER	Anlasser beim Auto	klassisch	de	2	user:cwr
STEG	Anlegebrücke	klassisch	de	2	user:cwr
STEG	Anlegeplatz	klassisch	de	2	user:cwr
GRAZIOES	Anmutig	klassisch	de	2	user:cwr
INSERAT	Annonce	klassisch	de	2	user:cwr
BEFEHLEN	anordnen	klassisch	de	2	user:cwr
HERR	Anrede	klassisch	de	2	user:cwr
SIE	Anrede	klassisch	de	2	user:cwr
SIE	Anrede für Fremde	klassisch	de	2	user:cwr
HERR	Anrede für Gott	klassisch	de	2	user:cwr
HERR	Anrede für Mann	klassisch	de	2	user:cwr
ABBA	Anrede Gottes im Gebet (NT)	klassisch	de	2	user:cwr
DU	Anrede Singular	klassisch	de	2	user:cwr
SIR	Anrede und Titel in England	klassisch	de	2	user:cwr
NA	Anreizeruf	klassisch	de	2	user:cwr
BETEN	Anrufen Gottes	klassisch	de	2	user:cwr
RUFER	Anrufer	klassisch	de	2	user:cwr
ANFLUG	Ansatz zur Landung	klassisch	de	2	user:cwr
ERWERB	Anschaffung	klassisch	de	2	user:cwr
ERWERB	Anschaffung, Kauf	klassisch	de	2	user:cwr
ADAPTER	Anschlussstück	klassisch	de	2	user:cwr
GURT	Anschnallriemen	klassisch	de	2	user:cwr
PRESTIGE	Ansehen	klassisch	de	2	user:cwr
RUF	Ansehen	klassisch	de	2	user:cwr
EHRE	Ansehen, Achtung	klassisch	de	2	user:cwr
STATTLICH	ansehnlich	klassisch	de	2	user:cwr
REDE	Ansprache	klassisch	de	2	user:cwr
SERIOES	anständig	klassisch	de	2	user:cwr
ZETTELN	Anstiften	klassisch	de	2	user:cwr
IMPULSE	Anstöße, Anregungen	klassisch	de	2	user:cwr
LACK	Anstrich	klassisch	de	2	user:cwr
EPHESOS	antike griech. Stadt in Kleinasien	klassisch	de	2	user:cwr
PHALANX	antike Schlachtformation	klassisch	de	2	user:cwr
AGORA	Antiker Marktplatz	klassisch	de	2	user:cwr
ODEON	Antikes Theater	klassisch	de	2	user:cwr
GNU	Antilope	klassisch	de	2	user:cwr
IMPALA	Antilopenart	klassisch	de	2	user:cwr
ASR	Antriebsschlupfregelung	klassisch	de	2	user:cwr
REAKTION	Antwort	klassisch	de	2	user:cwr
RE	Antwort auf Kontra (Skat)	klassisch	de	2	user:cwr
DA	anwesend	klassisch	de	2	user:cwr
NEUN	Anzahl der Kegel	klassisch	de	2	user:cwr
ZEIT	Anzeige der Uhr	klassisch	de	2	user:cwr
REIZ	Anziehung	klassisch	de	2	user:cwr
APPEAL	Anziehungskraft	klassisch	de	2	user:cwr
ORANGE	Apfelsine	klassisch	de	2	user:cwr
PTA	Apothekenangestellte (Abk.)	klassisch	de	2	user:cwr
UNZE	Apothekergewicht	klassisch	de	2	user:cwr
ESSLUST	Appetit	klassisch	de	2	user:cwr
SKALAR	Aquarienfisch, Segelflosser	klassisch	de	2	user:cwr
ZEITALTER	Ära, Epoche	klassisch	de	2	user:cwr
ADAB	arab.: gutes Benehmen	klassisch	de	2	user:cwr
UD	arab. Laute im MA.	klassisch	de	2	user:cwr
KHALED	arab. Männername	klassisch	de	2	user:cwr
ALI	arab. Märchenfigur (‚... Baba‘)	klassisch	de	2	user:cwr
DAU	arab. Segelschiff	klassisch	de	2	user:cwr
OMAN	arab. Sultanat	klassisch	de	2	user:cwr
ABU	arab.: Vater	klassisch	de	2	user:cwr
ANESE	arab. Volk	klassisch	de	2	user:cwr
BIR	arab. Wüstenbrunnen	klassisch	de	2	user:cwr
EMIR	Araberfürst	klassisch	de	2	user:cwr
RAS	arabisch: Kap	klassisch	de	2	user:cwr
IBN	arabisch: Sohn	klassisch	de	2	user:cwr
WESIRE	arabische Herrscher	klassisch	de	2	user:cwr
NEI	arabische Langflöte	klassisch	de	2	user:cwr
EMIR	arabischer Fürst	klassisch	de	2	user:cwr
EMIRAT	arabisches Fürstentum	klassisch	de	2	user:cwr
LOHN	Arbeitsentgelt	klassisch	de	2	user:cwr
EIFER	Arbeitsfreude	klassisch	de	2	user:cwr
OELFARBE	Arbeitsmaterial von Malern	klassisch	de	2	user:cwr
PENSUM	Arbeitsmenge	klassisch	de	2	user:cwr
STREIK	Arbeitsniederlegung	klassisch	de	2	user:cwr
STELLE	Arbeitsplatz	klassisch	de	2	user:cwr
BACKSTUBE	Arbeitsraum des Bäckers	klassisch	de	2	user:cwr
RAM	Arbeitsspeicher (Afk.)	klassisch	de	2	user:cwr
STREIK	Arbeitsverweigerung	klassisch	de	2	user:cwr
MANEGE	Arena im Zirkus	klassisch	de	2	user:cwr
NOT	arge Lage	klassisch	de	2	user:cwr
UNMUT	Ärger	klassisch	de	2	user:cwr
NAIV	Arglos	klassisch	de	2	user:cwr
CABALETTA	Arienform i. d. ital. Oper	klassisch	de	2	user:cwr
ADEL	Aristokratie	klassisch	de	2	user:cwr
RENTIER	arktische Hirschart	klassisch	de	2	user:cwr
INUIT	arktische Völkergruppe	klassisch	de	2	user:cwr
ALK	Arktisvogel	klassisch	de	2	user:cwr
NVA	Armee der eh. DDR (Abk.)	klassisch	de	2	user:cwr
ELLE	Armknochen	klassisch	de	2	user:cwr
ERA	Arno-Zufluss (Italien)	klassisch	de	2	user:cwr
TEE	aromatisches Getränk	klassisch	de	2	user:cwr
SORTE	Art	klassisch	de	2	user:cwr
SORTE	Art, Gattung	klassisch	de	2	user:cwr
WEISE	Art und …	klassisch	de	2	user:cwr
ENDURO	Art von Motorrad	klassisch	de	2	user:cwr
WARE	Artikel	klassisch	de	2	user:cwr
IM	Artikelverschmelzung	klassisch	de	2	user:cwr
REDEN	artikulieren	klassisch	de	2	user:cwr
GRANATE	Artilleriegeschoss	klassisch	de	2	user:cwr
DRAGEES	Arzneipillen	klassisch	de	2	user:cwr
REZEPT	Arzneiverordnung	klassisch	de	2	user:cwr
MEDIZINER	Arzt	klassisch	de	2	user:cwr
VISITE	Arztbesuch am Bett	klassisch	de	2	user:cwr
DR	Arzttitel (Abk.)	klassisch	de	2	user:cwr
URNE	Aschengefäß	klassisch	de	2	user:cwr
GRAU	Aschfarben	klassisch	de	2	user:cwr
WA	asiat. Bergvolk	klassisch	de	2	user:cwr
SRI	asiat. Inselstaat (... Lanka)	klassisch	de	2	user:cwr
KARATE	asiatische Kampfsportart	klassisch	de	2	user:cwr
YAK	asiatischer Grunzochse	klassisch	de	2	user:cwr
YETI	asiatischer ‚Schneemensch‘	klassisch	de	2	user:cwr
INDIEN	asiatischer Subkontinent	klassisch	de	2	user:cwr
ARNI	asiatischer Wasserbüffel	klassisch	de	2	user:cwr
ZEBU	asiatisches Buckelrind	klassisch	de	2	user:cwr
TEEREN	asphaltieren	klassisch	de	2	user:cwr
SUELZE	Aspik	klassisch	de	2	user:cwr
SENI	Astrologe Wallensteins	klassisch	de	2	user:cwr
PARSEC	astronom. Längeneinheit (pc)	klassisch	de	2	user:cwr
GEAEST	Astwerk	klassisch	de	2	user:cwr
ODEM	Atemhauch	klassisch	de	2	user:cwr
KIEME	Atemorgan der Fische	klassisch	de	2	user:cwr
NATO	Atlantikpakt (Afk.)	klassisch	de	2	user:cwr
FLAIR	Atmosphäre	klassisch	de	2	user:cwr
ISOTOP	Atomabart	klassisch	de	2	user:cwr
ANSCHLAG	Attentat	klassisch	de	2	user:cwr
DUMMY	Attrappe (Eng.)	klassisch	de	2	user:cwr
KALI	Ätzsalz	klassisch	de	2	user:cwr
SOGAR	auch, überdies	klassisch	de	2	user:cwr
UR	Auerochse	klassisch	de	2	user:cwr
TONAL	auf den Grundton bezogen	klassisch	de	2	user:cwr
FORMAL	auf die Form bezogen	klassisch	de	2	user:cwr
SO	auf diese Weise	klassisch	de	2	user:cwr
ZEIGEN	auf etwas deuten	klassisch	de	2	user:cwr
TROMMELN	Auf Felle schlagen	klassisch	de	2	user:cwr
POLAR	auf Pole bezogen	klassisch	de	2	user:cwr
MONTAGE	Aufbau, Zusammenbau	klassisch	de	2	user:cwr
MURREN	aufbegehren	klassisch	de	2	user:cwr
PST	Aufforderung zur Ruhe	klassisch	de	2	user:cwr
ALLE	aufgebraucht, zu Ende gegangen	klassisch	de	2	user:cwr
FLANELL	aufgerautes dickes Gewebe	klassisch	de	2	user:cwr
STAPEL	aufgeschichteter Haufen	klassisch	de	2	user:cwr
THESE	aufgestellter Leitsatz	klassisch	de	2	user:cwr
MOB	aufgewiegelte Volksmenge	klassisch	de	2	user:cwr
TEE	Aufgussgetränk	klassisch	de	2	user:cwr
STAPELN	aufhäufen	klassisch	de	2	user:cwr
WACHSAM	aufmerksam, konzentriert	klassisch	de	2	user:cwr
TAKE	Aufnahme (Eng.)	klassisch	de	2	user:cwr
ACHTHABEN	aufpassen	klassisch	de	2	user:cwr
BLASEBALG	Aufpumpvorrichtung	klassisch	de	2	user:cwr
SCHEMA	Aufriss, Entwurf	klassisch	de	2	user:cwr
APPELL	Aufruf, Aufforderung	klassisch	de	2	user:cwr
ASS	Aufschlagpunkt im Tennis	klassisch	de	2	user:cwr
BREAK	Aufschlagverlust b. Tennis	klassisch	de	2	user:cwr
NOTIEREN	aufschreiben	klassisch	de	2	user:cwr
BEWACHER	Aufseher	klassisch	de	2	user:cwr
INTRO	Auftakt (Eng.)	klassisch	de	2	user:cwr
BEFEHL	Auftrag	klassisch	de	2	user:cwr
KLIENT	Auftraggeber eines Anwalts	klassisch	de	2	user:cwr
HINAUF	aufwärts	klassisch	de	2	user:cwr
LIFT	Aufzug	klassisch	de	2	user:cwr
LID	Augendeckel	klassisch	de	2	user:cwr
LID	‚Augendeckel‘	klassisch	de	2	user:cwr
TRAENE	Augenflüssigkeit	klassisch	de	2	user:cwr
BRILLE	Augengläser	klassisch	de	2	user:cwr
LID	Augenschließfalte	klassisch	de	2	user:cwr
HOC	aus dem Stegreif (latein.: ad ...)	klassisch	de	2	user:cwr
INNIG	aus tiefem Herzen	klassisch	de	2	user:cwr
LEHRER	Ausbilder, Pädagoge	klassisch	de	2	user:cwr
LEIHEN	ausborgen	klassisch	de	2	user:cwr
HERD	Ausbreitungspunkt	klassisch	de	2	user:cwr
WEITE	Ausdehnung	klassisch	de	2	user:cwr
RE	Ausdruck beim Skatspiel	klassisch	de	2	user:cwr
OHO	Ausdruck d. Überraschung	klassisch	de	2	user:cwr
OCH	Ausdruck des Bedauerns	klassisch	de	2	user:cwr
SCHADE	Ausdruck des Bedauerns	klassisch	de	2	user:cwr
TUN	ausführen, verrichten	klassisch	de	2	user:cwr
TUN	Ausführung einer Handlung	klassisch	de	2	user:cwr
EMISSION	Ausgabe von Wertpapieren	klassisch	de	2	user:cwr
FEUERHERD	Ausgangsstelle eines Brandes	klassisch	de	2	user:cwr
BELEGT	ausgebucht	klassisch	de	2	user:cwr
AUFGEBOT	ausgehängte Heiratsanzeige	klassisch	de	2	user:cwr
TOLLEN	ausgelassen spielen (Kinder)	klassisch	de	2	user:cwr
GRIEBE	ausgelassener Speckwürfel	klassisch	de	2	user:cwr
MOA	ausgest. Riesenlaufvogel	klassisch	de	2	user:cwr
PRIMA	Ausgezeichnet	klassisch	de	2	user:cwr
FAMOS	ausgezeichnet, großartig	klassisch	de	2	user:cwr
INFO	Auskunft	klassisch	de	2	user:cwr
ANGABE	Auskunft	klassisch	de	2	user:cwr
INFO	Auskunft (Afk.)	klassisch	de	2	user:cwr
INFO	Auskunft (Kw.)	klassisch	de	2	user:cwr
DEUTUNG	Auslegung	klassisch	de	2	user:cwr
ELITE	Auslese	klassisch	de	2	user:cwr
ELITE	Auslese der Besten	klassisch	de	2	user:cwr
ABGAS	Auspuffausstoß	klassisch	de	2	user:cwr
GAR	ausreichend gekocht	klassisch	de	2	user:cwr
RITT	Ausritt	klassisch	de	2	user:cwr
ACH	Ausruf	klassisch	de	2	user:cwr
OH	Ausruf	klassisch	de	2	user:cwr
HEI	Ausruf ausgelassener Freude	klassisch	de	2	user:cwr
BRR	Ausruf bei Kälte	klassisch	de	2	user:cwr
DAUS	Ausruf d. Erstaunens (ei der …)	klassisch	de	2	user:cwr
NANU	Ausruf der Verwunderung	klassisch	de	2	user:cwr
AH	Ausruf der Verwunderung	klassisch	de	2	user:cwr
PFUI	Ausruf des Ekels	klassisch	de	2	user:cwr
IGITT	Ausruf des Ekels	klassisch	de	2	user:cwr
AHA	Ausruf des Erstaunens	klassisch	de	2	user:cwr
AU	Ausruf des Schmerzes	klassisch	de	2	user:cwr
AUA	Ausruf des Schmerzes	klassisch	de	2	user:cwr
UPS	Ausruf: Hoppla!	klassisch	de	2	user:cwr
NU	Ausruf im Norden	klassisch	de	2	user:cwr
EIAPOPEIA	Ausruf in Wiegenliedern	klassisch	de	2	user:cwr
PST	Ausruf: leise!	klassisch	de	2	user:cwr
LEPRA	Aussatz	klassisch	de	2	user:cwr
SPAEHEN	Ausschau halten	klassisch	de	2	user:cwr
NUR	ausschließlich	klassisch	de	2	user:cwr
STANZE	Ausschneidewerkzeug	klassisch	de	2	user:cwr
FERNER	außerdem	klassisch	de	2	user:cwr
FIGUR	äußere Gestalt	klassisch	de	2	user:cwr
PHOEBE	äußerer Mond des Saturn	klassisch	de	2	user:cwr
RABIAT	äußerst grob, gewalttätig	klassisch	de	2	user:cwr
SCHEU	äußerst zurückhaltend	klassisch	de	2	user:cwr
NGO	Außerstaatl. Org. (Afk.)	klassisch	de	2	user:cwr
NOT	äußerste Armut	klassisch	de	2	user:cwr
LIMIT	äußerste Grenze	klassisch	de	2	user:cwr
PANORAMA	Aussicht	klassisch	de	2	user:cwr
DUESE	Ausspritzmundstück	klassisch	de	2	user:cwr
OUTFIT	Ausstattung, Kleidung	klassisch	de	2	user:cwr
AURA	Ausstrahlung	klassisch	de	2	user:cwr
ACDC	austral. Hardrockband	klassisch	de	2	user:cwr
EMU	austral. Laufvogel	klassisch	de	2	user:cwr
SALE	Ausverkauf (Eng.)	klassisch	de	2	user:cwr
SELEKTION	Auswahl	klassisch	de	2	user:cwr
HORN	Auswuchs am Tierkopf	klassisch	de	2	user:cwr
ORDEN	Auszeichnung	klassisch	de	2	user:cwr
ECHT	authentisch	klassisch	de	2	user:cwr
KFZ	Auto (Afk.)	klassisch	de	2	user:cwr
CAR	Auto (Eng.)	klassisch	de	2	user:cwr
MOTEL	Autohotel	klassisch	de	2	user:cwr
ALFA	Automarke aus Turin	klassisch	de	2	user:cwr
KFZ	Automobil (Abk.)	klassisch	de	2	user:cwr
THOMAS	Autor (... Bernhard, † 1989)	klassisch	de	2	user:cwr
COELHO	Autor des Bestsellers 'Der Alchimist'	klassisch	de	2	user:cwr
ORWELL	Autor v. ‚1984‘	klassisch	de	2	user:cwr
MANN	Autor v. ‚Professor Unrat‘	klassisch	de	2	user:cwr
ORWELL	Autor von ‚1984‘	klassisch	de	2	user:cwr
ANET	Autor von ‚Ariane‘ † 1931	klassisch	de	2	user:cwr
ECO	Autor von ‚Der Name der Rose‘ †	klassisch	de	2	user:cwr
NABOKOV	Autor von 'Lolita' (Vladimir, † 1977)	klassisch	de	2	user:cwr
RINDT	Autorennfahrer (Jochen, † 1970)	klassisch	de	2	user:cwr
ROWLING	Autorin von Harry Potter	klassisch	de	2	user:cwr
GARAGEN	Autounterstellplätze	klassisch	de	2	user:cwr
BREIE	Babykost (Mz.)	klassisch	de	2	user:cwr
EA	babylon. Gottheit	klassisch	de	2	user:cwr
RASSEL	Babyspielzeug	klassisch	de	2	user:cwr
HEFE	Backpilz	klassisch	de	2	user:cwr
OFEN	Backstelle	klassisch	de	2	user:cwr
HEFE	Backtreibmittel	klassisch	de	2	user:cwr
GERM	Backtreibmittel mundart.	klassisch	de	2	user:cwr
WINDBEUTEL	Backware	klassisch	de	2	user:cwr
SEMMELN	Backware (Mz.)	klassisch	de	2	user:cwr
BROT	Backwerk	klassisch	de	2	user:cwr
MEHL	Backzutat	klassisch	de	2	user:cwr
BASSIN	Badegefäß	klassisch	de	2	user:cwr
BIKINI	Badekleidung	klassisch	de	2	user:cwr
STRAND	Badeufer	klassisch	de	2	user:cwr
LAPPALIE	Bagatelle	klassisch	de	2	user:cwr
CAT	Bahama-Insel	klassisch	de	2	user:cwr
ANDROS	Bahama-Insel	klassisch	de	2	user:cwr
BAYER	Bajuware	klassisch	de	2	user:cwr
LOGE	Balkonabteil	klassisch	de	2	user:cwr
GERANIE	Balkonpflanze	klassisch	de	2	user:cwr
EFFET	Balldrehung	klassisch	de	2	user:cwr
TUTU	Ballettrock	klassisch	de	2	user:cwr
BALLERINA	Balletttänzerin	klassisch	de	2	user:cwr
KNOEDEL	ballig geformte Speise	klassisch	de	2	user:cwr
LETTE	Balte	klassisch	de	2	user:cwr
ESTE	Balte	klassisch	de	2	user:cwr
OSTSEE	Baltisches Meer	klassisch	de	2	user:cwr
GUERILLA	Banden-, Kleinkrieg (span.)	klassisch	de	2	user:cwr
ZUEGELN	bändigen	klassisch	de	2	user:cwr
ILA	Bantuvolk in Sambia	klassisch	de	2	user:cwr
PRANKE	Bärenpfote	klassisch	de	2	user:cwr
SEAL	Bärenrobbenfell	klassisch	de	2	user:cwr
CASH	Bargeld (Eng.)	klassisch	de	2	user:cwr
RASIERER	Bartschergerät	klassisch	de	2	user:cwr
BARETT	Baskenmütze	klassisch	de	2	user:cwr
TYP	Bauart	klassisch	de	2	user:cwr
LANDWIRT	Bauer	klassisch	de	2	user:cwr
ANERBE	bäuerl. Alleinerbe	klassisch	de	2	user:cwr
GUT	bäuerliches Anwesen	klassisch	de	2	user:cwr
RAUPEN	Baufahrzeuge	klassisch	de	2	user:cwr
MORSCH	baufällig, faul	klassisch	de	2	user:cwr
OBI	Baumarkt	klassisch	de	2	user:cwr
OBI	Baumarktkette	klassisch	de	2	user:cwr
LLANO	baumarme Ebene in den Tropen	klassisch	de	2	user:cwr
LAUB	Baumblätter	klassisch	de	2	user:cwr
LAUB	Baumblattwerk	klassisch	de	2	user:cwr
APFEL	Baumfrucht	klassisch	de	2	user:cwr
ALLEE	Baumgesäumte Straße	klassisch	de	2	user:cwr
STUMP	Baumstumpf (Eng.)	klassisch	de	2	user:cwr
ATOM	Baustein der Materie	klassisch	de	2	user:cwr
KIES	Baustoff	klassisch	de	2	user:cwr
ZEMENT	Baustoff	klassisch	de	2	user:cwr
POLIER	Bauvorarbeiter	klassisch	de	2	user:cwr
STIL	Bauweise, Kunstrichtung	klassisch	de	2	user:cwr
DOM	Bauwerk in Köln	klassisch	de	2	user:cwr
ACHE	bay. Fluss	klassisch	de	2	user:cwr
BUA	bay.: Junge, Bursche	klassisch	de	2	user:cwr
NA	bay.: nein	klassisch	de	2	user:cwr
PASSAU	bay. Stadt an der Donau	klassisch	de	2	user:cwr
LINDAU	bayer. Stadt am Bodensee	klassisch	de	2	user:cwr
FREISTAAT	Bayern, Sachsen	klassisch	de	2	user:cwr
MASS	bay.österr.: 1l Bier	klassisch	de	2	user:cwr
RODEL	bayr. f. Schlitten	klassisch	de	2	user:cwr
ASAM	bayr. Künstlerfamilie	klassisch	de	2	user:cwr
SAKRA	bayr.: verdammt!	klassisch	de	2	user:cwr
IMP	bayrisch: Biene	klassisch	de	2	user:cwr
KRAXELN	bayrisch: klettern	klassisch	de	2	user:cwr
NA	bayrisch: nein	klassisch	de	2	user:cwr
OBERS	bayrisch: Sahne	klassisch	de	2	user:cwr
GEWOLLT	beabsichtigt	klassisch	de	2	user:cwr
AMTSRAT	Beamtentitel	klassisch	de	2	user:cwr
REUE	Bedauern	klassisch	de	2	user:cwr
RELEVANT	bedeutsam, wichtig	klassisch	de	2	user:cwr
WERT	Bedeutung	klassisch	de	2	user:cwr
KONDITION	Bedingung	klassisch	de	2	user:cwr
NOT	Bedrängnis	klassisch	de	2	user:cwr
NOETE	Bedrängnisse	klassisch	de	2	user:cwr
DOWN	bedrückt, niedergeschlagen (ugs.)	klassisch	de	2	user:cwr
ARM	Bedürftig	klassisch	de	2	user:cwr
ARME	Bedürftige	klassisch	de	2	user:cwr
ENGE	Beengtheit	klassisch	de	2	user:cwr
UNFREI	befangen, gehemmt	klassisch	de	2	user:cwr
ORDER	Befehl, Auftrag	klassisch	de	2	user:cwr
SEI	Befehlsform von sein	klassisch	de	2	user:cwr
ERLOEST	befreit, errettet	klassisch	de	2	user:cwr
GIRANT	Begeber eines Wechsels	klassisch	de	2	user:cwr
FAN	begeisterter Anhänger	klassisch	de	2	user:cwr
TESTAT	Beglaubigung	klassisch	de	2	user:cwr
NOTARIAT	Beglaubigungsbüro	klassisch	de	2	user:cwr
ESKORTE	Begleitmannschaft	klassisch	de	2	user:cwr
BEERDIGT	begraben, bestattet	klassisch	de	2	user:cwr
TERM	Begriff	klassisch	de	2	user:cwr
TRAEGE	behäbig, langsam	klassisch	de	2	user:cwr
CASTOR	Behälter für radioaktives Material	klassisch	de	2	user:cwr
TOPF	Behälter, Gefäß	klassisch	de	2	user:cwr
ETUI	Behälter, Hülle	klassisch	de	2	user:cwr
ETUI	Behältnis für Zigaretten	klassisch	de	2	user:cwr
THESE	Behauptung	klassisch	de	2	user:cwr
ERSATZ	Behelfsstück	klassisch	de	2	user:cwr
AMT	Behörde	klassisch	de	2	user:cwr
AMTS	behördlich (von ... wegen)	klassisch	de	2	user:cwr
BRAVOS	Beifallsrufe	klassisch	de	2	user:cwr
SENF	Beigabe zur Bockwurst	klassisch	de	2	user:cwr
AXT	Beil	klassisch	de	2	user:cwr
ERWAEHNEN	beiläufig nennen	klassisch	de	2	user:cwr
ANBEI	beiliegend	klassisch	de	2	user:cwr
ANBEI	beiliegend, in der Anlage	klassisch	de	2	user:cwr
IKE	Beiname Eisenhowers	klassisch	de	2	user:cwr
KNIE	Beingelenk	klassisch	de	2	user:cwr
LAST	Belastung	klassisch	de	2	user:cwr
PERSONAL	Belegschaft	klassisch	de	2	user:cwr
LAMPE	Beleuchtungskörper	klassisch	de	2	user:cwr
SPA	belg. Ardennenheilbad	klassisch	de	2	user:cwr
SPA	belg. Badeort	klassisch	de	2	user:cwr
ENSOR	belg. Maler †1949	klassisch	de	2	user:cwr
OSTENDE	belg. Seebad	klassisch	de	2	user:cwr
NAH	benachbart, nicht weit	klassisch	de	2	user:cwr
NAMEN	Benennungen, Bezeichnungen	klassisch	de	2	user:cwr
TANK	Benzinbehälter im Auto	klassisch	de	2	user:cwr
ERDOEL	Benzinrohstoff	klassisch	de	2	user:cwr
SESSEL	bequemes Sitzmöbel	klassisch	de	2	user:cwr
SEKTOR	Bereich, Gebietsteil	klassisch	de	2	user:cwr
ESSECKE	Bereich mancher Wohnungen	klassisch	de	2	user:cwr
GLEISE	Bereiche des Bahnhofs	klassisch	de	2	user:cwr
GERNE	bereitwillig	klassisch	de	2	user:cwr
ISEL	Berg bei Innsbruck	klassisch	de	2	user:cwr
ELM	Berg im Toten Gebirge (Stmk.)	klassisch	de	2	user:cwr
ULU	Berg in d. Türkei (... Dag)	klassisch	de	2	user:cwr
ENGTAL	Bergeinschnitt	klassisch	de	2	user:cwr
GRAT	Bergkamm	klassisch	de	2	user:cwr
PIK	Bergspitze	klassisch	de	2	user:cwr
ERR	Bergstock bei Sankt Moritz	klassisch	de	2	user:cwr
ERR	Bergstock der Albula-Alpen	klassisch	de	2	user:cwr
MEO	Bergvolk im Süden Chinas	klassisch	de	2	user:cwr
KHA	Bergvölker in Laos	klassisch	de	2	user:cwr
ALM	Bergweide	klassisch	de	2	user:cwr
REPORT	Bericht, Mitteilung	klassisch	de	2	user:cwr
STAMPE	berlin.: Kneipe	klassisch	de	2	user:cwr
ATZE	berlin.: Kumpel, Bruder, Freund	klassisch	de	2	user:cwr
BFC	Berliner Fußballverein (... Dynamo)	klassisch	de	2	user:cwr
JOB	Beruf	klassisch	de	2	user:cwr
ARBEIT	berufliche Tätigkeit	klassisch	de	2	user:cwr
LEHRE	Berufsausbildung	klassisch	de	2	user:cwr
INNUNG	Berufsverband	klassisch	de	2	user:cwr
NAMHAFT	berühmt	klassisch	de	2	user:cwr
OETZI	berühmte Gletschermumie (ugs.)	klassisch	de	2	user:cwr
STAR	Berühmtheit	klassisch	de	2	user:cwr
TANGENTE	Berührgerade	klassisch	de	2	user:cwr
CREW	Besatzung	klassisch	de	2	user:cwr
CREW	Besatzung (Eng.)	klassisch	de	2	user:cwr
RISS	Beschädigung	klassisch	de	2	user:cwr
JOB	Beschäftigung, Beruf	klassisch	de	2	user:cwr
TESTAT	Bescheinigung	klassisch	de	2	user:cwr
TESTAT	Bescheinigung, Beglaubigung	klassisch	de	2	user:cwr
BELAG	Beschichtung	klassisch	de	2	user:cwr
RAT	beschließende Körperschaft	klassisch	de	2	user:cwr
PERGAMENT	beschriebenes Leder	klassisch	de	2	user:cwr
ABTRAG	Beseitigung von Erdreich	klassisch	de	2	user:cwr
MANIE	Besessenheit	klassisch	de	2	user:cwr
GUT	Besitz	klassisch	de	2	user:cwr
HABE	Besitz	klassisch	de	2	user:cwr
HABE	Besitz, Eigentum	klassisch	de	2	user:cwr
IHRE	besitzanzeig. Fürwort	klassisch	de	2	user:cwr
EURE	besitzanzeigendes Fürwort	klassisch	de	2	user:cwr
HAB	Besitze!	klassisch	de	2	user:cwr
EIGNER	Besitzer	klassisch	de	2	user:cwr
GABE	besondere Anlage, Talent	klassisch	de	2	user:cwr
GENIE	besondere Geistesgröße	klassisch	de	2	user:cwr
EHRENGAST	besonderer Besucher	klassisch	de	2	user:cwr
NIMBUS	besonderes Ansehen	klassisch	de	2	user:cwr
DAS	best. Artikel	klassisch	de	2	user:cwr
DEM	best. Artikel (3. Fall)	klassisch	de	2	user:cwr
IST	Bestand (Rech nungs wesen)	klassisch	de	2	user:cwr
SARG	Bestattungsbehältnis	klassisch	de	2	user:cwr
EINSER	beste Schulnote (ugs.)	klassisch	de	2	user:cwr
ORDER	Bestellung	klassisch	de	2	user:cwr
GEN	bestimmender Erbfaktor	klassisch	de	2	user:cwr
DER	bestimmter Artikel	klassisch	de	2	user:cwr
DES	bestimmter Artikel (2. Fall)	klassisch	de	2	user:cwr
DEM	bestimmter Artikel (3. Fall)	klassisch	de	2	user:cwr
DEN	bestimmter Artikel (4. Fall)	klassisch	de	2	user:cwr
DIE	bestimmter Artikel (weibl.)	klassisch	de	2	user:cwr
STELLE	bestimmter Ort	klassisch	de	2	user:cwr
ZWECK	Bestimmung	klassisch	de	2	user:cwr
REKORD	Bestleistung	klassisch	de	2	user:cwr
MARC	Bestsellerautor (... Elsberg)	klassisch	de	2	user:cwr
GAST	Besucher	klassisch	de	2	user:cwr
ALT	betagt	klassisch	de	2	user:cwr
TUN	Betätigung	klassisch	de	2	user:cwr
BENOMMEN	betäubt	klassisch	de	2	user:cwr
AKUT	Betonungszeichen	klassisch	de	2	user:cwr
BRUTTO	Betrag vor Abzug	klassisch	de	2	user:cwr
PFLEGER	Betreuer	klassisch	de	2	user:cwr
ORDNER	Betreuer im Stadion	klassisch	de	2	user:cwr
REGE	betriebsam	klassisch	de	2	user:cwr
SACK	Beutel	klassisch	de	2	user:cwr
DELEGAT	Bevollmächtigter	klassisch	de	2	user:cwr
EHE	bevor	klassisch	de	2	user:cwr
STEIRER	Bew. e. österr. Bundeslandes	klassisch	de	2	user:cwr
ERPROBT	bewährt, getestet	klassisch	de	2	user:cwr
MEISTERN	bewältigen	klassisch	de	2	user:cwr
MOBIL	beweglich	klassisch	de	2	user:cwr
TANZ	Bewegung zur Musik	klassisch	de	2	user:cwr
MOTORIK	Bewegungsvorgänge im Körper	klassisch	de	2	user:cwr
BELEG	Beweis	klassisch	de	2	user:cwr
ALIBIS	Beweise der Abwesenheit	klassisch	de	2	user:cwr
IRE	Bewohner der ‚Grünen Insel‘	klassisch	de	2	user:cwr
MANX	Bewohner der Isle of Man	klassisch	de	2	user:cwr
ITALER	Bewohner des antiken Italiens	klassisch	de	2	user:cwr
ESTE	Bewohner des Baltikums	klassisch	de	2	user:cwr
NILOTE	Bewohner des Obernilgebiets	klassisch	de	2	user:cwr
ASIAT	Bewohner eines Erdteils	klassisch	de	2	user:cwr
KORSE	Bewohner Korsikas	klassisch	de	2	user:cwr
MONEGASSE	Bewohner Monacos	klassisch	de	2	user:cwr
CHARME	bezaubernde Anmut	klassisch	de	2	user:cwr
TITEL	Bezeichnung	klassisch	de	2	user:cwr
NAME	Bezeichnung	klassisch	de	2	user:cwr
PETRUS	Bezeichnung des Apostels Simon	klassisch	de	2	user:cwr
ANREDE	Bezeichnung, Titulierung	klassisch	de	2	user:cwr
REGION	Bezirk	klassisch	de	2	user:cwr
AKI	Bezirk von Hiroshima	klassisch	de	2	user:cwr
AT	Bibelteil	klassisch	de	2	user:cwr
ABRAHAM	bibl. Gestalt	klassisch	de	2	user:cwr
GOG	bibl. König von Magog	klassisch	de	2	user:cwr
ENDOR	bibl. Ort	klassisch	de	2	user:cwr
ADAM	biblisch. Stammvater	klassisch	de	2	user:cwr
JERICHO	biblische Stadt (Trom peten)	klassisch	de	2	user:cwr
EVA	biblische Urmutter	klassisch	de	2	user:cwr
ELA	biblischer König	klassisch	de	2	user:cwr
ELI	biblischer Priester	klassisch	de	2	user:cwr
AMOS	biblischer Prophet	klassisch	de	2	user:cwr
ELIAS	biblischer Prophet	klassisch	de	2	user:cwr
ENAK	biblischer Riese (A.T.)	klassisch	de	2	user:cwr
KOR	biblisches Hohlmaß	klassisch	de	2	user:cwr
SAMARITER	biblisches Volk	klassisch	de	2	user:cwr
IMME	Biene	klassisch	de	2	user:cwr
NOSEMA	Bienenkrankheit	klassisch	de	2	user:cwr
BIEN	Bienenvolk	klassisch	de	2	user:cwr
WABE	Bienenzelle	klassisch	de	2	user:cwr
IMKER	Bienenzüchter	klassisch	de	2	user:cwr
BRAUER	Bierhersteller	klassisch	de	2	user:cwr
PILS	Biersorte	klassisch	de	2	user:cwr
KAMERA	Bildaufnahmegerät	klassisch	de	2	user:cwr
KUNST	Bildende Werke	klassisch	de	2	user:cwr
COMIC	Bildergeschichte	klassisch	de	2	user:cwr
COMIC	Bildgeschichte	klassisch	de	2	user:cwr
NIVEAU	Bildungsstand	klassisch	de	2	user:cwr
AKADEMIE	Bildungsstätte	klassisch	de	2	user:cwr
SKULPTUR	Bildwerk	klassisch	de	2	user:cwr
TERA	Billionenfaches e. Einheit	klassisch	de	2	user:cwr
DENN	Bindewort	klassisch	de	2	user:cwr
UND	Bindewort	klassisch	de	2	user:cwr
OB	Bindewort	klassisch	de	2	user:cwr
SOWIE	Bindewort	klassisch	de	2	user:cwr
SEE	Binnengewässer	klassisch	de	2	user:cwr
SEE	Binnensee	klassisch	de	2	user:cwr
FERNGLAS	Binokular	klassisch	de	2	user:cwr
ENZYM	Biokatalysator	klassisch	de	2	user:cwr
BIO	Biologisch (Afk.)	klassisch	de	2	user:cwr
ERLE	Birkengewächs	klassisch	de	2	user:cwr
DOM	bischöfl. Hauptkirche	klassisch	de	2	user:cwr
NIS	Bischofsstadt in Serbien	klassisch	de	2	user:cwr
BI	bisexuell (Afk.)	klassisch	de	2	user:cwr
ALDENTE	bissfest (Nudeln)	klassisch	de	2	user:cwr
ANGOSTURA	Bitterlikör	klassisch	de	2	user:cwr
PUSTEN	blasen	klassisch	de	2	user:cwr
OBOE	Blasinstrument	klassisch	de	2	user:cwr
TROMPETE	Blasinstrument	klassisch	de	2	user:cwr
ROSA	blassroter Farbton	klassisch	de	2	user:cwr
SPINAT	Blattgemüse	klassisch	de	2	user:cwr
VERSO	Blattrückseite	klassisch	de	2	user:cwr
ADLIG	‚blaublütig‘	klassisch	de	2	user:cwr
AZUR	blaue Farbe des Himmels	klassisch	de	2	user:cwr
INDIGO	blauer Naturfarbstoff	klassisch	de	2	user:cwr
ROTKOHL	Blaukraut	klassisch	de	2	user:cwr
AZUR	Blauton	klassisch	de	2	user:cwr
TUBA	Blechbass	klassisch	de	2	user:cwr
TUBA	Blechblasinstrument	klassisch	de	2	user:cwr
OBDACH	Bleibe	klassisch	de	2	user:cwr
GLAMOUR	Blendwerk	klassisch	de	2	user:cwr
RAGE	blinde heftige Wut	klassisch	de	2	user:cwr
NUR	bloß	klassisch	de	2	user:cwr
MAGNOLIE	Blühpflanze (Baum)	klassisch	de	2	user:cwr
NELKE	Blume	klassisch	de	2	user:cwr
RABATTE	Blumenbeet	klassisch	de	2	user:cwr
IKEBANA	Blumensteckkunst	klassisch	de	2	user:cwr
VENE	Blutader	klassisch	de	2	user:cwr
ALGE	blütenlose Wasserpflanze	klassisch	de	2	user:cwr
FLOR	Blütenpracht	klassisch	de	2	user:cwr
RISPE	Blütenstand	klassisch	de	2	user:cwr
AZALEE	Blütenzierpflanze	klassisch	de	2	user:cwr
ADER	Blutgefäß	klassisch	de	2	user:cwr
EGEL	blutsaugender Wurm	klassisch	de	2	user:cwr
STRIEME	blutunterlaufener Streifen	klassisch	de	2	user:cwr
WATT	Boden an einer Gezeitenküste	klassisch	de	2	user:cwr
AREAL	Bodenfläche	klassisch	de	2	user:cwr
ERDE	Bodenkrume	klassisch	de	2	user:cwr
HUMUS	Bodenkrume	klassisch	de	2	user:cwr
ERDE	Bodenmaterial	klassisch	de	2	user:cwr
SAND	Bodenmaterial der Sahara	klassisch	de	2	user:cwr
ARKADE	Bogen (Architekt.)	klassisch	de	2	user:cwr
POLKA	böhm. Paartanz	klassisch	de	2	user:cwr
BROSNAN	Bond-Darsteller	klassisch	de	2	user:cwr
KANU	Boot	klassisch	de	2	user:cwr
LEIHEN	borgen	klassisch	de	2	user:cwr
DISAGIO	Börsenabgeld unter dem Nennwert	klassisch	de	2	user:cwr
RUN	Börsenansturm	klassisch	de	2	user:cwr
AGIO	Börsenaufgeld	klassisch	de	2	user:cwr
AKTIE	Börsenpapier	klassisch	de	2	user:cwr
HEXE	böse Frau im Märchen	klassisch	de	2	user:cwr
ARG	böse, schlimm	klassisch	de	2	user:cwr
ALBTRAUM	böses Schlaferlebnis	klassisch	de	2	user:cwr
GARTEN	botan. Anlage am Haus	klassisch	de	2	user:cwr
GNA	Botin der nord. Göttin Frigg	klassisch	de	2	user:cwr
VAT	Bottich (Eng.)	klassisch	de	2	user:cwr
KO	Boxbegriff	klassisch	de	2	user:cwr
JAB	Boxhaken	klassisch	de	2	user:cwr
ALI	Boxlegende † (Muhammad)	klassisch	de	2	user:cwr
FEUER	Brand	klassisch	de	2	user:cwr
ASCHE	Brandrückstand	klassisch	de	2	user:cwr
WOGE	Brandungswelle	klassisch	de	2	user:cwr
GIN	Branntweinart	klassisch	de	2	user:cwr
CAIPI	brasil. Cocktail (Kw.)	klassisch	de	2	user:cwr
RIO	brasil. Hafenstadt (Kurzw.)	klassisch	de	2	user:cwr
TUPI	brasil. Ureinw.	klassisch	de	2	user:cwr
PELE	brasilianischer Fußballstar †	klassisch	de	2	user:cwr
SAMBA	Brasilianischer Tanz	klassisch	de	2	user:cwr
SAUCE	Bratenaufguss, Tunke	klassisch	de	2	user:cwr
GRILL	Bratrost	klassisch	de	2	user:cwr
SITTE	Brauch	klassisch	de	2	user:cwr
USUS	Brauch, Gewohnheit, Sitte	klassisch	de	2	user:cwr
SITTE	Brauch, Tradition	klassisch	de	2	user:cwr
NUETZLICHKEIT	Brauchbarkeit	klassisch	de	2	user:cwr
BIER	Brauereiprodukt	klassisch	de	2	user:cwr
KELP	Braunalge (Eng.)	klassisch	de	2	user:cwr
VERLOBTER	Bräutigam	klassisch	de	2	user:cwr
PAMPE	Brei	klassisch	de	2	user:cwr
MUS	Brei aus Früchten	klassisch	de	2	user:cwr
GUR	breiige Flüssigkeit	klassisch	de	2	user:cwr
STREIFEN	breite Linie als Muster	klassisch	de	2	user:cwr
WEG	breiter Fußpfad	klassisch	de	2	user:cwr
STOLA	Breiter Schal	klassisch	de	2	user:cwr
GAS	Brennstoff	klassisch	de	2	user:cwr
OELE	Brennstoffe	klassisch	de	2	user:cwr
NUT	Brettfuge	klassisch	de	2	user:cwr
HALMA	Brettspiel	klassisch	de	2	user:cwr
BETREFF	Briefthema	klassisch	de	2	user:cwr
POST	Briefverkehr	klassisch	de	2	user:cwr
MONOKEL	Brillenglas für nur ein Auge	klassisch	de	2	user:cwr
GLAS	Brillenteil	klassisch	de	2	user:cwr
GLAESER	Brillenteile	klassisch	de	2	user:cwr
ENID	brit. Autorin (... Blyton, † 1968)	klassisch	de	2	user:cwr
OLIVIER	brit. Filmstar (Laurence, † 1989)	klassisch	de	2	user:cwr
ELTON	brit. Musiker (... John)	klassisch	de	2	user:cwr
ALVIN	brit. Musiker (... Stardust, † 2014)	klassisch	de	2	user:cwr
REA	brit. Pop-Musiker (Chris)	klassisch	de	2	user:cwr
ATTLEE	brit. Premier 1945/51 (Clement)	klassisch	de	2	user:cwr
ANNE	brit. Prinzessin	klassisch	de	2	user:cwr
SMOKIE	brit. Rockband d. 1970er	klassisch	de	2	user:cwr
ELECTRIC	brit. Rockband (... Light Orchestra)	klassisch	de	2	user:cwr
GRANT	brit. Schauspieler (Hugh)	klassisch	de	2	user:cwr
BLOOM	brit. Schauspieler (Orlando)	klassisch	de	2	user:cwr
MAN	britische Insel	klassisch	de	2	user:cwr
ANNE	britische Prinzessin	klassisch	de	2	user:cwr
SOLTI	brit.ungar. Dirigent †	klassisch	de	2	user:cwr
LURE	Bronzeposaune	klassisch	de	2	user:cwr
TOASTEN	Brot rösten	klassisch	de	2	user:cwr
MUS	Brotaufstrich	klassisch	de	2	user:cwr
KORN	Brotgetreide	klassisch	de	2	user:cwr
KRUME	Brotinnere	klassisch	de	2	user:cwr
KRUME	Brotkrümel	klassisch	de	2	user:cwr
TOASTER	Brotröster	klassisch	de	2	user:cwr
STABIL	bruchfest, solide	klassisch	de	2	user:cwr
TEIL	Bruchstück	klassisch	de	2	user:cwr
RIALTO	Brücke in Venedig	klassisch	de	2	user:cwr
ABEL	Bruder von Kain	klassisch	de	2	user:cwr
ONKEL	Bruder von Vater oder Mutter	klassisch	de	2	user:cwr
SUD	Brühe	klassisch	de	2	user:cwr
BAER	Brummtier	klassisch	de	2	user:cwr
RIPPE	Brustknochen	klassisch	de	2	user:cwr
RIPPE	Brustkorbknochen	klassisch	de	2	user:cwr
ROH	brutal	klassisch	de	2	user:cwr
NEST	Brutplatz	klassisch	de	2	user:cwr
NEST	Brutstätte	klassisch	de	2	user:cwr
AMOS	Buch der Bibel	klassisch	de	2	user:cwr
ESRA	Buch des Alten Testaments	klassisch	de	2	user:cwr
CALF	Buchbinderleder	klassisch	de	2	user:cwr
EBOOKS	Bücher in elektron. Form (Kw.)	klassisch	de	2	user:cwr
LESER	Bücherfreund	klassisch	de	2	user:cwr
REGAL	Büchergestell	klassisch	de	2	user:cwr
DUODEZ	Buchformat	klassisch	de	2	user:cwr
DOSE	Büchse	klassisch	de	2	user:cwr
ESELSOHR	Buchseitenknick	klassisch	de	2	user:cwr
MU	Buchstabe My	klassisch	de	2	user:cwr
OTTO	Buchstabe O im dt. Funkalphabet	klassisch	de	2	user:cwr
BELEG	Buchungsunterlage	klassisch	de	2	user:cwr
NIO	buddh. Tempelfiguren	klassisch	de	2	user:cwr
UBU	Bühnenfigur bei Alfred Jarry	klassisch	de	2	user:cwr
LEW	bulgar. Währung	klassisch	de	2	user:cwr
LIGA	Bund, Union	klassisch	de	2	user:cwr
NRW	Bundesland	klassisch	de	2	user:cwr
UTAH	Bundesstaat der USA	klassisch	de	2	user:cwr
LIGA	Bündnis	klassisch	de	2	user:cwr
REVUE	bunte Tanzshow	klassisch	de	2	user:cwr
ORTH	Burg an der Donau	klassisch	de	2	user:cwr
MAIRE	Bürgermeister in Frankreich	klassisch	de	2	user:cwr
OFFICE	Büro (engl.)	klassisch	de	2	user:cwr
REUE	Bußbereitschaft	klassisch	de	2	user:cwr
ZENO	byzant. Kaiser	klassisch	de	2	user:cwr
IRENE	byzantinische Kaiserin † 803	klassisch	de	2	user:cwr
SUDA	byzantinisches Lexikon (10 Jh.)	klassisch	de	2	user:cwr
WIRR	chaotisch	klassisch	de	2	user:cwr
TYP	Charakter	klassisch	de	2	user:cwr
POP	Chartsound (Eng.)	klassisch	de	2	user:cwr
EMOJI	Chatpiktogramm	klassisch	de	2	user:cwr
BUSFAHRER	Chauffeur	klassisch	de	2	user:cwr
FAHRER	Chauffeur	klassisch	de	2	user:cwr
CEO	Chef (Eng.) (Afk.)	klassisch	de	2	user:cwr
NATRIUM	chem. Bestandteil von Kochsalz	klassisch	de	2	user:cwr
CER	chem. Element	klassisch	de	2	user:cwr
OSMIUM	chem. Element (Os)	klassisch	de	2	user:cwr
ICL	chem. Formel v.: Iodchlorid	klassisch	de	2	user:cwr
NAF	chem. Formel v.: Natriumfluorid	klassisch	de	2	user:cwr
ZNO	chem. Formel v.: Zinkoxid	klassisch	de	2	user:cwr
BOR	chem. Grundstoff	klassisch	de	2	user:cwr
SARIN	chem. Nervenkampfstoff	klassisch	de	2	user:cwr
ALKALI	chem. Verbindung	klassisch	de	2	user:cwr
AC	chem. Z.: Actinium	klassisch	de	2	user:cwr
BA	chem. Z.: Barium	klassisch	de	2	user:cwr
KR	chem. Z.: Krypton	klassisch	de	2	user:cwr
LA	chem. Z.: Lanthan	klassisch	de	2	user:cwr
PO	chem. Z.: Polonium	klassisch	de	2	user:cwr
TE	chem. Z.: Tellur	klassisch	de	2	user:cwr
TL	chem. Z.: Thallium	klassisch	de	2	user:cwr
XE	chem. Z.: Xenon	klassisch	de	2	user:cwr
YB	chem. Z.: Ytterbium	klassisch	de	2	user:cwr
SN	chem. Z.: Zinn	klassisch	de	2	user:cwr
AS	chem. Zeichen: Arsen	klassisch	de	2	user:cwr
CS	chem. Zeichen: Caesium	klassisch	de	2	user:cwr
CF	chem. Zeichen: Californium	klassisch	de	2	user:cwr
FE	chem. Zeichen: Eisen (Ferrum)	klassisch	de	2	user:cwr
ER	chem. Zeichen: Erbium	klassisch	de	2	user:cwr
LI	chem. Zeichen für Lithium	klassisch	de	2	user:cwr
RU	chem. Zeichen für Ruthenium	klassisch	de	2	user:cwr
AU	chem. Zeichen: Gold	klassisch	de	2	user:cwr
HE	chem. Zeichen: Helium	klassisch	de	2	user:cwr
LI	chem. Zeichen: Lithium	klassisch	de	2	user:cwr
ND	chem. Zeichen: Neodym	klassisch	de	2	user:cwr
NE	chem. Zeichen: Neon	klassisch	de	2	user:cwr
PU	chem. Zeichen: Plutonium	klassisch	de	2	user:cwr
RA	chem. Zeichen: Radium	klassisch	de	2	user:cwr
RU	chem. Zeichen: Ruthenium	klassisch	de	2	user:cwr
TH	chem. Zeichen: Thorium	klassisch	de	2	user:cwr
TI	chem. Zeichen: Titan	klassisch	de	2	user:cwr
ZR	chem. Zeichen: Zirconium	klassisch	de	2	user:cwr
ADDITIVE	chem. Zusatzstoffe	klassisch	de	2	user:cwr
BOR	chemisches Element	klassisch	de	2	user:cwr
URAN	Chemisches Element	klassisch	de	2	user:cwr
SELEN	chemisches Element	klassisch	de	2	user:cwr
XIA	chin. Dynastie (2200/1800 v. Chr.)	klassisch	de	2	user:cwr
WOK	chin. Kochtopf	klassisch	de	2	user:cwr
MAH	chin. Nationalspiel (...-Jongg)	klassisch	de	2	user:cwr
RAMIE	Chinagras	klassisch	de	2	user:cwr
HAN	chines. Dynastie	klassisch	de	2	user:cwr
MING	chines. Dynastie	klassisch	de	2	user:cwr
SAMPAN	chines. Hausboot	klassisch	de	2	user:cwr
LI	chines. Politiker (Peng)	klassisch	de	2	user:cwr
TSING	chinesische Dynastie	klassisch	de	2	user:cwr
GAGAKU	chinesische Kammermusik	klassisch	de	2	user:cwr
LI	chinesischer Politiker (Peng)	klassisch	de	2	user:cwr
NAHT	chirurg. Wundverschluss	klassisch	de	2	user:cwr
JAKOBI	christl. Gedenktag am 25. Juli	klassisch	de	2	user:cwr
KYRIE	christlicher Bittruf	klassisch	de	2	user:cwr
KREUZ	christliches Symbol	klassisch	de	2	user:cwr
ECCE	Christusdarstellung (... homo)	klassisch	de	2	user:cwr
IHS	Christusmonogramm	klassisch	de	2	user:cwr
UHR	Chronometer	klassisch	de	2	user:cwr
SMART	clever	klassisch	de	2	user:cwr
BARMIXER	Cocktailmischer	klassisch	de	2	user:cwr
VSOP	Cognac-Güte	klassisch	de	2	user:cwr
VSOP	Cognac-Güte (Abk.)	klassisch	de	2	user:cwr
SPEZI	Cola-Orangenmix	klassisch	de	2	user:cwr
LUPO	Comic-Figur von Rolf Kauka	klassisch	de	2	user:cwr
DOS	Computerbetriebssystem	klassisch	de	2	user:cwr
LAN	Computernetzwerk (Abk.)	klassisch	de	2	user:cwr
ENTER	Computertaste	klassisch	de	2	user:cwr
PCR	Coronavirentest (...-Test)	klassisch	de	2	user:cwr
MUT	Courage	klassisch	de	2	user:cwr
RODEO	Cowboyshow	klassisch	de	2	user:cwr
NOK	Dachfirst	klassisch	de	2	user:cwr
WIDER	dagegen	klassisch	de	2	user:cwr
LADY	Dame (Eng.)	klassisch	de	2	user:cwr
PAT	dän. Filmkomiker †	klassisch	de	2	user:cwr
REFN	dän. Regisseur (Anders)	klassisch	de	2	user:cwr
DAN	Dänenkönig in der Edda	klassisch	de	2	user:cwr
NIELSEN	dänische Schauspielerin (Asta) †	klassisch	de	2	user:cwr
DANN	darauf, danach	klassisch	de	2	user:cwr
AKT	Darstellung des Nackten (Kunst)	klassisch	de	2	user:cwr
ALPHABET	das ABC	klassisch	de	2	user:cwr
OSTSEE	das Baltische Meer	klassisch	de	2	user:cwr
EGO	das eigene Ich	klassisch	de	2	user:cwr
INLAND	das eigene Staatsgebiet	klassisch	de	2	user:cwr
ABRUF	das Einholen bereitgestellter Infos	klassisch	de	2	user:cwr
FLAIR	das ‚gewisse Etwas‘	klassisch	de	2	user:cwr
EGOS	das Ich (Mz.)	klassisch	de	2	user:cwr
IDEST	das ist (latein.)	klassisch	de	2	user:cwr
ORIENT	das Morgenland	klassisch	de	2	user:cwr
ENS	das Seiende (philos.)	klassisch	de	2	user:cwr
SEELE	das Unsterbliche	klassisch	de	2	user:cwr
TAO	das Wort in der chin. Philosophie	klassisch	de	2	user:cwr
JPG	Dateiendung für BildDateien	klassisch	de	2	user:cwr
MODEM	Datenübertragungsgerät	klassisch	de	2	user:cwr
MODEM	Datenwandler (Eng.)	klassisch	de	2	user:cwr
CLOUD	Datenwolke (Eng.)	klassisch	de	2	user:cwr
DEM	Dativartikel	klassisch	de	2	user:cwr
TAG	Datumseinheit	klassisch	de	2	user:cwr
ABO	Dauerbezug	klassisch	de	2	user:cwr
ABO	Dauerbezug (Kw.)	klassisch	de	2	user:cwr
KEKS	Dauergebäck	klassisch	de	2	user:cwr
STET	dauernd	klassisch	de	2	user:cwr
LIKE	Daumenhoch (Eng.)	klassisch	de	2	user:cwr
ALIAS	Deckname	klassisch	de	2	user:cwr
BELAG	Deckschicht	klassisch	de	2	user:cwr
KAPUTT	defekt, entzwei	klassisch	de	2	user:cwr
AEH	Dehnungslaut	klassisch	de	2	user:cwr
IE	Dehnungslaut	klassisch	de	2	user:cwr
TRUEFFEL	Delikatesse	klassisch	de	2	user:cwr
TORT	Delikt (Eng.)	klassisch	de	2	user:cwr
BELUGA	dem Delfin ähnlicher Weißwal	klassisch	de	2	user:cwr
ABBAU	Demontage	klassisch	de	2	user:cwr
IFO	demoskop. Institut (Abk.)	klassisch	de	2	user:cwr
LOHNEN	den Aufwand wert sein	klassisch	de	2	user:cwr
FAIR	den Sportregeln entsprechend	klassisch	de	2	user:cwr
JEANS	Denimhose (Eng.)	klassisch	de	2	user:cwr
NUS	denkende Seele (Plato)	klassisch	de	2	user:cwr
GEHIRN	Denkorgan	klassisch	de	2	user:cwr
MEMO	Denkschrift	klassisch	de	2	user:cwr
MEMOS	Denkschriften (Kw.)	klassisch	de	2	user:cwr
INTELLEKT	Denkvermögen	klassisch	de	2	user:cwr
TROTZDEM	dennoch	klassisch	de	2	user:cwr
GOTT	der Allmächtige	klassisch	de	2	user:cwr
ERDE	der Blaue Planet	klassisch	de	2	user:cwr
EHE	der Bund fürs Leben	klassisch	de	2	user:cwr
NATURNAH	der Landschaft angepasst, ökologisch	klassisch	de	2	user:cwr
ERDE	der Planet, auf dem wir leben	klassisch	de	2	user:cwr
MARS	der Rote Planet	klassisch	de	2	user:cwr
RAU	derb	klassisch	de	2	user:cwr
GROB	derb, ungehobelt	klassisch	de	2	user:cwr
SUFI	Derwisch	klassisch	de	2	user:cwr
FIASKO	Desaster	klassisch	de	2	user:cwr
UMSO	desto	klassisch	de	2	user:cwr
KLAR	Deutlich	klassisch	de	2	user:cwr
KLARHEIT	Deutlichkeit	klassisch	de	2	user:cwr
KEIT	deutsche Endsilbe	klassisch	de	2	user:cwr
ENT	deutsche Vorsilbe	klassisch	de	2	user:cwr
ER	deutsche Vorsilbe	klassisch	de	2	user:cwr
EIL	deutsche Vorsilbe: schnell	klassisch	de	2	user:cwr
OTTO	deutscher Blödelbarde	klassisch	de	2	user:cwr
ESZETT	deutscher Buchstabe	klassisch	de	2	user:cwr
HAMBURG	deutscher Stadtstaat	klassisch	de	2	user:cwr
AMISH	deutschstämmige Sekte in den USA	klassisch	de	2	user:cwr
DEZ	Dezember (Afk.)	klassisch	de	2	user:cwr
NAH	dicht	klassisch	de	2	user:cwr
ENG	dicht zusammen	klassisch	de	2	user:cwr
HECKE	dichte Strauchreihe	klassisch	de	2	user:cwr
POET	Dichter	klassisch	de	2	user:cwr
IBSEN	Dichter der 'Nora'	klassisch	de	2	user:cwr
NEBEL	Dichter Dunst	klassisch	de	2	user:cwr
FOG	dichter Nebel in England	klassisch	de	2	user:cwr
SLAM	Dichterbühne (Eng.)	klassisch	de	2	user:cwr
OSMIUM	Dichtestes Metall	klassisch	de	2	user:cwr
POESIE	Dichtkunst	klassisch	de	2	user:cwr
TEXT	Dichtung zu Musikstücken	klassisch	de	2	user:cwr
PAPPE	dickes Papier, Karton	klassisch	de	2	user:cwr
ZAEH	dickflüssig	klassisch	de	2	user:cwr
BREI	dickflüssige Masse	klassisch	de	2	user:cwr
SEIM	dickflüssiger Honigsaft	klassisch	de	2	user:cwr
NASHORN	‚Dickhäuter‘	klassisch	de	2	user:cwr
GESTRUEPP	Dickicht	klassisch	de	2	user:cwr
CREMEN	die Haut einreiben	klassisch	de	2	user:cwr
AGRAR	die Landwirtschaft betreffend	klassisch	de	2	user:cwr
NASAL	die Nase betreffend	klassisch	de	2	user:cwr
NATUR	die Schöpfung	klassisch	de	2	user:cwr
SOLAR	die Sonne betreffend	klassisch	de	2	user:cwr
DI	Dienstag (Afk.)	klassisch	de	2	user:cwr
NOTE	diplomat. Schriftstück	klassisch	de	2	user:cwr
LIVE	direktübertragen (Radio)	klassisch	de	2	user:cwr
TEILEN	dividieren	klassisch	de	2	user:cwr
URKUNDE	Dokument	klassisch	de	2	user:cwr
HTML	Dokumentenformat i. Internet (Abk.)	klassisch	de	2	user:cwr
WIEN	Donau-Metropole	klassisch	de	2	user:cwr
ENNS	Donauzufluss	klassisch	de	2	user:cwr
SCHMIDA	DonauZufluss in Niederösterreich	klassisch	de	2	user:cwr
KEBAB	Dönergericht	klassisch	de	2	user:cwr
TOPS	Doppel-20 b. Darts	klassisch	de	2	user:cwr
TENN	Doppelgipfel unweit v. Kaprun (Hoher ...)	klassisch	de	2	user:cwr
RE	Doppelkopfpartei	klassisch	de	2	user:cwr
OBOE	Doppelrohrblatt	klassisch	de	2	user:cwr
ALAUN	Doppelsalz	klassisch	de	2	user:cwr
EE	Doppelvokal	klassisch	de	2	user:cwr
ORT	Dorf	klassisch	de	2	user:cwr
ORTE	Dörfer und Kleinstädte	klassisch	de	2	user:cwr
LAND	dörfliches Gebiet	klassisch	de	2	user:cwr
AXOS	dorische Ruinenstätte auf Kreta	klassisch	de	2	user:cwr
DA	dort	klassisch	de	2	user:cwr
PORTION	Dosis, Menge	klassisch	de	2	user:cwr
AKTE	Dossier	klassisch	de	2	user:cwr
RAD	Drahtesel	klassisch	de	2	user:cwr
FUNK	drahtlose Nachrichtenübertragung	klassisch	de	2	user:cwr
EFFET	Drall des Balles	klassisch	de	2	user:cwr
MACBETH	Drama von Shakespeare	klassisch	de	2	user:cwr
TAMIL	Dravidensprache	klassisch	de	2	user:cwr
WENDEN	drehen	klassisch	de	2	user:cwr
SPIN	Drehimpuls (Eng.)	klassisch	de	2	user:cwr
POL	Drehpunkt	klassisch	de	2	user:cwr
ROTOR	Drehteil	klassisch	de	2	user:cwr
TRIO	drei Musizierende	klassisch	de	2	user:cwr
SKAT	Dreier-Kartenspiel	klassisch	de	2	user:cwr
AI	Dreifingerfaultier	klassisch	de	2	user:cwr
TRIGA	Dreigespann	klassisch	de	2	user:cwr
TRI	Dreikampf (Afk.)	klassisch	de	2	user:cwr
HAIKU	Dreizeiler aus Japan	klassisch	de	2	user:cwr
AKUT	Dringend	klassisch	de	2	user:cwr
EILIG	dringend	klassisch	de	2	user:cwr
IN	drinnen	klassisch	de	2	user:cwr
ERDE	dritter Planet	klassisch	de	2	user:cwr
CLEAN	drogenunabhängig	klassisch	de	2	user:cwr
PRINT	Druck (Eng.)	klassisch	de	2	user:cwr
PA	Druckeinheit (Afk.)	klassisch	de	2	user:cwr
PRESSEN	drücken	klassisch	de	2	user:cwr
SHIATSU	Druckmassage	klassisch	de	2	user:cwr
TREIBGAS	Druckmittel in Spraydosen	klassisch	de	2	user:cwr
ZEILE	Druckreihe	klassisch	de	2	user:cwr
TASTE	Druckschalter	klassisch	de	2	user:cwr
UMFAHREN	drumherum fahren	klassisch	de	2	user:cwr
SEKRET	Drüsenabsonderung	klassisch	de	2	user:cwr
URWALD	Dschungel	klassisch	de	2	user:cwr
DAX	dt. Aktienindex (Abk.)	klassisch	de	2	user:cwr
OPEL	dt. Automarke	klassisch	de	2	user:cwr
AVD	dt. Automobilclub (Abk.)	klassisch	de	2	user:cwr
LOEST	dt. Autor	klassisch	de	2	user:cwr
BIE	dt. Autor †	klassisch	de	2	user:cwr
MAY	dt. Autor (Karl)	klassisch	de	2	user:cwr
SEMPER	dt. Baumeister	klassisch	de	2	user:cwr
OTTO	dt. Blödelbarde	klassisch	de	2	user:cwr
FROEBE	dt. Filmstar (Gert, † 1988)	klassisch	de	2	user:cwr
FERRES	dt. Filmstar (Veronica)	klassisch	de	2	user:cwr
KLUM	dt. Fotomodell (Heidi)	klassisch	de	2	user:cwr
ARP	dt.-frz. Maler †	klassisch	de	2	user:cwr
RAHN	dt. Fußballer	klassisch	de	2	user:cwr
MUSIALA	dt. Fußballer (Jamal)	klassisch	de	2	user:cwr
GOETZE	dt. Fußballer (Mario)	klassisch	de	2	user:cwr
RB	dt. Fußballklub (... Leipzig)	klassisch	de	2	user:cwr
IG	dt. Gewerkschaft (... Metall)	klassisch	de	2	user:cwr
LENA	dt. Grand-Prix Gewinnerin	klassisch	de	2	user:cwr
LOENS	dt. Heimatdichter †	klassisch	de	2	user:cwr
RIMA	dt. Kabarettist	klassisch	de	2	user:cwr
ASTOR	dt. Kabarettist (Willy)	klassisch	de	2	user:cwr
ETT	dt. kath. Kirchenmusiker †	klassisch	de	2	user:cwr
LOLA	dt. Kinofilm (‚... rennt‘)	klassisch	de	2	user:cwr
ETT	dt. Komponist † 1847	klassisch	de	2	user:cwr
EGK	dt. Komponist † 1983	klassisch	de	2	user:cwr
AIDA	dt. Kreuzfahrtschiffsflotte	klassisch	de	2	user:cwr
DE	dt. Landeskennung im Internet	klassisch	de	2	user:cwr
RHOEN	dt. Landschaft	klassisch	de	2	user:cwr
EICH	dt. Lyriker † (Günter)	klassisch	de	2	user:cwr
DUERER	dt. Maler	klassisch	de	2	user:cwr
BEHAM	dt. Maler †1540 (Barthel)	klassisch	de	2	user:cwr
DIX	dt. Maler † (Otto)	klassisch	de	2	user:cwr
EIFEL	dt. Mittelgebirge	klassisch	de	2	user:cwr
WAAG	dt. Name der Váh	klassisch	de	2	user:cwr
TILLER	dt.-österr. Schauspielerin (Nadja)	klassisch	de	2	user:cwr
CSU	dt. Partei	klassisch	de	2	user:cwr
OHM	dt. Physiker †	klassisch	de	2	user:cwr
BRAUN	dt. Physiker †1918	klassisch	de	2	user:cwr
GRIMME	dt. Politiker † 1963 (Adolf)	klassisch	de	2	user:cwr
CDU	dt. politische Partei (Abk.)	klassisch	de	2	user:cwr
NDW	dt. Popmusik d. 1980er (Abk.)	klassisch	de	2	user:cwr
LEMBKE	dt. Quizmaster (Robert, † 1989)	klassisch	de	2	user:cwr
SIDO	dt. Rapper	klassisch	de	2	user:cwr
LUTHER	dt. Reformator	klassisch	de	2	user:cwr
TUI	dt. Reiseveranstalter (Abk.)	klassisch	de	2	user:cwr
RBB	dt. Rundfunkanstalt	klassisch	de	2	user:cwr
SR	dt. Rundfunkanstalt (Abk.)	klassisch	de	2	user:cwr
NDR	dt. Rundfunksender (Abk.)	klassisch	de	2	user:cwr
HEINO	dt. Sänger	klassisch	de	2	user:cwr
GEORGE	dt. Schauspieler (Götz) †	klassisch	de	2	user:cwr
FRANK	dt. Schauspieler (Horst)	klassisch	de	2	user:cwr
LIEFERS	dt. Schauspieler (Jan Josef)	klassisch	de	2	user:cwr
ATZORN	dt. Schauspieler (Robert)	klassisch	de	2	user:cwr
DOR	dt. Schauspielerin †	klassisch	de	2	user:cwr
SASS	dt. Schauspielerin (Katrin)	klassisch	de	2	user:cwr
LINDA	dt. Schlagersängerin (... Hesse)	klassisch	de	2	user:cwr
RAABE	dt. Schriftsteller †	klassisch	de	2	user:cwr
HAUFF	dt. Schriftsteller †1827	klassisch	de	2	user:cwr
ROSENTHAL	dt. Showmaster † (Hans)	klassisch	de	2	user:cwr
AACHEN	dt. Stadt im Dreiländereck	klassisch	de	2	user:cwr
GEROK	dt. Theologe †	klassisch	de	2	user:cwr
NTV	dt. TVNachrichtensender (Abk.)	klassisch	de	2	user:cwr
ENT	dt. Vorsilbe	klassisch	de	2	user:cwr
AYL	dt. Weinort	klassisch	de	2	user:cwr
BEUYS	dt. Zeichner u. Aktionist †	klassisch	de	2	user:cwr
AROMABAD	duftendes Wasser zum Entspannen	klassisch	de	2	user:cwr
AROMA	Duftnote	klassisch	de	2	user:cwr
BLOED	dumm	klassisch	de	2	user:cwr
NARR	Dummkopf	klassisch	de	2	user:cwr
BUMS	dumpfer Schlag (ugs.)	klassisch	de	2	user:cwr
GUANO	Dünger aus Vogelmist	klassisch	de	2	user:cwr
STRAHL	dünner Lichtstreifen	klassisch	de	2	user:cwr
CREPE	dünner Pfannkuchen	klassisch	de	2	user:cwr
FILM	dünnes Häutchen	klassisch	de	2	user:cwr
BLECH	dünnes Metall	klassisch	de	2	user:cwr
SEIL	dünnes Tau	klassisch	de	2	user:cwr
FOTOKOPIE	Duplikat	klassisch	de	2	user:cwr
LOSEN	durch Los ermitteln	klassisch	de	2	user:cwr
PER	durch, mittels	klassisch	de	2	user:cwr
ASTLOCH	Durchblick im Brett	klassisch	de	2	user:cwr
WIRR	durcheinander	klassisch	de	2	user:cwr
ERLEDIGEN	durchführen	klassisch	de	2	user:cwr
GAR	durchgekocht	klassisch	de	2	user:cwr
MITTEL	Durchschnitt	klassisch	de	2	user:cwr
GLASDACH	durchsichtige Abdeckung	klassisch	de	2	user:cwr
OESE	Durchzugsloch	klassisch	de	2	user:cwr
REISIG	dürres Zweigholz	klassisch	de	2	user:cwr
JET	Düsenflugzeug	klassisch	de	2	user:cwr
JET	Düsenflugzeug (Eng.)	klassisch	de	2	user:cwr
ALT	Düsseldorfer Bier (Kw.)	klassisch	de	2	user:cwr
KOE	Düsseldorfer Flaniermeile	klassisch	de	2	user:cwr
AGA	e. amerik. Riesenkröte	klassisch	de	2	user:cwr
MAIL	E-Post (Eng.)	klassisch	de	2	user:cwr
TIDE	Ebbe und Flut (norddt.)	klassisch	de	2	user:cwr
PLATT	Eben	klassisch	de	2	user:cwr
PLAN	eben, flach	klassisch	de	2	user:cwr
AUCH	ebenfalls	klassisch	de	2	user:cwr
DITO	ebenso	klassisch	de	2	user:cwr
HALL	Echo	klassisch	de	2	user:cwr
HALL	Echo in großen Räumen	klassisch	de	2	user:cwr
RADAR	Echoortung	klassisch	de	2	user:cwr
AGAMEN	Echsen der altweltl. Gebiete	klassisch	de	2	user:cwr
HAUER	Eckzahn des Keilers	klassisch	de	2	user:cwr
SEIDE	Edelfaser	klassisch	de	2	user:cwr
LACHS	Edelfisch	klassisch	de	2	user:cwr
NEON	Edelgas	klassisch	de	2	user:cwr
ZOBEL	Edelmarder	klassisch	de	2	user:cwr
GROSSMUT	Edelmütigkeit	klassisch	de	2	user:cwr
ZIRKON	Edelstein	klassisch	de	2	user:cwr
TOPAS	Edelstein	klassisch	de	2	user:cwr
OPAL	Edelstein	klassisch	de	2	user:cwr
SAMT	edles Florgewebe	klassisch	de	2	user:cwr
ROSS	edles Pferd	klassisch	de	2	user:cwr
BIT	EDV-Einheit	klassisch	de	2	user:cwr
ADA	EDV-Sprache	klassisch	de	2	user:cwr
BASIC	EDV-Sprache	klassisch	de	2	user:cwr
GAG	effektvoller Einfall	klassisch	de	2	user:cwr
DRALL	Effet, Drehimpuls	klassisch	de	2	user:cwr
DISL	eh. dt. Biathletin	klassisch	de	2	user:cwr
SHIRE	eh. engl. Bez. für Grafschaft	klassisch	de	2	user:cwr
PENNI	eh. finn. Münze	klassisch	de	2	user:cwr
DEUT	eh. holl. Münze	klassisch	de	2	user:cwr
LIRE	eh. italienische Währung (Mz.)	klassisch	de	2	user:cwr
CASTRO	eh. kuban. Staatschef	klassisch	de	2	user:cwr
TORR	eh. Luftdruckmaß	klassisch	de	2	user:cwr
KALIF	eh. morgenländischer Herrscher	klassisch	de	2	user:cwr
MIR	eh. Raumstation	klassisch	de	2	user:cwr
PESETA	eh. span. Währung	klassisch	de	2	user:cwr
IMI	eh. süddt. Getreidemaß	klassisch	de	2	user:cwr
LENDL	eh. Tennisspieler (Ivan)	klassisch	de	2	user:cwr
EFENDI	eh. türk. Anrede	klassisch	de	2	user:cwr
SAMPRAS	eh. US-Tennisspieler	klassisch	de	2	user:cwr
ONO	Ehefrau Lennons	klassisch	de	2	user:cwr
EVITA	ehem. argent. First Lady	klassisch	de	2	user:cwr
ANDREW	ehem. britischer Prinz (* 1960)	klassisch	de	2	user:cwr
SED	ehem. DDR-Partei (Abk.)	klassisch	de	2	user:cwr
OTTKE	ehem. dt. Boxer (Sven)	klassisch	de	2	user:cwr
SWF	ehem. dt. Radiosender	klassisch	de	2	user:cwr
BONN	ehem. dt. Regierungssitz	klassisch	de	2	user:cwr
DDR	ehem. dt. Staat	klassisch	de	2	user:cwr
PASCHA	ehem. hoher orient. Beamter	klassisch	de	2	user:cwr
LIBYEN	ehem. ital. Kolonie	klassisch	de	2	user:cwr
DDR	ehem. ostdt. Staat (Abk.)	klassisch	de	2	user:cwr
LAUDA	ehem. österr. Rennfahrer (Niki)	klassisch	de	2	user:cwr
CSSR	ehem. Staat in Europa (Abk.)	klassisch	de	2	user:cwr
AGA	ehem. türk. Offizierstitel	klassisch	de	2	user:cwr
AGASSI	ehem. US-Tennisspieler	klassisch	de	2	user:cwr
FRANC	ehem. Währung in Frankreich	klassisch	de	2	user:cwr
EX	Ehemalige/r	klassisch	de	2	user:cwr
GATTE	Ehemann	klassisch	de	2	user:cwr
BEVOR	eher, früher als	klassisch	de	2	user:cwr
CAESAR	Ehrenname der röm. Kaiser	klassisch	de	2	user:cwr
ESKORTE	Ehrenstaffel	klassisch	de	2	user:cwr
LAUTER	ehrlich	klassisch	de	2	user:cwr
EGG	Ei (Eng.)	klassisch	de	2	user:cwr
TREFF	Eichel im Kartenspiel	klassisch	de	2	user:cwr
GELEGE	Eier im Vogelnest	klassisch	de	2	user:cwr
OVAL	eiförmig	klassisch	de	2	user:cwr
EIDOTTER	Eigelb	klassisch	de	2	user:cwr
NAME	Eigenbezeichnung	klassisch	de	2	user:cwr
SOHN	eigenes männl. Kind	klassisch	de	2	user:cwr
REUEN	eigenes Tun bedauern	klassisch	de	2	user:cwr
HAUSMARKE	Eigenlabel	klassisch	de	2	user:cwr
STUR	eigensinnig	klassisch	de	2	user:cwr
STUR	eigensinnig, starrköpfig	klassisch	de	2	user:cwr
FOE	eigentlicher Name Defoes	klassisch	de	2	user:cwr
TEST	Eignungsprüfung	klassisch	de	2	user:cwr
KURIER	Eilbote	klassisch	de	2	user:cwr
HAST	Eile	klassisch	de	2	user:cwr
HASTEN	eilen	klassisch	de	2	user:cwr
HEKTAR	ein Ackermaß	klassisch	de	2	user:cwr
NUN	ein Adverb	klassisch	de	2	user:cwr
OHA	ein Ausruf	klassisch	de	2	user:cwr
BETON	ein Baustoff	klassisch	de	2	user:cwr
NT	ein Bibelteil (Abk.)	klassisch	de	2	user:cwr
ALS	ein Bindewort	klassisch	de	2	user:cwr
DESTO	ein Bindewort	klassisch	de	2	user:cwr
OB	ein Bindewort	klassisch	de	2	user:cwr
ABS	ein Bremssystem (Abk.)	klassisch	de	2	user:cwr
MAD	ein dt. Geheimdienst (Abk.)	klassisch	de	2	user:cwr
NEON	ein Edelgas	klassisch	de	2	user:cwr
SOHN	ein Familienmitglied	klassisch	de	2	user:cwr
HEKTAR	ein Flächenmaß	klassisch	de	2	user:cwr
FELCHEN	ein Forellenfisch	klassisch	de	2	user:cwr
ARSEN	ein Giftstoff	klassisch	de	2	user:cwr
WELS	ein Grundfisch	klassisch	de	2	user:cwr
BROM	ein Halogen	klassisch	de	2	user:cwr
BDI	ein Industrieverband	klassisch	de	2	user:cwr
FLIEGE	ein Insekt	klassisch	de	2	user:cwr
SKAT	ein Kartenspiel	klassisch	de	2	user:cwr
FIRMUNG	ein kath. Sakrament	klassisch	de	2	user:cwr
ORGELN	ein Kircheninstrument spielen	klassisch	de	2	user:cwr
HEMD	ein Kleidungsstück	klassisch	de	2	user:cwr
ROTEBETE	ein Knollengemüse	klassisch	de	2	user:cwr
AFRIKA	ein Kontinent	klassisch	de	2	user:cwr
BAUCH	ein Körperteil	klassisch	de	2	user:cwr
PVC	ein Kunststoff (Abk.)	klassisch	de	2	user:cwr
ALU	ein Leichtmetall	klassisch	de	2	user:cwr
AUTOKINO	ein Lichtspieltheater	klassisch	de	2	user:cwr
DET	ein Mainzelmännchen	klassisch	de	2	user:cwr
PERSER	ein Orientale	klassisch	de	2	user:cwr
EINIGE	ein paar	klassisch	de	2	user:cwr
LSD	ein Rauschgift	klassisch	de	2	user:cwr
RHEA	ein Saturnmond	klassisch	de	2	user:cwr
RTL	ein TV-Sender	klassisch	de	2	user:cwr
EWER	ein- und zweimastiges Schiff	klassisch	de	2	user:cwr
NSA	ein US-Geheimdienst	klassisch	de	2	user:cwr
AUF	ein Verhältniswort	klassisch	de	2	user:cwr
CER	ein weiches Metall	klassisch	de	2	user:cwr
STUTEN	ein Weißbrot	klassisch	de	2	user:cwr
PAZIFIK	ein Weltmeer	klassisch	de	2	user:cwr
KNARRE	ein Werkzeug	klassisch	de	2	user:cwr
UNS	einander	klassisch	de	2	user:cwr
MUMIE	einbalsamierte Leiche	klassisch	de	2	user:cwr
MUMIE	einbalsamierter Leichnam	klassisch	de	2	user:cwr
PIROGE	Einbaum	klassisch	de	2	user:cwr
ERNTE	Einbringen der Feldfrüchte	klassisch	de	2	user:cwr
IP	eindeutige Internetadresse (Abk.)	klassisch	de	2	user:cwr
PRAEGEN	eindrücken	klassisch	de	2	user:cwr
NEID	eine der 7 Todsünden	klassisch	de	2	user:cwr
TAHITI	eine der Gesellschaftsinseln	klassisch	de	2	user:cwr
EBBE	eine der Gezeiten	klassisch	de	2	user:cwr
SAL	eine der Kapverdischen Inseln	klassisch	de	2	user:cwr
URD	eine der Nornen	klassisch	de	2	user:cwr
FDH	eine Diät (ugs.)	klassisch	de	2	user:cwr
POEM	eine Dichtung	klassisch	de	2	user:cwr
GEWEHR	eine Feuerwaffe	klassisch	de	2	user:cwr
SENF	eine Gewürzpaste	klassisch	de	2	user:cwr
XL	eine Kleidergröße	klassisch	de	2	user:cwr
MIDI	eine Kleiderlänge	klassisch	de	2	user:cwr
SKAI	eine Kunstledermarke	klassisch	de	2	user:cwr
AUSTER	eine Meeresmuschel	klassisch	de	2	user:cwr
VIER	eine Quadratzahl	klassisch	de	2	user:cwr
ZUENDEN	eine Rakete starten	klassisch	de	2	user:cwr
HDUR	eine Tonart	klassisch	de	2	user:cwr
FHS	eine Uni (Abk.)	klassisch	de	2	user:cwr
ANLIEFERN	eine Warensendung zustellen	klassisch	de	2	user:cwr
ORCHIDEE	eine Zierpflanze	klassisch	de	2	user:cwr
KASPAR	einer der Heiligen Drei Könige	klassisch	de	2	user:cwr
BALTHASAR	einer der Heiligen Drei Könige	klassisch	de	2	user:cwr
HOSEA	einer der Kleinen Propheten (A.T.)	klassisch	de	2	user:cwr
EUROPA	einer der Kontinente	klassisch	de	2	user:cwr
EGAL	einerlei	klassisch	de	2	user:cwr
EDI	eines der Mainzelmännchen	klassisch	de	2	user:cwr
ECKARTSAU	eines der sechs Marchfeldschlösser	klassisch	de	2	user:cwr
FRUGAL	einfach	klassisch	de	2	user:cwr
EINBAUM	einfaches Boot	klassisch	de	2	user:cwr
KANU	einfaches Boot	klassisch	de	2	user:cwr
BAUBUDE	einfaches Holzhäuschen	klassisch	de	2	user:cwr
TOR	Einfahrt	klassisch	de	2	user:cwr
IDEE	Einfall	klassisch	de	2	user:cwr
GEDANKE	Einfall, Überlegung	klassisch	de	2	user:cwr
KREATIV	Einfallsreich	klassisch	de	2	user:cwr
UNI	einfarbig	klassisch	de	2	user:cwr
ZAUN	Einfriedung	klassisch	de	2	user:cwr
ZOLL	Einfuhrgebühr	klassisch	de	2	user:cwr
ENTREE	Einführung (franz.)	klassisch	de	2	user:cwr
ENTREE	Eingang (franz.)	klassisch	de	2	user:cwr
MAORI	Eingeborener Neuseelands	klassisch	de	2	user:cwr
GELEE	eingedickter Saft	klassisch	de	2	user:cwr
AN	eingeschaltet	klassisch	de	2	user:cwr
WH	Einheit der Energie (Abk.)	klassisch	de	2	user:cwr
RHE	Einheit der Fluidität	klassisch	de	2	user:cwr
SEPA	Einheitl. Euro-Zahlungsraum (Abk.)	klassisch	de	2	user:cwr
UNI	einheitlicher Farbton	klassisch	de	2	user:cwr
TASCHE	Einkaufsbehälter	klassisch	de	2	user:cwr
KORB	Einkaufsbehälter	klassisch	de	2	user:cwr
INTARSIE	Einlegearbeit in Holz	klassisch	de	2	user:cwr
TAN	Einmalcode Bank (Afk.)	klassisch	de	2	user:cwr
SKIFF	Einmannruderboot	klassisch	de	2	user:cwr
ERLOES	Einnahme aus einem Verkauf	klassisch	de	2	user:cwr
MERKEN	einprägen (sich …)	klassisch	de	2	user:cwr
SETUP	Einrichtung (Eng.)	klassisch	de	2	user:cwr
ALLEINE	einsam	klassisch	de	2	user:cwr
ALLEIN	einsam, verlassen	klassisch	de	2	user:cwr
MIT	einschließlich	klassisch	de	2	user:cwr
KERBE	Einschnitt	klassisch	de	2	user:cwr
TAL	Einschnitt im Gelände	klassisch	de	2	user:cwr
VETO	Einspruch	klassisch	de	2	user:cwr
VETO	Einspruchsrecht	klassisch	de	2	user:cwr
DREI	einstellige Zahl	klassisch	de	2	user:cwr
ZWEI	einstellige Zahl	klassisch	de	2	user:cwr
AUTOTUER	Einstieg am Wagen	klassisch	de	2	user:cwr
BAD	Eintauchen in Flüssigkeit	klassisch	de	2	user:cwr
MONOTON	eintönig	klassisch	de	2	user:cwr
OEDE	eintönige Landschaft	klassisch	de	2	user:cwr
GELEIER	eintöniges Gerede	klassisch	de	2	user:cwr
OK	einverstanden, in Ordnung!	klassisch	de	2	user:cwr
ABER	Einwand, Einschränkung	klassisch	de	2	user:cwr
SOLO	Einzelvortrag	klassisch	de	2	user:cwr
UNITAET	Einzigkeit	klassisch	de	2	user:cwr
ZUG	Eisenbahn	klassisch	de	2	user:cwr
MZB	Eisenbahn zw. St. Pölten u. Mariazell	klassisch	de	2	user:cwr
ROST	Eisenfraß	klassisch	de	2	user:cwr
STAHL	Eisenhaltige Metalllegierung	klassisch	de	2	user:cwr
NAGEL	Eisenstift	klassisch	de	2	user:cwr
DEL	Eishockeyliga (Afk.)	klassisch	de	2	user:cwr
RASPA	Eisschnee Mexikos	klassisch	de	2	user:cwr
KAMES	eiszeitl. Kieshügel	klassisch	de	2	user:cwr
OS	eiszeitlicher Höhenzug	klassisch	de	2	user:cwr
EITERN	Eiter bilden	klassisch	de	2	user:cwr
PEP	Elan	klassisch	de	2	user:cwr
PEP	Elan, Schwung	klassisch	de	2	user:cwr
ELEN	Elch	klassisch	de	2	user:cwr
KUH	Elefantenmuttertier	klassisch	de	2	user:cwr
DAME	elegante Frau	klassisch	de	2	user:cwr
ION	elektr. geladenes Teilchen	klassisch	de	2	user:cwr
PLATINE	elektr. Schaltplatte	klassisch	de	2	user:cwr
ERDUNG	elektr. Schutz	klassisch	de	2	user:cwr
ANODE	elektrischer Pol	klassisch	de	2	user:cwr
SENSOR	elektron. Messfühler	klassisch	de	2	user:cwr
EMAILS	elektron. Nachrichten	klassisch	de	2	user:cwr
ESE	elektrostatische Einheit (Abk.)	klassisch	de	2	user:cwr
URAN	Element 92	klassisch	de	2	user:cwr
SAEULE	Element antiker Tempel	klassisch	de	2	user:cwr
SLUM	Elendsviertel	klassisch	de	2	user:cwr
WAISE	Elternloses Kind	klassisch	de	2	user:cwr
KATAR	Emirat	klassisch	de	2	user:cwr
SMILEY	Emoticon (Internet)	klassisch	de	2	user:cwr
SALON	Empfangszimmer	klassisch	de	2	user:cwr
NAHELEGEN	empfehlen	klassisch	de	2	user:cwr
RATSAM	empfehlenswert	klassisch	de	2	user:cwr
RAT	Empfehlung	klassisch	de	2	user:cwr
RAT	Empfehlung, Hinweis	klassisch	de	2	user:cwr
NERV	Empfindungsstrang	klassisch	de	2	user:cwr
HEBEN	empor bewegen	klassisch	de	2	user:cwr
BUH	empörter Ausruf	klassisch	de	2	user:cwr
STEISS	Ende d. Wirbelsäule	klassisch	de	2	user:cwr
REIM	Endgleichklang	klassisch	de	2	user:cwr
EWIG	Endlos	klassisch	de	2	user:cwr
ZIEL	Endpunkt	klassisch	de	2	user:cwr
POL	Endpunkt der Erdachse	klassisch	de	2	user:cwr
FINALE	Endspiel	klassisch	de	2	user:cwr
LASCH	energiearm	klassisch	de	2	user:cwr
SONNE	Energiequelle	klassisch	de	2	user:cwr
ERDOEL	Energieträger	klassisch	de	2	user:cwr
EARL	engl. Adelstitel	klassisch	de	2	user:cwr
EARL	engl. Adliger	klassisch	de	2	user:cwr
THE	engl. Artikel	klassisch	de	2	user:cwr
CLARET	engl. Bezeichnung für franz. Rotweine	klassisch	de	2	user:cwr
ALE	engl. Bier	klassisch	de	2	user:cwr
ALE	engl. Biersorte	klassisch	de	2	user:cwr
ONE	engl.: eins	klassisch	de	2	user:cwr
NET	engl. f. Netz	klassisch	de	2	user:cwr
ACRE	engl. Flächenmaß	klassisch	de	2	user:cwr
PEG	engl. Frauenkurzname	klassisch	de	2	user:cwr
FREE	engl.: frei	klassisch	de	2	user:cwr
SHE	engl. Fürwort	klassisch	de	2	user:cwr
HE	engl. Fürwort: er	klassisch	de	2	user:cwr
IT	engl. Fürwort: es	klassisch	de	2	user:cwr
WE	engl. Fürwort: wir	klassisch	de	2	user:cwr
LTD	engl. ‚GmbH‘	klassisch	de	2	user:cwr
IAM	engl.: ich bin	klassisch	de	2	user:cwr
ERROR	engl.: Irrtum, Fehler	klassisch	de	2	user:cwr
LANE	engl.: kl. Straße	klassisch	de	2	user:cwr
TORY	engl. Konservativer	klassisch	de	2	user:cwr
DAD	engl. Koseform für: Vater	klassisch	de	2	user:cwr
DAD	engl. Koseform für Vater	klassisch	de	2	user:cwr
NURSE	engl.: Krankenschwester	klassisch	de	2	user:cwr
TED	engl. Kurzform von Theodor	klassisch	de	2	user:cwr
MA	engl. Kw.: Mutter	klassisch	de	2	user:cwr
INCH	engl. Längenmaß	klassisch	de	2	user:cwr
AIR	engl.: Luft	klassisch	de	2	user:cwr
SEA	engl.: Meer	klassisch	de	2	user:cwr
SKA	engl. Musikrichtung	klassisch	de	2	user:cwr
NO	engl.: nein	klassisch	de	2	user:cwr
NEW	engl.: neu	klassisch	de	2	user:cwr
IF	engl.: ob	klassisch	de	2	user:cwr
OR	engl.: oder	klassisch	de	2	user:cwr
EAR	engl.: Ohr	klassisch	de	2	user:cwr
ACT	engl. Parlamentsentscheid	klassisch	de	2	user:cwr
HOBBES	engl. Philosoph (Thomas, † 1679)	klassisch	de	2	user:cwr
CHESS	engl.: Schach	klassisch	de	2	user:cwr
DRAKE	engl. Seeheld	klassisch	de	2	user:cwr
TEA	engl.: Tee	klassisch	de	2	user:cwr
BEDA	engl. Theologe †735	klassisch	de	2	user:cwr
SIR	engl. Titel	klassisch	de	2	user:cwr
ONE	engl. Zahlwort: eins	klassisch	de	2	user:cwr
TWO	engl. Zahlwort: zwei	klassisch	de	2	user:cwr
TWO	engl.: zwei	klassisch	de	2	user:cwr
ACT	englisch: agieren	klassisch	de	2	user:cwr
OLD	englisch: alt	klassisch	de	2	user:cwr
APPLE	englisch: Apfel	klassisch	de	2	user:cwr
EYE	englisch: Auge	klassisch	de	2	user:cwr
CAR	englisch: Auto	klassisch	de	2	user:cwr
BEARD	englisch: Bart	klassisch	de	2	user:cwr
TREE	englisch: Baum	klassisch	de	2	user:cwr
BEE	englisch: Biene	klassisch	de	2	user:cwr
BEAN	englisch: Bohne	klassisch	de	2	user:cwr
EGG	englisch: Ei	klassisch	de	2	user:cwr
OWN	englisch: eigenes	klassisch	de	2	user:cwr
ON	englisch: eingeschaltet	klassisch	de	2	user:cwr
UNIT	englisch: Einheit	klassisch	de	2	user:cwr
ONE	englisch: eins	klassisch	de	2	user:cwr
END	englisch: Ende	klassisch	de	2	user:cwr
EAT	englisch: essen	klassisch	de	2	user:cwr
TRAP	englisch: Falle	klassisch	de	2	user:cwr
FAR	englisch: fern	klassisch	de	2	user:cwr
BUSY	englisch: fleißig	klassisch	de	2	user:cwr
ASK	englisch: fragen	klassisch	de	2	user:cwr
AIR	englisch, französisch: Luft	klassisch	de	2	user:cwr
FOR	englisch: für	klassisch	de	2	user:cwr
AREA	englisch: Gebiet	klassisch	de	2	user:cwr
USE	englisch: Gebrauch	klassisch	de	2	user:cwr
GO	englisch: gehen	klassisch	de	2	user:cwr
LAW	englisch: Gesetz	klassisch	de	2	user:cwr
BELL	englisch: Glocke	klassisch	de	2	user:cwr
FLU	englisch: Grippe	klassisch	de	2	user:cwr
SKIN	englisch: Haut	klassisch	de	2	user:cwr
HERE	englisch: hier	klassisch	de	2	user:cwr
HEN	englisch: Huhn	klassisch	de	2	user:cwr
HAT	englisch: Hut	klassisch	de	2	user:cwr
IDEA	englisch: Idee	klassisch	de	2	user:cwr
HIM	englisch: ihm	klassisch	de	2	user:cwr
IS	englisch: ist	klassisch	de	2	user:cwr
COOK	englisch: kochen	klassisch	de	2	user:cwr
WAR	englisch: Krieg	klassisch	de	2	user:cwr
MEAL	englisch: Mahlzeit	klassisch	de	2	user:cwr
MOM	englisch: Mama, Mutti	klassisch	de	2	user:cwr
TO	englisch: nach, zu	klassisch	de	2	user:cwr
NAIL	englisch: Nagel	klassisch	de	2	user:cwr
OR	englisch: oder	klassisch	de	2	user:cwr
EAR	englisch: Ohr	klassisch	de	2	user:cwr
EAST	englisch: Osten, östlich	klassisch	de	2	user:cwr
RED	englisch: rot	klassisch	de	2	user:cwr
KEY	englisch: Schlüssel	klassisch	de	2	user:cwr
SNOW	englisch: Schnee	klassisch	de	2	user:cwr
BE	englisch: sein	klassisch	de	2	user:cwr
HIS	englisch: sein, seine	klassisch	de	2	user:cwr
SIT	englisch: sitzen	klassisch	de	2	user:cwr
SUN	englisch: Sonne	klassisch	de	2	user:cwr
SIN	englisch: Sünde	klassisch	de	2	user:cwr
DAY	englisch: Tag	klassisch	de	2	user:cwr
AUNT	englisch: Tante	klassisch	de	2	user:cwr
GOALS	englisch: Tore (Sport)	klassisch	de	2	user:cwr
DO	englisch: tun, machen	klassisch	de	2	user:cwr
AND	englisch: und	klassisch	de	2	user:cwr
US	englisch: uns	klassisch	de	2	user:cwr
TRY	englisch: versuchen	klassisch	de	2	user:cwr
TOE	englisch: Zeh	klassisch	de	2	user:cwr
TEN	englisch: zehn	klassisch	de	2	user:cwr
SIR	englische Anrede	klassisch	de	2	user:cwr
INNS	englische Gasthöfe	klassisch	de	2	user:cwr
PUB	englische Gaststätte	klassisch	de	2	user:cwr
EARLS	englische Grafen	klassisch	de	2	user:cwr
KENT	englische Grafschaft	klassisch	de	2	user:cwr
ETON	englische Schulstadt	klassisch	de	2	user:cwr
THE	englischer Artikel	klassisch	de	2	user:cwr
EARL	englischer Graf	klassisch	de	2	user:cwr
DUKE	englischer Herzog	klassisch	de	2	user:cwr
NED	englischer Männername	klassisch	de	2	user:cwr
SHE	englisches Fürwort: sie	klassisch	de	2	user:cwr
MEILE	englisches Längenmaß	klassisch	de	2	user:cwr
ERPEL	Enterich	klassisch	de	2	user:cwr
GEISEL	Entführungsopfer	klassisch	de	2	user:cwr
GEHALT	Entgelt	klassisch	de	2	user:cwr
MIETE	Entgelt für Überlassenes	klassisch	de	2	user:cwr
LOHNEN	entgelten, honorieren	klassisch	de	2	user:cwr
ASKESE	enthaltsamer Lebensstil	klassisch	de	2	user:cwr
ASKET	enthaltsamer Mensch	klassisch	de	2	user:cwr
BEGEISTERT	enthusiastisch	klassisch	de	2	user:cwr
BLITZ	Entladungsfunke	klassisch	de	2	user:cwr
DREH	entscheidender Handgriff, Kniff	klassisch	de	2	user:cwr
HORROR	Entsetzen, Schauder	klassisch	de	2	user:cwr
GRAUSIG	entsetzlich	klassisch	de	2	user:cwr
ERHOLT	entspannt	klassisch	de	2	user:cwr
ANALOG	entsprechend	klassisch	de	2	user:cwr
ODER	entweder …	klassisch	de	2	user:cwr
DRAFT	Entwurf (Eng.)	klassisch	de	2	user:cwr
ABRISS	Entwurf, kurze Darstellung	klassisch	de	2	user:cwr
MODELL	Entwurf, Muster	klassisch	de	2	user:cwr
BEGLUECKT	entzückt, selig	klassisch	de	2	user:cwr
AERA	Epoche, Zeitalter	klassisch	de	2	user:cwr
ILIADE	Epos von Homer	klassisch	de	2	user:cwr
ILIAS	Epos von Homer	klassisch	de	2	user:cwr
MAIL	EPost (Eng.)	klassisch	de	2	user:cwr
NOAH	Erbauer der Arche (A. T.)	klassisch	de	2	user:cwr
GEN	Erbeinheit	klassisch	de	2	user:cwr
GEN	Erbfaktor	klassisch	de	2	user:cwr
STAMMGUT	Erbfolgebesitztum	klassisch	de	2	user:cwr
ID	Erbgutträger	klassisch	de	2	user:cwr
DNA	Erbgutträger (Abk.)	klassisch	de	2	user:cwr
FEIND	erbitterter Gegner	klassisch	de	2	user:cwr
ANGEBOREN	erblich	klassisch	de	2	user:cwr
ENTERBEN	Erbrecht entziehen	klassisch	de	2	user:cwr
GEN	Erbträger	klassisch	de	2	user:cwr
POL	Erdachsenende	klassisch	de	2	user:cwr
TON	Erdart	klassisch	de	2	user:cwr
SILUR	erdgeschichtl. Periode	klassisch	de	2	user:cwr
ZONE	Erdgürtel	klassisch	de	2	user:cwr
GEOGRAFIE	Erdkunde	klassisch	de	2	user:cwr
RAET	Erdschicht	klassisch	de	2	user:cwr
BRAUN	Erdton	klassisch	de	2	user:cwr
MOND	Erdtrabant	klassisch	de	2	user:cwr
TAG	Erdumdrehungszeit	klassisch	de	2	user:cwr
GLOBAL	erdumfassend	klassisch	de	2	user:cwr
ERDORBIT	Erdumlaufbahn	klassisch	de	2	user:cwr
LIAS	Erdzeitalter	klassisch	de	2	user:cwr
MOTIV	Ereignisgrund	klassisch	de	2	user:cwr
BRAILLE	Erfinder d. Blindenschrift	klassisch	de	2	user:cwr
DUNLOP	Erfinder d. luftgefüllten Reifens	klassisch	de	2	user:cwr
BIC	Erfinder der Einwegware	klassisch	de	2	user:cwr
HIT	erfolgreicher Schlager	klassisch	de	2	user:cwr
HIT	erfolgreiches Musikstück	klassisch	de	2	user:cwr
HIT	Erfolgstitel (Eng.)	klassisch	de	2	user:cwr
BEDARF	erforderliche Menge	klassisch	de	2	user:cwr
FROH	erfreut	klassisch	de	2	user:cwr
EISTEE	erfrischendes Getränk	klassisch	de	2	user:cwr
COLA	Erfrischungsgetränk	klassisch	de	2	user:cwr
TREU	ergeben	klassisch	de	2	user:cwr
BERG	Erhebung	klassisch	de	2	user:cwr
BERG	Erhebung im Gelände	klassisch	de	2	user:cwr
LUSTIG	erheiternd	klassisch	de	2	user:cwr
NIESEN	Erkältungserscheinung	klassisch	de	2	user:cwr
FRAGE	Erkundigung	klassisch	de	2	user:cwr
BEFUGT	ermächtigt	klassisch	de	2	user:cwr
RENOVIERUNG	Erneuerung	klassisch	de	2	user:cwr
CORTES	Eroberer des Aztekenstaates (Hernán)	klassisch	de	2	user:cwr
STRIPTEASE	erot. Show mit Entkleiden	klassisch	de	2	user:cwr
SEXY	erotisch attraktiv	klassisch	de	2	user:cwr
DISPUT	erregtes Streitgespräch	klassisch	de	2	user:cwr
BAU	Errich tung	klassisch	de	2	user:cwr
BAU	Errichten	klassisch	de	2	user:cwr
BAU	Errichtung	klassisch	de	2	user:cwr
MATT	erschöpft	klassisch	de	2	user:cwr
LEA	erste Frau Jakobs (A. T.)	klassisch	de	2	user:cwr
ATEMSPENDE	erste Hilfe Maßnahme	klassisch	de	2	user:cwr
DIVA	erste Sängerin	klassisch	de	2	user:cwr
ELF	erste zweistellige Primzahl	klassisch	de	2	user:cwr
DEBUET	erster Bühnenauftritt	klassisch	de	2	user:cwr
HEUSS	erster dt. Bundespräsident †	klassisch	de	2	user:cwr
SKIZZE	erster Entwurf	klassisch	de	2	user:cwr
LIE	erster Generalsekretär der UNO	klassisch	de	2	user:cwr
ADAM	erster Mann	klassisch	de	2	user:cwr
ADAM	Erster Mensch	klassisch	de	2	user:cwr
FIBEL	erstes Schullesebuch	klassisch	de	2	user:cwr
TOPP	Erstklassig	klassisch	de	2	user:cwr
BITTEN	ersuchen	klassisch	de	2	user:cwr
ANNEHMBAR	erträglich, geeignet	klassisch	de	2	user:cwr
SOLLEN	erwartetes Verhalten	klassisch	de	2	user:cwr
AUSBAUEN	erweitern	klassisch	de	2	user:cwr
GENEHM	erwünscht	klassisch	de	2	user:cwr
STORY	Erzählung (Eng.)	klassisch	de	2	user:cwr
EPP	Erzählung von Jensen	klassisch	de	2	user:cwr
ANNA	Erzherzogin von Tirol († 1618)	klassisch	de	2	user:cwr
PAEDAGOGE	Erziehungsfachmann	klassisch	de	2	user:cwr
IAH	Eselslaut	klassisch	de	2	user:cwr
OBST	essbare Früchte	klassisch	de	2	user:cwr
HUNGER	Essbedürfnis	klassisch	de	2	user:cwr
SPEISE	Essen	klassisch	de	2	user:cwr
GABEL	Essgerät	klassisch	de	2	user:cwr
EESTI	Estland in der Landessprache	klassisch	de	2	user:cwr
EEK	estnische Krone (Abk.)	klassisch	de	2	user:cwr
MORAL	Ethos	klassisch	de	2	user:cwr
LABEL	Etikett	klassisch	de	2	user:cwr
UNGEFAEHR	etwa	klassisch	de	2	user:cwr
UNGEFAEHR	etwa, zirka	klassisch	de	2	user:cwr
ECU	EU-Recheneinheit (Afk.)	klassisch	de	2	user:cwr
EURO	EU-Währung	klassisch	de	2	user:cwr
UHU	Eulenart	klassisch	de	2	user:cwr
OSZE	europ. Sicherheitsorganisation	klassisch	de	2	user:cwr
UNGARN	europ. Staat	klassisch	de	2	user:cwr
EU	europ. Staatenverbund (Abk.)	klassisch	de	2	user:cwr
DONAU	europ. Strom	klassisch	de	2	user:cwr
ASTRA	europ. TV-Satellit	klassisch	de	2	user:cwr
ESA	Europ. Weltraumorg. (Abk.)	klassisch	de	2	user:cwr
WISENT	europ. Wildrind	klassisch	de	2	user:cwr
EU	Europäische Union (Afk.)	klassisch	de	2	user:cwr
ALPEN	europäisches Hochgebirge	klassisch	de	2	user:cwr
EU	Europa‑Union (Afk.)	klassisch	de	2	user:cwr
DI	Ex-Frau v. Charles (Lady …)	klassisch	de	2	user:cwr
DI	Ex-Frau von König Charles † (Lady …)	klassisch	de	2	user:cwr
ALI	Ex-Profi-Boxer (Muhammad) †	klassisch	de	2	user:cwr
TOD	Exitus	klassisch	de	2	user:cwr
FEIGE	exotische Frucht	klassisch	de	2	user:cwr
KNALLEN	Explosionsgeräusch	klassisch	de	2	user:cwr
RAKETE	Explosivgeschoss	klassisch	de	2	user:cwr
AUSGESUCHT	exquisit	klassisch	de	2	user:cwr
ZUBEHOER	Extras	klassisch	de	2	user:cwr
FREAK	Exzentriker	klassisch	de	2	user:cwr
ORK	Fabelkrieger	klassisch	de	2	user:cwr
FEE	Fabelwesen	klassisch	de	2	user:cwr
ELFE	Fabelwesen	klassisch	de	2	user:cwr
DELTA	fächerförmige Flussmündung	klassisch	de	2	user:cwr
NERD	Fachfreak (Eng.)	klassisch	de	2	user:cwr
BERATEN	Fachhilfe leisten	klassisch	de	2	user:cwr
EXPERTE	Fachmann	klassisch	de	2	user:cwr
OED	fade, geistlos	klassisch	de	2	user:cwr
OEDE	fade, langweilig	klassisch	de	2	user:cwr
FASERN	fadenähnliche Gebilde	klassisch	de	2	user:cwr
SINN	Fähigkeit zur Wahrnehmung	klassisch	de	2	user:cwr
SUCHE	Fahndung	klassisch	de	2	user:cwr
DOVER	Fährhafen in England	klassisch	de	2	user:cwr
RAD	Fahrrad	klassisch	de	2	user:cwr
BIKE	Fahrrad (Eng.)	klassisch	de	2	user:cwr
EBIKE	Fahrrad mit Elektromotor (Kw.)	klassisch	de	2	user:cwr
LENKER	Fahrradsteuer	klassisch	de	2	user:cwr
LIFT	Fahrstuhl	klassisch	de	2	user:cwr
REISE	Fahrt	klassisch	de	2	user:cwr
SPUR	Fährte	klassisch	de	2	user:cwr
KURS	Fahrtrichtung	klassisch	de	2	user:cwr
LOTSE	Fahrwasserkundiger	klassisch	de	2	user:cwr
BUS	Fahrzeug (Kw.)	klassisch	de	2	user:cwr
HALTER	Fahrzeugeigentümer	klassisch	de	2	user:cwr
KONVOI	Fahrzeugkolonne	klassisch	de	2	user:cwr
KONVOI	Fahrzeugkolonne, Geleitzug	klassisch	de	2	user:cwr
STAU	Fahrzeugschlange	klassisch	de	2	user:cwr
ACHSE	Fahrzeugteil	klassisch	de	2	user:cwr
RAD	Fahrzeugteil	klassisch	de	2	user:cwr
REALIST	Faktenmensch	klassisch	de	2	user:cwr
DEKAN	Fakultätsleiter	klassisch	de	2	user:cwr
DEKAN	Fakultätsvorsteher	klassisch	de	2	user:cwr
BORA	Fallwind an Adria	klassisch	de	2	user:cwr
JAUK	Fallwind, Föhn (Kärnten)	klassisch	de	2	user:cwr
IRRE	falscher Weg	klassisch	de	2	user:cwr
LEPORELLO	Faltblatt	klassisch	de	2	user:cwr
KNICKEN	falten	klassisch	de	2	user:cwr
TUKANE	Familie der Spechtvögel	klassisch	de	2	user:cwr
NACHNAME	Familienname	klassisch	de	2	user:cwr
KLAN	Familienverband	klassisch	de	2	user:cwr
TRARA	Fanfarenlärm	klassisch	de	2	user:cwr
ORK	Fantasiewesen	klassisch	de	2	user:cwr
ROT	Farbe	klassisch	de	2	user:cwr
ROT	Farbe der Liebe	klassisch	de	2	user:cwr
TONER	Farbe für Kopierer	klassisch	de	2	user:cwr
PIK	Farbe im Kartenspiel	klassisch	de	2	user:cwr
WEISS	Farbe von Schnee	klassisch	de	2	user:cwr
BUNT	farbenfroh	klassisch	de	2	user:cwr
BUNT	farbenreich	klassisch	de	2	user:cwr
KLARE	farblose Branntweine	klassisch	de	2	user:cwr
OPAL	Farbspiel-Edelstein	klassisch	de	2	user:cwr
MARON	Farbton	klassisch	de	2	user:cwr
LILA	Farbton	klassisch	de	2	user:cwr
LEIN	Faserpflanze	klassisch	de	2	user:cwr
BUETTNER	Fassbinder	klassisch	de	2	user:cwr
BEINAHE	fast	klassisch	de	2	user:cwr
NAHEZU	fast, beinahe	klassisch	de	2	user:cwr
MODERN	faulen	klassisch	de	2	user:cwr
MODRIG	faulend	klassisch	de	2	user:cwr
UNAU	Faultier	klassisch	de	2	user:cwr
AI	Faultier	klassisch	de	2	user:cwr
MENSUR	Fechtausdruck	klassisch	de	2	user:cwr
TERZ	Fechthieb	klassisch	de	2	user:cwr
DEGEN	Fechtwaffe	klassisch	de	2	user:cwr
INLETT	Federbettenstoff	klassisch	de	2	user:cwr
ETUI	Federmappe	klassisch	de	2	user:cwr
ABPRALL	federndes Zurückspringen	klassisch	de	2	user:cwr
BOAS	Federschals	klassisch	de	2	user:cwr
KEHREN	fegen	klassisch	de	2	user:cwr
MANKO	Fehlbetrag	klassisch	de	2	user:cwr
MISSEN	Fehlen bemerken	klassisch	de	2	user:cwr
KORREKT	fehlerfrei	klassisch	de	2	user:cwr
IRREN	fehlgehen	klassisch	de	2	user:cwr
FEST	Feier	klassisch	de	2	user:cwr
PARTY	Feier (Eng.)	klassisch	de	2	user:cwr
FETE	Feier, Party	klassisch	de	2	user:cwr
ODE	Feiergedicht	klassisch	de	2	user:cwr
ODE	feierl. Gesang, Gedicht	klassisch	de	2	user:cwr
ZEREMONIE	feierlicher Akt, Ritus	klassisch	de	2	user:cwr
EID	feierlicher Schwur	klassisch	de	2	user:cwr
ODE	feierliches Gedicht	klassisch	de	2	user:cwr
HULDIGEN	feiern, rühmen	klassisch	de	2	user:cwr
GEGEN	feindlich, anti	klassisch	de	2	user:cwr
LADY	feine Dame	klassisch	de	2	user:cwr
ROHSEIDE	feine Gewebeart	klassisch	de	2	user:cwr
PORE	feine Hautöffnung	klassisch	de	2	user:cwr
MERINO	feine Schafswolle	klassisch	de	2	user:cwr
IRONIE	feiner Spott	klassisch	de	2	user:cwr
SEIDE	feiner Stoff	klassisch	de	2	user:cwr
DELI	Feinkostladen (Eng.)	klassisch	de	2	user:cwr
STAUB	Feinpulver	klassisch	de	2	user:cwr
HASE	Feld- und Wiesentier	klassisch	de	2	user:cwr
ERNTE	Feldertrag	klassisch	de	2	user:cwr
HAFER	Feldfrucht	klassisch	de	2	user:cwr
NARSES	Feldherr des Kaisers Justinian	klassisch	de	2	user:cwr
RAD	Felge mit Reifen	klassisch	de	2	user:cwr
RADKAPPE	Felgenabdeckung	klassisch	de	2	user:cwr
LEI	Fels, Schiefer	klassisch	de	2	user:cwr
RIFF	Felsenklippe	klassisch	de	2	user:cwr
KLIPPE	Felsenriff	klassisch	de	2	user:cwr
STEINE	Felsstücke	klassisch	de	2	user:cwr
DACHLUKE	Fenster im Dach	klassisch	de	2	user:cwr
RIEGEL	Fensteroder Türverschluss	klassisch	de	2	user:cwr
URLAUBER	Feriengast	klassisch	de	2	user:cwr
ISNY	Ferienort im Allgäu	klassisch	de	2	user:cwr
LAB	Ferment im Kälbermagen	klassisch	de	2	user:cwr
ABSEITS	fernab	klassisch	de	2	user:cwr
AUSSERDEM	ferner	klassisch	de	2	user:cwr
OSTASIEN	‚Ferner Osten‘	klassisch	de	2	user:cwr
MAZ	Fernsehbegriff	klassisch	de	2	user:cwr
TV	Fernsehen (Abk.)	klassisch	de	2	user:cwr
GAR	fertig gekocht	klassisch	de	2	user:cwr
GAR	fertig zubereitet (Essen)	klassisch	de	2	user:cwr
SEEKLAR	fertig zur Fahrt aufs Meer	klassisch	de	2	user:cwr
FEIER	Fest	klassisch	de	2	user:cwr
SOLID	fest, haltbar	klassisch	de	2	user:cwr
OSTERN	Fest im Frühling	klassisch	de	2	user:cwr
UNBEIRRT	fest überzeugt	klassisch	de	2	user:cwr
GALA	Festabend	klassisch	de	2	user:cwr
GALA	Festakt	klassisch	de	2	user:cwr
KANAL	feste TVFrequenz	klassisch	de	2	user:cwr
ZONE	festgelegter Bereich	klassisch	de	2	user:cwr
ROBE	Festkleid	klassisch	de	2	user:cwr
GALA	festliche Aufführung	klassisch	de	2	user:cwr
GALAS	festliche Aufführungen, Shows	klassisch	de	2	user:cwr
TANZFEST	festlicher Ball	klassisch	de	2	user:cwr
TANZSAAL	Festraum für Bälle	klassisch	de	2	user:cwr
AULA	Festsaal in Schulen	klassisch	de	2	user:cwr
ZION	Festung in Jerusalem	klassisch	de	2	user:cwr
FORT	Festungsaußenwerk	klassisch	de	2	user:cwr
BASTEI	Festungswerk	klassisch	de	2	user:cwr
RAHM	Fett auf der Milch	klassisch	de	2	user:cwr
GEL	fettfreies Kosmetikum	klassisch	de	2	user:cwr
OELIG	fettig	klassisch	de	2	user:cwr
NASS	feucht	klassisch	de	2	user:cwr
ASBEST	feuerfestes Mineral	klassisch	de	2	user:cwr
ONA	Feuerländer	klassisch	de	2	user:cwr
OFEN	Feuerstelle	klassisch	de	2	user:cwr
PISTOLE	Feuerwaffe	klassisch	de	2	user:cwr
GEWEHR	Feuerwaffe	klassisch	de	2	user:cwr
BIBO	"Figur aus d. ""Sesamstraße"""	klassisch	de	2	user:cwr
YSE	Figur bei Claudel	klassisch	de	2	user:cwr
LINUS	Figur bei 'Die Peanuts'	klassisch	de	2	user:cwr
KAA	Figur bei Kipling	klassisch	de	2	user:cwr
NEMO	Figur bei Verne †	klassisch	de	2	user:cwr
MIMI	Figur der Oper ‚La Bohème‘	klassisch	de	2	user:cwr
ETE	Figur der Quadrille	klassisch	de	2	user:cwr
ERNIE	Figur der ‚Sesamstraße‘	klassisch	de	2	user:cwr
GANDALF	Figur im Roman 'Der Herr der Ringe'	klassisch	de	2	user:cwr
YSE	Figur in Claudels ‚Mittagswende‘	klassisch	de	2	user:cwr
PAM	Figur in Edward Bonds ‚Gerettet‘	klassisch	de	2	user:cwr
MI	Figur in ‚Land des Lächelns‘	klassisch	de	2	user:cwr
EMIL	Figur von Erich Kästner	klassisch	de	2	user:cwr
ZUG	Figurenbewegung (Schach)	klassisch	de	2	user:cwr
ET	Film-Alien	klassisch	de	2	user:cwr
KAMERA	Filmapparat	klassisch	de	2	user:cwr
DREHORT	Filmaufnahmeort	klassisch	de	2	user:cwr
CAST	Filmcrew	klassisch	de	2	user:cwr
STAR	Filmgröße	klassisch	de	2	user:cwr
ENNIO	Filmkomponist (... Morricone, † 2020)	klassisch	de	2	user:cwr
ASA	Filmlichtempfindlichkeit	klassisch	de	2	user:cwr
HARDY	Filmpartner von Stan Laurel	klassisch	de	2	user:cwr
GARBO	Filmstar (Greta) †	klassisch	de	2	user:cwr
CAST	Filmteam	klassisch	de	2	user:cwr
KINO	Filmtheater	klassisch	de	2	user:cwr
GAGS	Filmwitze	klassisch	de	2	user:cwr
GEBARUNG	finanzielle Geschäftsführung	klassisch	de	2	user:cwr
EZB	Finanzorgan der EU (Abk.)	klassisch	de	2	user:cwr
SAUNA	finn. Dampfbad	klassisch	de	2	user:cwr
AHO	finn. Dichter †	klassisch	de	2	user:cwr
SAUNA	finn. Heißluftbad	klassisch	de	2	user:cwr
DUESTER	finster	klassisch	de	2	user:cwr
MARKE	Firmenzeichen	klassisch	de	2	user:cwr
SIGNET	Firmenzeichen	klassisch	de	2	user:cwr
LOGO	Firmenzeichen, Signet	klassisch	de	2	user:cwr
NETZE	Fischerutensil (Mz.)	klassisch	de	2	user:cwr
FISCHER	Fischfänger	klassisch	de	2	user:cwr
ANGEL	Fischfanggerät	klassisch	de	2	user:cwr
RASPA	Fischgräte	klassisch	de	2	user:cwr
TRAN	Fischöl	klassisch	de	2	user:cwr
TRANE	Fischöle	klassisch	de	2	user:cwr
SEICHT	flach (Wasser)	klassisch	de	2	user:cwr
HEKTAR	Flächeneinheit	klassisch	de	2	user:cwr
AR	Flächenmaß	klassisch	de	2	user:cwr
DEKAR	Flächenmaß (10 Ar)	klassisch	de	2	user:cwr
ACRE	Flächenmaß (Eng.)	klassisch	de	2	user:cwr
LAGUNE	flacher Strandsee	klassisch	de	2	user:cwr
LCD	flaches Display (Abk.)	klassisch	de	2	user:cwr
PFANNE	flaches Gefäß mit langem Stiel	klassisch	de	2	user:cwr
EBENE	Flachland	klassisch	de	2	user:cwr
LEINEN	Flachsgarngewebe	klassisch	de	2	user:cwr
PITA	Fladenbrot	klassisch	de	2	user:cwr
BANNER	Flagge	klassisch	de	2	user:cwr
BRAND	flammendes Feuer	klassisch	de	2	user:cwr
MAU	flau, matt	klassisch	de	2	user:cwr
MATTE	Flechtwerk	klassisch	de	2	user:cwr
SULZ	Fleischgelee	klassisch	de	2	user:cwr
GYROS	Fleischgericht v. Drehspieß	klassisch	de	2	user:cwr
STEAK	Fleischspeise	klassisch	de	2	user:cwr
PASTETE	Fleischspeise in Teighülle	klassisch	de	2	user:cwr
METTWURST	Fleischware	klassisch	de	2	user:cwr
AMEISE	fleißiges Insekt	klassisch	de	2	user:cwr
LILA	fliederfarben	klassisch	de	2	user:cwr
MADE	Fliegenlarve	klassisch	de	2	user:cwr
FLUID	Fließstoff	klassisch	de	2	user:cwr
AGIL	flink, wendig, beweglich	klassisch	de	2	user:cwr
BLUEHEN	florieren	klassisch	de	2	user:cwr
STAKE	Floßschiebestange	klassisch	de	2	user:cwr
SKIZZE	flüchtige Zeichnung	klassisch	de	2	user:cwr
ERDGAS	flüchtiger Brennstoff	klassisch	de	2	user:cwr
GAS	flüchtiger Brennstoff	klassisch	de	2	user:cwr
FLAK	Flugabwehrkanone (Kw.)	klassisch	de	2	user:cwr
LAUS	flügelloses Insekt	klassisch	de	2	user:cwr
TERMITE	Fluginsekt	klassisch	de	2	user:cwr
EMU	flugunfähiger Vogel	klassisch	de	2	user:cwr
JET	Flugzeug mit Strahltriebwerk	klassisch	de	2	user:cwr
DUESE	Flugzeugantrieb	klassisch	de	2	user:cwr
HANGAR	Flugzeughalle	klassisch	de	2	user:cwr
DEE	Fluss d. Aberdeen	klassisch	de	2	user:cwr
ARNO	Fluss d. Florenz	klassisch	de	2	user:cwr
AA	Fluss durch Bocholt (NRW)	klassisch	de	2	user:cwr
ARNO	Fluss durch Florenz	klassisch	de	2	user:cwr
TER	Fluss durch Gerona (Span.)	klassisch	de	2	user:cwr
ISERE	Fluss durch Grenoble	klassisch	de	2	user:cwr
INN	Fluss durch Innsbruck	klassisch	de	2	user:cwr
GLAN	Fluss durch Klagenfurt	klassisch	de	2	user:cwr
EMS	Fluss durch Meppen	klassisch	de	2	user:cwr
ISAR	Fluss durch München	klassisch	de	2	user:cwr
PO	Fluss durch Nord-Italien	klassisch	de	2	user:cwr
EBRO	Fluss durch Saragossa	klassisch	de	2	user:cwr
NECKAR	Fluss durch Stuttgart	klassisch	de	2	user:cwr
LETHE	Fluss im Hades	klassisch	de	2	user:cwr
NIGER	Fluss in Afrika	klassisch	de	2	user:cwr
MURR	Fluss in Ba-Wü	klassisch	de	2	user:cwr
INN	Fluss in Bayern	klassisch	de	2	user:cwr
SAANE	Fluss in der Schweiz	klassisch	de	2	user:cwr
EXE	Fluss in England	klassisch	de	2	user:cwr
AGRI	Fluss in Italien	klassisch	de	2	user:cwr
OISE	Fluss in Nordfrankreich	klassisch	de	2	user:cwr
ENE	Fluss in Peru	klassisch	de	2	user:cwr
LEBA	Fluss in Pommern	klassisch	de	2	user:cwr
TUA	Fluss in Portugal	klassisch	de	2	user:cwr
TAY	Fluss in Schottland	klassisch	de	2	user:cwr
ILM	Fluss in Thüringen	klassisch	de	2	user:cwr
NENE	Fluss z. Wash	klassisch	de	2	user:cwr
EMS	Fluss zum Dollart	klassisch	de	2	user:cwr
OOS	Flüsschen in Baden	klassisch	de	2	user:cwr
OELE	flüssige Fette	klassisch	de	2	user:cwr
BRUEHE	flüssige Speise	klassisch	de	2	user:cwr
PLASMA	flüssiger Teil des Blutes	klassisch	de	2	user:cwr
OEL	flüssiges Fett	klassisch	de	2	user:cwr
BLUT	Flüssigkeit im Körper	klassisch	de	2	user:cwr
ROHR	Flüssigkeitsleitung	klassisch	de	2	user:cwr
AUE	Flusslandschaft	klassisch	de	2	user:cwr
DELTA	Flussmündung	klassisch	de	2	user:cwr
TEXT	Folge von alphanumerisch. Zeichen	klassisch	de	2	user:cwr
FAZIT	Folgerung	klassisch	de	2	user:cwr
DAHER	folglich	klassisch	de	2	user:cwr
ALSO	folglich, deshalb	klassisch	de	2	user:cwr
ALSO	folglich, somit	klassisch	de	2	user:cwr
MARTER	Folter, Qual	klassisch	de	2	user:cwr
SPONSOR	Förderer	klassisch	de	2	user:cwr
WURZ	Formel1-Pilot 1997/2007 (Alexand.)	klassisch	de	2	user:cwr
MANTRA	formelhafte Wortfolge	klassisch	de	2	user:cwr
ZEREMONIE	Förmlichkeit	klassisch	de	2	user:cwr
AB	fort, weg	klassisch	de	2	user:cwr
FAHRT	Fortbewegungsart	klassisch	de	2	user:cwr
SERIE	Fortsetzungsfolge	klassisch	de	2	user:cwr
EPISODEN	Fortsetzungsfolgen	klassisch	de	2	user:cwr
OEL	fossiler Brennstoff	klassisch	de	2	user:cwr
KAMERA	Fotoapparat	klassisch	de	2	user:cwr
REPRO	fotograf. Nachbildung (Kw.)	klassisch	de	2	user:cwr
SAFARI	Fotoreise in Afrika	klassisch	de	2	user:cwr
KOLLI	Frachtstücke	klassisch	de	2	user:cwr
WO	Frage nach Ort	klassisch	de	2	user:cwr
WAS	Fragewort	klassisch	de	2	user:cwr
WO	Fragewort	klassisch	de	2	user:cwr
WOBEI	Fragewort	klassisch	de	2	user:cwr
WANN	Fragewort	klassisch	de	2	user:cwr
WEM	Fragewort (3. Fall)	klassisch	de	2	user:cwr
UNSICHER	fraglich, zweifelhaft	klassisch	de	2	user:cwr
DE	franz. Adelsprädikat	klassisch	de	2	user:cwr
LES	franz. Artikel	klassisch	de	2	user:cwr
SUR	franz.: auf	klassisch	de	2	user:cwr
SUE	franz. Autor †	klassisch	de	2	user:cwr
SADE	franz. Autor †	klassisch	de	2	user:cwr
RENNES	franz. Departementhptst.	klassisch	de	2	user:cwr
FIN	franz.: Ende	klassisch	de	2	user:cwr
TET	franz. Fluss	klassisch	de	2	user:cwr
AMI	franz.: Freund	klassisch	de	2	user:cwr
SIRE	franz. Fürstenanrede	klassisch	de	2	user:cwr
TU	franz. Fürwort: du	klassisch	de	2	user:cwr
CROISSANT	franz. Gebäck	klassisch	de	2	user:cwr
EIFFEL	franz. Ingenieur	klassisch	de	2	user:cwr
ILE	franz.: Insel	klassisch	de	2	user:cwr
NOE	franz. Karikaturist †	klassisch	de	2	user:cwr
CARTE	franz.: Karte	klassisch	de	2	user:cwr
RENOIR	franz. Maler (1841-1919)	klassisch	de	2	user:cwr
LOU	franz. Männername	klassisch	de	2	user:cwr
LUNE	franz.: Mond	klassisch	de	2	user:cwr
NOM	franz.: Name	klassisch	de	2	user:cwr
ARC	franz. Nationalheldin, Jeanne d’	klassisch	de	2	user:cwr
EST	franz.: Osten	klassisch	de	2	user:cwr
LES	franz. Pluralartikel	klassisch	de	2	user:cwr
CLAIRET	franz. Rotwein	klassisch	de	2	user:cwr
CLE	franz.: Schlüssel	klassisch	de	2	user:cwr
CRI	franz.: Schrei	klassisch	de	2	user:cwr
SUE	franz. Schriftsteller † 1857	klassisch	de	2	user:cwr
LAC	franz.: See	klassisch	de	2	user:cwr
AME	franz.: Seele	klassisch	de	2	user:cwr
TRES	franz.: sehr	klassisch	de	2	user:cwr
ETE	franz.: Sommer	klassisch	de	2	user:cwr
AY	franz. Stadt	klassisch	de	2	user:cwr
ARLES	franz. Stadt am Rhône-Delta	klassisch	de	2	user:cwr
RUE	franz.: Straße	klassisch	de	2	user:cwr
SEC	franz.: trocken (Wein)	klassisch	de	2	user:cwr
DIDOT	franz. Verlegerfamilie (18. Jh.)	klassisch	de	2	user:cwr
LAI	franz. Verserzählung des MA.	klassisch	de	2	user:cwr
EAU	franz.: Wasser	klassisch	de	2	user:cwr
BRIE	franz. Weichkäse	klassisch	de	2	user:cwr
BLE	franz.: Weizen	klassisch	de	2	user:cwr
ABBE	franz. Weltgeistlicher	klassisch	de	2	user:cwr
OR	französ.: Gold	klassisch	de	2	user:cwr
ET	französ.: und	klassisch	de	2	user:cwr
SOIR	französisch: Abend	klassisch	de	2	user:cwr
ERE	französisch: Ära	klassisch	de	2	user:cwr
SUR	französisch: auf	klassisch	de	2	user:cwr
ROI	französisch: König	klassisch	de	2	user:cwr
MON	französisch: mein	klassisch	de	2	user:cwr
NUIT	französisch: Nacht	klassisch	de	2	user:cwr
EST	französisch: Osten	klassisch	de	2	user:cwr
TRES	französisch: sehr	klassisch	de	2	user:cwr
EN	französisch, span.: in	klassisch	de	2	user:cwr
RUE	französisch: Straße	klassisch	de	2	user:cwr
PEU	französisch: wenig	klassisch	de	2	user:cwr
ELSASS	französische Landschaft	klassisch	de	2	user:cwr
NON	französische Verneinung	klassisch	de	2	user:cwr
NINON	französischer Frauenname	klassisch	de	2	user:cwr
FLIC	französischer Polizist	klassisch	de	2	user:cwr
MEDOC	französischer Rotwein	klassisch	de	2	user:cwr
BECAUD	französischer Sänger (Gilbert)	klassisch	de	2	user:cwr
UNE	französischer unbest. Artikel	klassisch	de	2	user:cwr
EVA	Frau Adams	klassisch	de	2	user:cwr
BEGUM	Frau des Aga Khan	klassisch	de	2	user:cwr
RAHEL	Frau Jakobs (A.T.)	klassisch	de	2	user:cwr
DAMEN	Frauen	klassisch	de	2	user:cwr
ANNI	Frauenkosename	klassisch	de	2	user:cwr
AENNI	Frauenkosename	klassisch	de	2	user:cwr
DORO	Frauenkurzname	klassisch	de	2	user:cwr
LU	Frauenkurzname	klassisch	de	2	user:cwr
TINKA	Frauenkurzname	klassisch	de	2	user:cwr
LIS	Frauenkurzname	klassisch	de	2	user:cwr
STEFFI	Frauenkurzname	klassisch	de	2	user:cwr
SABINA	Frauenname	klassisch	de	2	user:cwr
KAETE	Frauenname	klassisch	de	2	user:cwr
INA	Frauenname	klassisch	de	2	user:cwr
GESA	Frauenname	klassisch	de	2	user:cwr
PIA	Frauenname	klassisch	de	2	user:cwr
ALTE	Frauenrolle	klassisch	de	2	user:cwr
BRA	Frauenunterkleidung	klassisch	de	2	user:cwr
BH	Frauenunterkleidung (Abk.)	klassisch	de	2	user:cwr
GOER	freches Kind	klassisch	de	2	user:cwr
OHNE	frei von	klassisch	de	2	user:cwr
PUR	frei von Zusätzen	klassisch	de	2	user:cwr
LIBERO	freier Abwehrmann	klassisch	de	2	user:cwr
LIBERO	freier Verteidiger im Fußball (früher)	klassisch	de	2	user:cwr
ARREST	Freiheitsentzug	klassisch	de	2	user:cwr
AUSFAHRT	freizuhaltender Torweg	klassisch	de	2	user:cwr
EXOT	fremdart. Tier	klassisch	de	2	user:cwr
TOURISMUS	Fremdenverkehr	klassisch	de	2	user:cwr
EXO	Fremdwortteil: außen	klassisch	de	2	user:cwr
EP	Fremdwortteil: bei, daneben	klassisch	de	2	user:cwr
DI	Fremdwortteil: doppelt	klassisch	de	2	user:cwr
TRI	Fremdwortteil: drei	klassisch	de	2	user:cwr
ANA	Fremdwortteil: entsprechend	klassisch	de	2	user:cwr
TELE	Fremdwortteil: fern, weit	klassisch	de	2	user:cwr
ANTI	Fremdwortteil: gegen	klassisch	de	2	user:cwr
ISO	Fremdwortteil: gleich	klassisch	de	2	user:cwr
PERI	Fremdwortteil: herum	klassisch	de	2	user:cwr
ZYKLO	Fremdwortteil: Kreis	klassisch	de	2	user:cwr
MEGA	Fremdwortteil: lang, mächtig	klassisch	de	2	user:cwr
MEGA	Fremdwortteil: Million	klassisch	de	2	user:cwr
MESO	Fremdwortteil: mittel	klassisch	de	2	user:cwr
PAR	Fremdwortteil: neben	klassisch	de	2	user:cwr
AUT	Fremdwortteil: selbst	klassisch	de	2	user:cwr
HYPER	Fremdwortteil: über	klassisch	de	2	user:cwr
SUB	Fremdwortteil: unter	klassisch	de	2	user:cwr
PRAE	Fremdwortteil: vor	klassisch	de	2	user:cwr
HYDRO	Fremdwortteil: Wasser	klassisch	de	2	user:cwr
HYD	Fremdwortteil: Wasser	klassisch	de	2	user:cwr
LEUK	Fremdwortteil: weiß	klassisch	de	2	user:cwr
RE	Fremdwortteil: wieder	klassisch	de	2	user:cwr
INTER	Fremdwortteil: zwischen	klassisch	de	2	user:cwr
AESEN	fressen (Rotwild)	klassisch	de	2	user:cwr
GRASEN	fressen, weiden	klassisch	de	2	user:cwr
ERNIE	Freund von Bert (Sesamstraße)	klassisch	de	2	user:cwr
BERT	Freund von Ernie	klassisch	de	2	user:cwr
LUPO	Freund von 'Fix und Foxi'	klassisch	de	2	user:cwr
ANNIKA	Freundin von Pippi Langstrumpf	klassisch	de	2	user:cwr
NETT	freundlich	klassisch	de	2	user:cwr
SUENDER	Frevler gegen Kirchengebote	klassisch	de	2	user:cwr
GORE	Friedensnobelpreisträger 2007	klassisch	de	2	user:cwr
NEUBAU	frisch fertiggestelltes Haus	klassisch	de	2	user:cwr
QUARK	Frischkäse	klassisch	de	2	user:cwr
POMMES	Fritten	klassisch	de	2	user:cwr
LUSTIG	fröhlich, heiter	klassisch	de	2	user:cwr
HEITER	fröhlich, vergnügt	klassisch	de	2	user:cwr
UNKE	Froschlurch	klassisch	de	2	user:cwr
KAELTE	Frost	klassisch	de	2	user:cwr
EISBLUME	Frostgebilde an Glasscheiben	klassisch	de	2	user:cwr
KALT	frostig	klassisch	de	2	user:cwr
HIMBEERE	Frucht für Marmelade	klassisch	de	2	user:cwr
ESTER	Fruchtaromaträger	klassisch	de	2	user:cwr
JAM	Fruchtaufstrich (Eng.)	klassisch	de	2	user:cwr
LOESS	fruchtbare Bodenart	klassisch	de	2	user:cwr
BOERDE	fruchtbare Niederung	klassisch	de	2	user:cwr
DROPS	Fruchtbonbons	klassisch	de	2	user:cwr
MUS	Fruchtbrei	klassisch	de	2	user:cwr
OBST	Früchte	klassisch	de	2	user:cwr
OBSTSAFT	Fruchtgetränk	klassisch	de	2	user:cwr
SCHALE	Fruchthülle	klassisch	de	2	user:cwr
KERN	Fruchtstein	klassisch	de	2	user:cwr
ZEITIG	früh	klassisch	de	2	user:cwr
VORWARNEN	früh alarmieren	klassisch	de	2	user:cwr
AAKE	früh. Rhein-Weinboot	klassisch	de	2	user:cwr
EHER	früher	klassisch	de	2	user:cwr
RANI	früher: Frau e. ind. Fürsten	klassisch	de	2	user:cwr
RANI	früher: Frau eines ind. Fürsten	klassisch	de	2	user:cwr
MIR	frühere russ. Raumstation	klassisch	de	2	user:cwr
AGAS	frühere türk. Titel	klassisch	de	2	user:cwr
ALANE	früherer Kaukasier	klassisch	de	2	user:cwr
ULAN	früherer Lanzenreiter	klassisch	de	2	user:cwr
EDO	früherer Name Tokios	klassisch	de	2	user:cwr
EDO	früherer Name von Tokio	klassisch	de	2	user:cwr
EX	Früherer Partner	klassisch	de	2	user:cwr
EDLE	früherer weiblicher Adelstitel	klassisch	de	2	user:cwr
COMTE	frz. Adelstitel	klassisch	de	2	user:cwr
LE	frz. Artikel	klassisch	de	2	user:cwr
LES	frz. Artikel	klassisch	de	2	user:cwr
SUE	frz. Autor (Eugène, † 1857)	klassisch	de	2	user:cwr
LYS	frz.-belg. Fluss (dt.: Leie)	klassisch	de	2	user:cwr
RFA	frz.: BRD	klassisch	de	2	user:cwr
EDOUARD	frz. Maler (... Manet, † 1883)	klassisch	de	2	user:cwr
CESAR	frz. Männername	klassisch	de	2	user:cwr
MER	frz.: Meer	klassisch	de	2	user:cwr
FEL	frz. Opernsängerin †	klassisch	de	2	user:cwr
SARTRE	frz. Philosoph	klassisch	de	2	user:cwr
SEL	frz.: Salz	klassisch	de	2	user:cwr
ALES	frz. Stadt	klassisch	de	2	user:cwr
NIMES	frz. Stadt	klassisch	de	2	user:cwr
LOIRE	frz. Strom	klassisch	de	2	user:cwr
VAL	frz.: Tal	klassisch	de	2	user:cwr
CANCAN	frz. Tanz	klassisch	de	2	user:cwr
UNE	frz. unbest. Artikel	klassisch	de	2	user:cwr
PEU	frz.: wenig	klassisch	de	2	user:cwr
NUT	Fuge im Holz	klassisch	de	2	user:cwr
KITT	Fugenmasse	klassisch	de	2	user:cwr
MENGE	Fülle, Vielzahl	klassisch	de	2	user:cwr
INHALT	Füllung	klassisch	de	2	user:cwr
AEH	Füllwort	klassisch	de	2	user:cwr
PFUND	fünfhundert Gramm	klassisch	de	2	user:cwr
HAELFTE	fünfzig Prozent	klassisch	de	2	user:cwr
ALFA	Funkalphabet A	klassisch	de	2	user:cwr
WLAN	Funknetz (Afk.)	klassisch	de	2	user:cwr
RADAR	Funkortung, -peilung	klassisch	de	2	user:cwr
RADAR	Funkortungsverfahren	klassisch	de	2	user:cwr
DAZU	für diesen Zweck, dafür	klassisch	de	2	user:cwr
EWIG	für immer	klassisch	de	2	user:cwr
PRO	für, je (lat.)	klassisch	de	2	user:cwr
JE	für, pro	klassisch	de	2	user:cwr
HOHEIT	Fürstenanrede	klassisch	de	2	user:cwr
HOF	Fürstenhaushalt	klassisch	de	2	user:cwr
MONACO	Fürstentum an der Côte d'Azur	klassisch	de	2	user:cwr
EURE	Fürwort	klassisch	de	2	user:cwr
UNSER	Fürwort	klassisch	de	2	user:cwr
DIR	Fürwort	klassisch	de	2	user:cwr
ES	Fürwort	klassisch	de	2	user:cwr
PUP	Furzgeräusch	klassisch	de	2	user:cwr
ARMINIA	Fußballclub in Bielefeld	klassisch	de	2	user:cwr
KRANKL	Fußballer der 1970/80er (Hans)	klassisch	de	2	user:cwr
ELF	Fußballmannschaft	klassisch	de	2	user:cwr
MERKEL	Fußballtrainer (Max, † 2006)	klassisch	de	2	user:cwr
TOR	Fußballtreffer	klassisch	de	2	user:cwr
KSC	Fußballverein (Abk.)	klassisch	de	2	user:cwr
TOTO	Fußballwette	klassisch	de	2	user:cwr
SCHUH	Fußbekleidung	klassisch	de	2	user:cwr
DIELE	Fußbodenbrett	klassisch	de	2	user:cwr
STEG	Fußbrücke	klassisch	de	2	user:cwr
PFOTEN	Füße (Hund)	klassisch	de	2	user:cwr
ZEH	Fußfinger	klassisch	de	2	user:cwr
PASSANT	Fußgänger	klassisch	de	2	user:cwr
ZEHE	Fußglied	klassisch	de	2	user:cwr
ZEH	Fußglied	klassisch	de	2	user:cwr
LEIST	Fußkrankheit bei Pferden	klassisch	de	2	user:cwr
MADE	fußlose Insektenlarve	klassisch	de	2	user:cwr
WEG	Fußpfad	klassisch	de	2	user:cwr
RIST	Fußrücken	klassisch	de	2	user:cwr
TRITT	Fußstoß	klassisch	de	2	user:cwr
PFAD	Fußweg	klassisch	de	2	user:cwr
BERGPFAD	Fußweg im Gebirge	klassisch	de	2	user:cwr
ETUI	Futteral	klassisch	de	2	user:cwr
ETUIS	Futterale	klassisch	de	2	user:cwr
TROG	Futterbehälter	klassisch	de	2	user:cwr
NAPF	Futtergefäß	klassisch	de	2	user:cwr
KLEE	Futterpflanze	klassisch	de	2	user:cwr
LUPINE	Futterpflanze, Zierpflanze	klassisch	de	2	user:cwr
NAPF	Futterschale	klassisch	de	2	user:cwr
ALMOSEN	Gabe an Arme	klassisch	de	2	user:cwr
OPFER	Gabe an die Götter	klassisch	de	2	user:cwr
ABZWEIG	Gabelung (Weg)	klassisch	de	2	user:cwr
JETT	Gagat	klassisch	de	2	user:cwr
EMPORE	Galerie, Innenbalkon	klassisch	de	2	user:cwr
GEL	gallertartige Substanz	klassisch	de	2	user:cwr
GEL	Gallertmasse	klassisch	de	2	user:cwr
UNRUH	Gangregler im Uhrwerk	klassisch	de	2	user:cwr
GAUNER	Ganove	klassisch	de	2	user:cwr
INSGESAMT	gänzlich	klassisch	de	2	user:cwr
SILO	Gärfutterbehälter	klassisch	de	2	user:cwr
ZWIRN	Garn mit hoher Reißfestigkeit	klassisch	de	2	user:cwr
SET	Garnitur	klassisch	de	2	user:cwr
HEFE	Gärpilz	klassisch	de	2	user:cwr
TRUB	Gärrest beim Wein	klassisch	de	2	user:cwr
WIRT	Gastgeber	klassisch	de	2	user:cwr
CAFE	Gaststättenart	klassisch	de	2	user:cwr
EHEMANN	Gatte	klassisch	de	2	user:cwr
ADAM	Gatte der Eva	klassisch	de	2	user:cwr
EHEFRAU	Gattin	klassisch	de	2	user:cwr
SIF	Gattin des Thor	klassisch	de	2	user:cwr
ELSA	Gattin Lohengrins	klassisch	de	2	user:cwr
ONO	Gattin von John Lennon (Yoko)	klassisch	de	2	user:cwr
ART	Gattung	klassisch	de	2	user:cwr
GENRE	Gattung	klassisch	de	2	user:cwr
GANOVE	Gauner	klassisch	de	2	user:cwr
BAZI	Gauner, Schlingel	klassisch	de	2	user:cwr
BANDIT	Gauner, Straßenräuber	klassisch	de	2	user:cwr
BAU	Gebäude	klassisch	de	2	user:cwr
HAUS	Gebäude	klassisch	de	2	user:cwr
MUSEUM	Gebäude für Sammlungen	klassisch	de	2	user:cwr
TRAKT	Gebäudeflügel	klassisch	de	2	user:cwr
ECKHAUS	Gebäudetyp	klassisch	de	2	user:cwr
KLAUSUR	Gebetsraum im Kloster	klassisch	de	2	user:cwr
IDA	Gebirge auf Kreta	klassisch	de	2	user:cwr
URAL	Gebirge in Russland	klassisch	de	2	user:cwr
ASIR	Gebirge in SaudiArabien	klassisch	de	2	user:cwr
RILA	Gebirge in SW-Bulgarien	klassisch	de	2	user:cwr
URAL	Gebirge zwischen Europa und Asien	klassisch	de	2	user:cwr
TAL	Gebirgssenke	klassisch	de	2	user:cwr
TAL	Gebirgstal	klassisch	de	2	user:cwr
KANDARE	Gebissstange d. Pferdes	klassisch	de	2	user:cwr
OBEINE	gebogene Gliedmaßen (ugs.)	klassisch	de	2	user:cwr
STEAK	gebratene Fleischschnitte	klassisch	de	2	user:cwr
ANWENDEN	gebrauchen	klassisch	de	2	user:cwr
USUELL	gebräuchlich, üblich	klassisch	de	2	user:cwr
UTENSIL	Gebrauchsgegenstand	klassisch	de	2	user:cwr
KOSTEN	Gebühren, Aufwand an Geld	klassisch	de	2	user:cwr
TARIF	Gebührenordnung	klassisch	de	2	user:cwr
HEIMAT	Geburts-, Herkunftsland	klassisch	de	2	user:cwr
HEIMAT	Geburtsort, Zuhause	klassisch	de	2	user:cwr
ODE	Gedicht	klassisch	de	2	user:cwr
POEM	Gedicht (Eng.)	klassisch	de	2	user:cwr
VERS	Gedichtzeile	klassisch	de	2	user:cwr
ABWARTEN	geduldig bleiben, ausharren	klassisch	de	2	user:cwr
STUNT	gefährl. Filmszene	klassisch	de	2	user:cwr
EITEL	gefallsüchtig	klassisch	de	2	user:cwr
LIKE	Gefällt mir (Eng.)	klassisch	de	2	user:cwr
VASE	Gefäß für Blumen	klassisch	de	2	user:cwr
VASE	Gefäß für Schnittblumen	klassisch	de	2	user:cwr
EIMER	Gefäß im Haushalt	klassisch	de	2	user:cwr
POTT	Gefäß, Topf (ugs.)	klassisch	de	2	user:cwr
PFANNE	Gefäß zum Braten	klassisch	de	2	user:cwr
IMMUN	gefeit	klassisch	de	2	user:cwr
ENTE	Geflügel	klassisch	de	2	user:cwr
GELEIT	Gefolge	klassisch	de	2	user:cwr
TROSS	Gefolgschaft	klassisch	de	2	user:cwr
EISTORTE	Gefrorene Torte	klassisch	de	2	user:cwr
EIS	Gefrorenes	klassisch	de	2	user:cwr
EIS	gefrorenes Wasser	klassisch	de	2	user:cwr
SCHAM	Gefühl des Bloßgestelltseins	klassisch	de	2	user:cwr
FREUDE	Gefühl innerer Heiterkeit	klassisch	de	2	user:cwr
ROH	gefühlskalt	klassisch	de	2	user:cwr
ANTI	Gegen	klassisch	de	2	user:cwr
ANTI	Gegen-Präfix	klassisch	de	2	user:cwr
KONTER	Gegenangriff	klassisch	de	2	user:cwr
ANTI	Gegenpräfix	klassisch	de	2	user:cwr
AKUT	Gegensatz zu: chronisch	klassisch	de	2	user:cwr
NOCH	Gegensatz zu: nicht mehr	klassisch	de	2	user:cwr
DING	Gegenstand	klassisch	de	2	user:cwr
ITEM	Gegenstand (Eng.)	klassisch	de	2	user:cwr
LEE	Gegenteil von Luv	klassisch	de	2	user:cwr
BANE	Gegner Batmans (Comicfigur)	klassisch	de	2	user:cwr
ECK	Gegner Luthers	klassisch	de	2	user:cwr
MET	gegorener Honigsaft	klassisch	de	2	user:cwr
KEFIR	gegorenes Milchprodukt	klassisch	de	2	user:cwr
ABHOLD	geh.: abgeneigt	klassisch	de	2	user:cwr
ZAG	geh.: scheu	klassisch	de	2	user:cwr
SIGNIEREN	geh.: unterschreiben	klassisch	de	2	user:cwr
GETUE	Gehabe	klassisch	de	2	user:cwr
FEME	Geheimgericht	klassisch	de	2	user:cwr
PIN	Geheimzahl, Abk.	klassisch	de	2	user:cwr
PIN	Geheimzahl (Afk.)	klassisch	de	2	user:cwr
DENKSPORT	Gehirntraining	klassisch	de	2	user:cwr
TRUNK	gehoben: Getränk	klassisch	de	2	user:cwr
HAMMEL	gehörnter Paarhufer	klassisch	de	2	user:cwr
ESPRIT	Geist, Witz	klassisch	de	2	user:cwr
SPUK	Geistererscheinung	klassisch	de	2	user:cwr
KULTUR	Geistesschaffen	klassisch	de	2	user:cwr
TRANSUSE	geistig träge Person (ugs.)	klassisch	de	2	user:cwr
PASTOR	Geistlicher	klassisch	de	2	user:cwr
PSALM	geistliches Lied	klassisch	de	2	user:cwr
BUCKLIG	gekrümmt	klassisch	de	2	user:cwr
AFFIG	gekünstelt, eitel wirkend (ugs.)	klassisch	de	2	user:cwr
ION	Geladenes Atom	klassisch	de	2	user:cwr
ION	geladenes Teilchen	klassisch	de	2	user:cwr
TAL	Geländeform	klassisch	de	2	user:cwr
ENDURO	Geländemotorrad	klassisch	de	2	user:cwr
TAL	Geländevertiefung	klassisch	de	2	user:cwr
JEEP	Geländewagen (Eng.)	klassisch	de	2	user:cwr
GOLDRUTE	gelb blühende Staude	klassisch	de	2	user:cwr
QUITTE	gelbe Kernfrucht	klassisch	de	2	user:cwr
RAPS	Gelbe Ölpflanze	klassisch	de	2	user:cwr
FRANC	Geld aus Frankreich	klassisch	de	2	user:cwr
PREIS	Geldgegenwert	klassisch	de	2	user:cwr
BANK	Geldinstitut	klassisch	de	2	user:cwr
SPK	Geldinstitut (Abk.)	klassisch	de	2	user:cwr
ETATS	Geldmittel, Budget (Mz.)	klassisch	de	2	user:cwr
NOTE	Geldschein	klassisch	de	2	user:cwr
ASPIK	Geleesülze	klassisch	de	2	user:cwr
JOB	Gelegenheitsarbeit	klassisch	de	2	user:cwr
AIDA	Geliebte des Radames	klassisch	de	2	user:cwr
LEDA	Geliebte des Zeus	klassisch	de	2	user:cwr
DANAE	Geliebte des Zeus	klassisch	de	2	user:cwr
IO	Geliebte des Zeus	klassisch	de	2	user:cwr
SEMELE	Geliebte des Zeus, Mutter d. Dionysos	klassisch	de	2	user:cwr
DELILA	Geliebte Samsons im A. T.	klassisch	de	2	user:cwr
KRAUS	gelockt	klassisch	de	2	user:cwr
OPEC	Gem. Erdöl export. Länder	klassisch	de	2	user:cwr
EHEGATTE	Gemahl	klassisch	de	2	user:cwr
PENELOPE	Gemahlin des Odysseus	klassisch	de	2	user:cwr
OELFARBE	Gemäldebestandteil	klassisch	de	2	user:cwr
ACH	Gemeinde im Innviertel (Hochburg-...)	klassisch	de	2	user:cwr
WEINORT	Gemeinde mit vielen Winzerbetrieben	klassisch	de	2	user:cwr
EBENTHAL	Gemeinde südöstlich von Klagenfurt	klassisch	de	2	user:cwr
RAT	Gemeindeparlament	klassisch	de	2	user:cwr
SOZIAL	Gemeinnützig	klassisch	de	2	user:cwr
BERATEN	gemeinsam besprechen	klassisch	de	2	user:cwr
EURO	Gemeinsame Währung	klassisch	de	2	user:cwr
GRUPPE	Gemeinschaft, Abteilung	klassisch	de	2	user:cwr
MASSAKER	Gemetzel	klassisch	de	2	user:cwr
MIX	Gemisch, spezielle Mischung	klassisch	de	2	user:cwr
KOHL	Gemüsepflanze	klassisch	de	2	user:cwr
EXAKT	genau	klassisch	de	2	user:cwr
STRATEGIE	genau geplantes Vorgehen	klassisch	de	2	user:cwr
REHA	Genesungskur	klassisch	de	2	user:cwr
ERBGUT	Geninformationen	klassisch	de	2	user:cwr
PCR	Genkopierverfahren (Afk.)	klassisch	de	2	user:cwr
MASS	genormter Gegenstand	klassisch	de	2	user:cwr
AUF	geöffnet (ugs.)	klassisch	de	2	user:cwr
ATLAS	geografisches Kartenwerk	klassisch	de	2	user:cwr
GAL	geophys. Einheit	klassisch	de	2	user:cwr
AKAKI	georgischer Fürstenname	klassisch	de	2	user:cwr
APOINT	gerade durchgebraten	klassisch	de	2	user:cwr
EBEN	gerade erst	klassisch	de	2	user:cwr
NAGELNEU	gerade erst erworben (ugs.)	klassisch	de	2	user:cwr
STRICH	gerade verlaufende Linie	klassisch	de	2	user:cwr
HANTEL	Gerät der Gewichtheber	klassisch	de	2	user:cwr
LINEAL	Gerät z. Messen der Länge	klassisch	de	2	user:cwr
MAEHER	Gerät zum Rasenkürzen	klassisch	de	2	user:cwr
SONAR	Gerät zur Schallortung	klassisch	de	2	user:cwr
STIL	Geräuschlos	klassisch	de	2	user:cwr
SCHMATZEN	geräuschvoll essen	klassisch	de	2	user:cwr
FAIR	gerecht	klassisch	de	2	user:cwr
ERREGT	gereizt, unruhig	klassisch	de	2	user:cwr
TRIBUNAL	Gerichtshof	klassisch	de	2	user:cwr
AKTUAR	Gerichtsschreiber (veralt.)	klassisch	de	2	user:cwr
PROZESS	Gerichtsverfahren	klassisch	de	2	user:cwr
DEUT	Geringstes	klassisch	de	2	user:cwr
RIPS	geripptes Gewebe	klassisch	de	2	user:cwr
DAG	germ. Gott	klassisch	de	2	user:cwr
RUNE	germ. Schriftzeichen	klassisch	de	2	user:cwr
LOKI	german. Gott	klassisch	de	2	user:cwr
DONAR	german. Gott des Donners	klassisch	de	2	user:cwr
FRO	german. Gottheit	klassisch	de	2	user:cwr
GOTEN	german. Volk	klassisch	de	2	user:cwr
JULFEST	german. Wintersonnenwendfeier	klassisch	de	2	user:cwr
ASE	germanische Gottheit	klassisch	de	2	user:cwr
UBIER	germanischer Volksstamm	klassisch	de	2	user:cwr
GER	germanischer Wurfspieß	klassisch	de	2	user:cwr
BELIEBT	gern gesehen	klassisch	de	2	user:cwr
BIER	Gerstenbräu	klassisch	de	2	user:cwr
RUTE	Gerte, Stöckchen	klassisch	de	2	user:cwr
AROMA	Geruch	klassisch	de	2	user:cwr
NASE	Geruchsorgan	klassisch	de	2	user:cwr
KRAMURI	Gerümpel (ugs.)	klassisch	de	2	user:cwr
LAUB	Gesamtheit der Baumblätter	klassisch	de	2	user:cwr
VOLK	Gesamtheit der Staatsbürger	klassisch	de	2	user:cwr
SEELE	Gesamtheit des Fühlens	klassisch	de	2	user:cwr
DUO	Gesangspaar	klassisch	de	2	user:cwr
LADEN	Geschäft	klassisch	de	2	user:cwr
DEALS	Geschäfte (engl.)	klassisch	de	2	user:cwr
BUERO	Geschäftszimmer	klassisch	de	2	user:cwr
KLUG	Gescheit	klassisch	de	2	user:cwr
HEUHAUFEN	geschichtetes Trockenfutter	klassisch	de	2	user:cwr
LIST	geschickte Täuschung	klassisch	de	2	user:cwr
STRATEGE	geschickter Planer	klassisch	de	2	user:cwr
ZU	geschlossen	klassisch	de	2	user:cwr
GUSTO	Geschmack	klassisch	de	2	user:cwr
FADE	geschmacklos	klassisch	de	2	user:cwr
HERB	Geschmacksrichtung	klassisch	de	2	user:cwr
KREATUR	Geschöpf	klassisch	de	2	user:cwr
FASELEI	Geschwätz	klassisch	de	2	user:cwr
REDEREI	Geschwätz, Klatsch	klassisch	de	2	user:cwr
TEMPO	Geschwindigkeit	klassisch	de	2	user:cwr
TACHOMETER	Geschwindigkeitsmesser	klassisch	de	2	user:cwr
GEMA	Gesellschaft f. Musikrechte	klassisch	de	2	user:cwr
SALON	Gesellschaftszimmer	klassisch	de	2	user:cwr
RECHT	Gesetz	klassisch	de	2	user:cwr
FEIERTAG	gesetz. Ruhezeit	klassisch	de	2	user:cwr
THORA	Gesetzbuch der Juden	klassisch	de	2	user:cwr
KIEBERER	Gesetzeshüter	klassisch	de	2	user:cwr
LEGAL	gesetzmäßig, gesetzlich	klassisch	de	2	user:cwr
BART	Gesichtsbehaarung	klassisch	de	2	user:cwr
ASPEKT	Gesichtspunkt	klassisch	de	2	user:cwr
VISIER	Gesichtsschutz am Helm	klassisch	de	2	user:cwr
MASKE	Gesichtstarnung	klassisch	de	2	user:cwr
KINN	Gesichtsteil	klassisch	de	2	user:cwr
PAK	Gesindel	klassisch	de	2	user:cwr
PACK	Gesindel, Pöbel	klassisch	de	2	user:cwr
SUD	Gesottenes, Gekochtes	klassisch	de	2	user:cwr
GEIST	Gespenst	klassisch	de	2	user:cwr
SPUK	Gespenstertreiben	klassisch	de	2	user:cwr
THEMA	Gesprächsstoff	klassisch	de	2	user:cwr
RAD	gespreizter Pfauenschwanz	klassisch	de	2	user:cwr
EMIL	Gestalt b. Kästner	klassisch	de	2	user:cwr
ELSA	Gestalt b. Wagner	klassisch	de	2	user:cwr
ARIEL	Gestalt bei Shakespeare	klassisch	de	2	user:cwr
ELSA	Gestalt bei Wagner	klassisch	de	2	user:cwr
AIAS	Gestalt d. Troja-Sage (Ajax)	klassisch	de	2	user:cwr
ALIBABA	Gestalt in ‚1001 Nacht‘	klassisch	de	2	user:cwr
PUEREE	gestampftes Gemüse	klassisch	de	2	user:cwr
ZUGEBEN	gestehen	klassisch	de	2	user:cwr
ALBIT	gesteinsbildendes Mineral	klassisch	de	2	user:cwr
MAGMA	Gesteinsschmelze	klassisch	de	2	user:cwr
STAFFELEI	Gestell für Gemälde	klassisch	de	2	user:cwr
TRAGE	Gestell zum Krankentransport	klassisch	de	2	user:cwr
ANTRAG	Gesuch	klassisch	de	2	user:cwr
LAERM	Getöse	klassisch	de	2	user:cwr
SPEKTAKEL	Getöse, Klamauk	klassisch	de	2	user:cwr
TEE	Getränk	klassisch	de	2	user:cwr
APFELSAFT	Getränk	klassisch	de	2	user:cwr
AEHRE	Getreideblütenstand	klassisch	de	2	user:cwr
GARBE	Getreidebündel	klassisch	de	2	user:cwr
REIS	Getreidekörner	klassisch	de	2	user:cwr
RADE	Getreideunkraut	klassisch	de	2	user:cwr
ROSINE	Getrocknete Traube	klassisch	de	2	user:cwr
HEU	Getrocknetes Gras	klassisch	de	2	user:cwr
VERSIERT	geübt	klassisch	de	2	user:cwr
UHAFT	Gewahrsam (Kw.)	klassisch	de	2	user:cwr
ORKAN	gewaltiger Sturm	klassisch	de	2	user:cwr
SEE	Gewässer	klassisch	de	2	user:cwr
OSTSEE	Gewässer in Nordeuropa	klassisch	de	2	user:cwr
UFER	Gewässerrand	klassisch	de	2	user:cwr
FROTTEE	Gewebe mit bes. Saugfähigkeit	klassisch	de	2	user:cwr
TARA	Gewicht der Verpackung	klassisch	de	2	user:cwr
UNZE	Gewichtseinheit	klassisch	de	2	user:cwr
WAAGE	Gewichtsmessgerät	klassisch	de	2	user:cwr
SIEG	Gewinn	klassisch	de	2	user:cwr
SORGSAM	gewissenhaft	klassisch	de	2	user:cwr
REUE	Gewissensbiss	klassisch	de	2	user:cwr
QUASI	gewissermaßen	klassisch	de	2	user:cwr
DONNER	Gewittererscheinung	klassisch	de	2	user:cwr
GROLLEN	Gewittergeräusch	klassisch	de	2	user:cwr
LISTIG	gewitzt	klassisch	de	2	user:cwr
TAT	gewollte Handlung	klassisch	de	2	user:cwr
KAPER	Gewürz	klassisch	de	2	user:cwr
OREGANO	Gewürz	klassisch	de	2	user:cwr
ANIS	Gewürz	klassisch	de	2	user:cwr
ANIS	Gewürz, Doldengewächs	klassisch	de	2	user:cwr
NELKE	Gewürzknospe	klassisch	de	2	user:cwr
SUR	gewürztes Salzwasser	klassisch	de	2	user:cwr
TIDE	Gezeiten	klassisch	de	2	user:cwr
TIDE	Gezeitenstrom	klassisch	de	2	user:cwr
BETRUG	gezielte Täuschung	klassisch	de	2	user:cwr
POSE	gezierte Haltung	klassisch	de	2	user:cwr
PRAXIS	Ggt. v. Theorie	klassisch	de	2	user:cwr
UNKA	Gibbon	klassisch	de	2	user:cwr
LAR	Gibbon	klassisch	de	2	user:cwr
LAR	Gibbonaffenart	klassisch	de	2	user:cwr
ARSEN	Giftiges Element	klassisch	de	2	user:cwr
ARSEN	giftiges Halbmetall	klassisch	de	2	user:cwr
INNUNG	Gilde, Berufsverband	klassisch	de	2	user:cwr
PEAK	Gipfel (Eng.)	klassisch	de	2	user:cwr
ROST	gitterförmige Unterlage	klassisch	de	2	user:cwr
LACK	glänzender Überzug	klassisch	de	2	user:cwr
MATT	glanzlos	klassisch	de	2	user:cwr
GLASUR	glasartiger Überzug	klassisch	de	2	user:cwr
KLIRR	Glasbruchgeräusch	klassisch	de	2	user:cwr
PRISMA	Glaskeil	klassisch	de	2	user:cwr
BLANK	glatt, glänzend	klassisch	de	2	user:cwr
STAB	glatter Stock	klassisch	de	2	user:cwr
IMAN	Glaube im Islam	klassisch	de	2	user:cwr
DEIST	Glaubensfreidenker	klassisch	de	2	user:cwr
REIM	Gleichklang	klassisch	de	2	user:cwr
EBEN	gleichmäßig flach	klassisch	de	2	user:cwr
PEER	Gleichrangig (Eng.)	klassisch	de	2	user:cwr
WIE	gleichsam	klassisch	de	2	user:cwr
KUFE	Gleiteisen (Schlittschuhe)	klassisch	de	2	user:cwr
TOTEIS	Gletscherrandzone	klassisch	de	2	user:cwr
ZEH	Glied des Fußes	klassisch	de	2	user:cwr
KETTE	Gliederband	klassisch	de	2	user:cwr
GLANZ	Glimmer	klassisch	de	2	user:cwr
BAM	Glockenklang (bim …)	klassisch	de	2	user:cwr
BIM	Glockenlaut	klassisch	de	2	user:cwr
SELIG	glückselig	klassisch	de	2	user:cwr
KLEE	Glückskraut	klassisch	de	2	user:cwr
KLEE	Glückspflanze	klassisch	de	2	user:cwr
FAUST	Goethes Tragödie	klassisch	de	2	user:cwr
AU	Gold (Afk.)	klassisch	de	2	user:cwr
KNOX	Goldlager der USA (Fort ...)	klassisch	de	2	user:cwr
ANKE	Goldschmiedewerkzeug	klassisch	de	2	user:cwr
EAGLE	Golfbegriff	klassisch	de	2	user:cwr
WOOD	Golfschlägerart	klassisch	de	2	user:cwr
TEE	Golfutensil	klassisch	de	2	user:cwr
RANGE	Göre	klassisch	de	2	user:cwr
ALLAH	Gott im Islam	klassisch	de	2	user:cwr
NEKTAR	Göttertrank	klassisch	de	2	user:cwr
SEGEN	Gottes Gunst	klassisch	de	2	user:cwr
FROMM	gottesfürchtig	klassisch	de	2	user:cwr
KULT	Gottesverehrung	klassisch	de	2	user:cwr
ASE	Gottheit der Germanen	klassisch	de	2	user:cwr
IDOL	Götzenbild	klassisch	de	2	user:cwr
NAVI	GPS (Afk.)	klassisch	de	2	user:cwr
THETA	gr. Buchstabe	klassisch	de	2	user:cwr
CHI	gr. Buchstabe	klassisch	de	2	user:cwr
ZETA	gr. Buchstabe	klassisch	de	2	user:cwr
ATE	gr. Göttin	klassisch	de	2	user:cwr
SALAMIS	gr. Insel im Saronischen Golf	klassisch	de	2	user:cwr
ATHOS	gr. Mönchsrepublik	klassisch	de	2	user:cwr
RIP	Grabinschrift	klassisch	de	2	user:cwr
SKALA	Gradleiste	klassisch	de	2	user:cwr
MOL	Grammmolekül	klassisch	de	2	user:cwr
SPIER	Grasspitze	klassisch	de	2	user:cwr
ROH	grausam, gefühllos	klassisch	de	2	user:cwr
ESEL	Grautier	klassisch	de	2	user:cwr
ATZ	Greifvogelfutter	klassisch	de	2	user:cwr
RAT	Gremium	klassisch	de	2	user:cwr
ZOLL	Grenzabgabe	klassisch	de	2	user:cwr
LAA	Grenzort zu Mähren (... an der Taya)	klassisch	de	2	user:cwr
APO	griech.: ab, weg	klassisch	de	2	user:cwr
PHI	Griech. Buchstabe	klassisch	de	2	user:cwr
ZETA	griech. Buchstabe	klassisch	de	2	user:cwr
PSI	Griech. Buchstabe	klassisch	de	2	user:cwr
THETA	griech. Buchstabe	klassisch	de	2	user:cwr
XI	Griech. Buchstabe	klassisch	de	2	user:cwr
GAIA	griech. Erdgöttin	klassisch	de	2	user:cwr
METEORA	griech. Felsenklöster	klassisch	de	2	user:cwr
OETA	griech. Gebirge	klassisch	de	2	user:cwr
ATE	griech. Göttin	klassisch	de	2	user:cwr
AGLAIA	griech. Göttin der Anmut	klassisch	de	2	user:cwr
HEBE	griech. Göttin der Jugend	klassisch	de	2	user:cwr
EOS	griech. Göttin der Morgenröte	klassisch	de	2	user:cwr
RHEA	griech. Göttin, Mutter des Zeus	klassisch	de	2	user:cwr
KOS	griech. Insel	klassisch	de	2	user:cwr
KORFU	griech. Insel	klassisch	de	2	user:cwr
TSATSIKI	griech. Knoblauchsoße	klassisch	de	2	user:cwr
ARES	griech. Kriegsgott	klassisch	de	2	user:cwr
EROS	griech. Liebesgott	klassisch	de	2	user:cwr
AER	griech.: Luft	klassisch	de	2	user:cwr
AJAX	griech. Sagenheld	klassisch	de	2	user:cwr
ANANKE	griech. Schicksalsgöttin	klassisch	de	2	user:cwr
SOUFLAKI	griech. Spezialität	klassisch	de	2	user:cwr
THEBEN	griech. Stadt in Böotien	klassisch	de	2	user:cwr
ATE	griech. Unheilsgöttin	klassisch	de	2	user:cwr
HADES	griech. Unterwelt	klassisch	de	2	user:cwr
EPI	griech. Vorsilbe: darüber	klassisch	de	2	user:cwr
ANTI	griech. Vorsilbe: gegen	klassisch	de	2	user:cwr
ISO	griech. Vorsilbe: gleich	klassisch	de	2	user:cwr
ENDO	griech. Vorsilbe: innen	klassisch	de	2	user:cwr
BIO	griech. Vorsilbe: Leben	klassisch	de	2	user:cwr
NEO	griech. Vorsilbe: neu	klassisch	de	2	user:cwr
OTO	griech. Vorsilbe: Ohr	klassisch	de	2	user:cwr
HELLAS	Griechenland	klassisch	de	2	user:cwr
ATE	griechische Unheilsgöttin	klassisch	de	2	user:cwr
NEO	griechische Vorsilbe: neu	klassisch	de	2	user:cwr
SIGMA	griechischer Buchstabe	klassisch	de	2	user:cwr
ETA	griechischer Buchstabe	klassisch	de	2	user:cwr
APOLL	griechischer Gott der Künste	klassisch	de	2	user:cwr
FETA	griechischer Käse	klassisch	de	2	user:cwr
SIRTAKI	griechischer Volkstanz	klassisch	de	2	user:cwr
APOLL	griech.röm. Gott der Künste	klassisch	de	2	user:cwr
GRIP	Griff (Eng.)	klassisch	de	2	user:cwr
BRATROST	Grill	klassisch	de	2	user:cwr
BARBECUE	Grillfest (Eng.)	klassisch	de	2	user:cwr
SMILEY	Grins-Emoji (Eng.)	klassisch	de	2	user:cwr
RUPPIG	grob	klassisch	de	2	user:cwr
DERB	grob	klassisch	de	2	user:cwr
SCHROT	grob gemahlenes Getreide	klassisch	de	2	user:cwr
SISAL	grobe Pflanzenfaser	klassisch	de	2	user:cwr
LUDER	grobes Schimpfwort	klassisch	de	2	user:cwr
PLANTAGE	Großanbaufläche	klassisch	de	2	user:cwr
TOLL	Großartig	klassisch	de	2	user:cwr
TOLL	großartig, begeisternd	klassisch	de	2	user:cwr
POMELO	große birnenförmige Zitrusfrucht	klassisch	de	2	user:cwr
FERNE	große Distanz	klassisch	de	2	user:cwr
MLK	große dt. Wasserstraße (Abk.)	klassisch	de	2	user:cwr
UHU	Große Eule	klassisch	de	2	user:cwr
SCHAR	große Gruppe, Abteilung	klassisch	de	2	user:cwr
TOR	große Mauerdurchfahrt	klassisch	de	2	user:cwr
SEEOHR	große Meeresschnecke	klassisch	de	2	user:cwr
ELEND	große Not	klassisch	de	2	user:cwr
ISS	große Raumstation (Abk.)	klassisch	de	2	user:cwr
AENGSTE	große Sorgen	klassisch	de	2	user:cwr
TORE	große Türen, Pforten	klassisch	de	2	user:cwr
GAENSE	große Wasservögel	klassisch	de	2	user:cwr
HAERTE	große Widerstandsfähigkeit	klassisch	de	2	user:cwr
LIEBE	große Zuneigung, Hingabe	klassisch	de	2	user:cwr
SILO	großer Getreidespeicher	klassisch	de	2	user:cwr
EMU	Großer Laufvogel	klassisch	de	2	user:cwr
IGUANA	großer Leguan d. amerik. Tropen	klassisch	de	2	user:cwr
EULE	großer Nachtvogel	klassisch	de	2	user:cwr
ARA	großer Papagei	klassisch	de	2	user:cwr
HALLE	großer Raum	klassisch	de	2	user:cwr
SAAL	Großer Raum	klassisch	de	2	user:cwr
AMUR	großer Strom in Ostasien	klassisch	de	2	user:cwr
SCHWAN	großer Wasservogel	klassisch	de	2	user:cwr
WEISSGLUT	großer Zorn (ugs.)	klassisch	de	2	user:cwr
BERG	größere Bodenerhebung	klassisch	de	2	user:cwr
EHRE	großes Ansehen	klassisch	de	2	user:cwr
DOM	großes Kirchenbauwerk	klassisch	de	2	user:cwr
DOM	großes sakrales Bauwerk	klassisch	de	2	user:cwr
AUTOBUS	großes Straßenfahrzeug	klassisch	de	2	user:cwr
MAGNAT	Großindustrieller	klassisch	de	2	user:cwr
PUMA	Großkatze, Silberlöwe	klassisch	de	2	user:cwr
OMA	Großmutter	klassisch	de	2	user:cwr
ALEPPO	Großstadt im Norden Syriens	klassisch	de	2	user:cwr
KIOTO	Großstadt in Japan	klassisch	de	2	user:cwr
CALI	Großstadt in Kolumbien	klassisch	de	2	user:cwr
HONSHU	größte japan. Insel	klassisch	de	2	user:cwr
PETERSDOM	größte Kirche der Christen	klassisch	de	2	user:cwr
PAZ	größte Stadt Boliviens (La ...)	klassisch	de	2	user:cwr
ASIEN	Größter Erdteil	klassisch	de	2	user:cwr
TITAN	größter Saturnmond	klassisch	de	2	user:cwr
AARE	größter schweiz. Rheinzufluss	klassisch	de	2	user:cwr
OPI	Großvater	klassisch	de	2	user:cwr
OPA	Großvater	klassisch	de	2	user:cwr
OPAPA	Großvaterchen	klassisch	de	2	user:cwr
OLM	Grottenmolch	klassisch	de	2	user:cwr
OLME	Grottenmolche	klassisch	de	2	user:cwr
OASE	Grün in der Wüste	klassisch	de	2	user:cwr
PARK	Grünanlage	klassisch	de	2	user:cwr
ANTE	Grundeinsatz	klassisch	de	2	user:cwr
HERZL	Gründer d. Zionismus	klassisch	de	2	user:cwr
HOOVER	Gründer des FBI (J. Edgar, † 1972)	klassisch	de	2	user:cwr
ROT	Grundfarbe	klassisch	de	2	user:cwr
URBILD	Grundform, Muster	klassisch	de	2	user:cwr
BASIS	Grundlage	klassisch	de	2	user:cwr
UMBRUCH	grundlegende polit. Änderung	klassisch	de	2	user:cwr
URTYP	Grundmodell	klassisch	de	2	user:cwr
BROT	Grundnahrungsmittel	klassisch	de	2	user:cwr
ZAUN	Grundstückseinfriedung	klassisch	de	2	user:cwr
OASE	Grüne Insel in Wüste	klassisch	de	2	user:cwr
KEA	grüner neuseel. Bergpapagei	klassisch	de	2	user:cwr
JADE	Grüner Schmuckstein	klassisch	de	2	user:cwr
WIESE	Grünfläche	klassisch	de	2	user:cwr
ORK	Grünhäutiger Goblin	klassisch	de	2	user:cwr
TRIOLE	Gruppe aus 3 Noten	klassisch	de	2	user:cwr
PARTEI	Gruppe Gleichgesinnter	klassisch	de	2	user:cwr
ADE	Grußwort	klassisch	de	2	user:cwr
ANERKANNT	gültig, geachtet	klassisch	de	2	user:cwr
DILL	Gurkenkraut	klassisch	de	2	user:cwr
WOHL	gut, angenehm, gesund	klassisch	de	2	user:cwr
DUFTEN	gut riechen	klassisch	de	2	user:cwr
FIT	gut trainiert	klassisch	de	2	user:cwr
WARZE	gutartige Hautwucherung	klassisch	de	2	user:cwr
BELIEBEN	Gutdünken	klassisch	de	2	user:cwr
GNADE	Güte, Milde	klassisch	de	2	user:cwr
GNADE	Güte, Nachsicht	klassisch	de	2	user:cwr
BON	Gutschein	klassisch	de	2	user:cwr
TERTIA	Gymnasialklasse	klassisch	de	2	user:cwr
AEROBIC	gymnast. Sportart	klassisch	de	2	user:cwr
BRAUE	Haar über dem Auge	klassisch	de	2	user:cwr
SCHOPF	Haarbüschel	klassisch	de	2	user:cwr
SCHOPF	Haarbüschel, Mähne	klassisch	de	2	user:cwr
BUERSTEN	Haare frisieren	klassisch	de	2	user:cwr
BLOND	Haarfarbe	klassisch	de	2	user:cwr
GEL	Haarfestiger	klassisch	de	2	user:cwr
DUTT	Haarknoten	klassisch	de	2	user:cwr
KAHL	haarlos	klassisch	de	2	user:cwr
GLATZE	haarloser Kopf	klassisch	de	2	user:cwr
MAEHNE	Haarschopf der Pferde	klassisch	de	2	user:cwr
FRISEUSE	Haarstylistin	klassisch	de	2	user:cwr
LEITH	Hafen bei Edinburgh	klassisch	de	2	user:cwr
MOLE	Hafendamm	klassisch	de	2	user:cwr
MOLE	Hafendamm, -mauer	klassisch	de	2	user:cwr
KAI	Hafenmauer	klassisch	de	2	user:cwr
HOV	Hafenstadt auf Ostjütland	klassisch	de	2	user:cwr
ARREST	Haft	klassisch	de	2	user:cwr
DRAHTIG	hager, muskulös	klassisch	de	2	user:cwr
OESEN	Hakenschlingen	klassisch	de	2	user:cwr
LORI	Halbaffe	klassisch	de	2	user:cwr
TOPAS	Halbedelstein	klassisch	de	2	user:cwr
ACHATE	Halbedelsteine	klassisch	de	2	user:cwr
HEROS	Halbgott der griechischen Sage	klassisch	de	2	user:cwr
HEROEN	Halbgötter d. griech. Mythol.	klassisch	de	2	user:cwr
KOREA	Halbinsel Ostasiens	klassisch	de	2	user:cwr
HELA	Halbinsel v. Danzig	klassisch	de	2	user:cwr
BOR	Halbmetall	klassisch	de	2	user:cwr
FIS	Halbton	klassisch	de	2	user:cwr
FIS	Halbton über F	klassisch	de	2	user:cwr
GIS	Halbton über G	klassisch	de	2	user:cwr
CES	Halbton unter C	klassisch	de	2	user:cwr
DES	Halbton unter d	klassisch	de	2	user:cwr
FES	Halbton unter F	klassisch	de	2	user:cwr
GES	Halbton unter G	klassisch	de	2	user:cwr
TEENIE	Halbwüchsiger	klassisch	de	2	user:cwr
TEEN	Halbwüchsiger	klassisch	de	2	user:cwr
HI	Hallo (Eng.)	klassisch	de	2	user:cwr
NECK	Hals (Eng.)	klassisch	de	2	user:cwr
KRAGEN	Halsstück am Hemd	klassisch	de	2	user:cwr
STAG	Haltetau	klassisch	de	2	user:cwr
STAG	Haltetau (Schiff)	klassisch	de	2	user:cwr
GESTELL	Haltevorrichtung	klassisch	de	2	user:cwr
STOPP	Haltzeichen	klassisch	de	2	user:cwr
BEIL	Handaxt	klassisch	de	2	user:cwr
GESTE	Handbewegung	klassisch	de	2	user:cwr
GESTIK	Handbewegungen	klassisch	de	2	user:cwr
PDA	Handcomputer (Afk.)	klassisch	de	2	user:cwr
TUN	Handeln	klassisch	de	2	user:cwr
USO	Handelsbrauch	klassisch	de	2	user:cwr
WARE	Handelsgut	klassisch	de	2	user:cwr
MARKT	Handelsplatz	klassisch	de	2	user:cwr
MARGE	Handelsspanne	klassisch	de	2	user:cwr
KAUFFRAU	Händlerin	klassisch	de	2	user:cwr
TAT	Handlung	klassisch	de	2	user:cwr
AKT	Handlung, Vorgang, Vollzug	klassisch	de	2	user:cwr
VERTRETER	Handlungsreisender	klassisch	de	2	user:cwr
PROKURA	Handlungsvollmacht	klassisch	de	2	user:cwr
MANIKUERE	Handpflege	klassisch	de	2	user:cwr
LAU	handwarm	klassisch	de	2	user:cwr
MEISTER	Handwerkertitel	klassisch	de	2	user:cwr
SMS	Handy-Nachricht	klassisch	de	2	user:cwr
UMTS	Handy-Norm	klassisch	de	2	user:cwr
GSM	Handy-Norm (Abk.)	klassisch	de	2	user:cwr
SIM	Handychip (Afk.)	klassisch	de	2	user:cwr
SMS	HandyNachricht (Abk.)	klassisch	de	2	user:cwr
BREMEN	Hansestadt	klassisch	de	2	user:cwr
EISERN	hart, unbeugsam	klassisch	de	2	user:cwr
EISERN	hart, unnachgiebig	klassisch	de	2	user:cwr
VALUTA	‚harte‘ Fremdwährung	klassisch	de	2	user:cwr
HOLZ	harte Substanz der Bäume	klassisch	de	2	user:cwr
MANDEL	Hartschalenfrucht	klassisch	de	2	user:cwr
NUESSE	Hartschalenfrüchte	klassisch	de	2	user:cwr
NUSS	hartschalige Frucht	klassisch	de	2	user:cwr
GRIES	Hartweizenschrot	klassisch	de	2	user:cwr
KIEN	harzreiches Kiefernholz	klassisch	de	2	user:cwr
SASSE	Hasenlager	klassisch	de	2	user:cwr
KUMULUS	Haufenwolke	klassisch	de	2	user:cwr
OFT	häufig	klassisch	de	2	user:cwr
OFT	häufig, viele Male	klassisch	de	2	user:cwr
OEFTER	häufiger	klassisch	de	2	user:cwr
LEO	häufiger Papstname	klassisch	de	2	user:cwr
RIALTO	Hauptbrücke in Venedig	klassisch	de	2	user:cwr
ODIN	Hauptgott der nord. Sage	klassisch	de	2	user:cwr
DOM	Hauptkirche	klassisch	de	2	user:cwr
BRUENN	Hauptort von Mähren (dt. Name)	klassisch	de	2	user:cwr
AORTA	Hauptschlagader	klassisch	de	2	user:cwr
PRIMETIME	Hauptsendezeit (Eng.)	klassisch	de	2	user:cwr
NASSAU	Hauptstadt der Bahamas	klassisch	de	2	user:cwr
GRAZ	Hauptstadt der Steiermark	klassisch	de	2	user:cwr
TIFLIS	Hauptstadt Georgiens	klassisch	de	2	user:cwr
BELGRAD	Hauptstadt in Europa	klassisch	de	2	user:cwr
BOGOTA	Hauptstadt in Südamerika	klassisch	de	2	user:cwr
NIAMEY	Hauptstadt Nigers	klassisch	de	2	user:cwr
DHAKA	Hauptstadt v. Bangladesch	klassisch	de	2	user:cwr
JUNEAU	Hauptstadt von Alaska (USA)	klassisch	de	2	user:cwr
MANAMA	Hauptstadt von Bahrein	klassisch	de	2	user:cwr
OTTAWA	Hauptstadt von Kanada	klassisch	de	2	user:cwr
RIGA	Hauptstadt von Lettland	klassisch	de	2	user:cwr
KIGALI	Hauptstadt von Ruanda	klassisch	de	2	user:cwr
COLOMBO	Hauptstadt von Sri Lanka	klassisch	de	2	user:cwr
HANOI	Hauptstadt von Vietnam	klassisch	de	2	user:cwr
ZENTRALE	Hauptstelle	klassisch	de	2	user:cwr
WEGA	Hauptstern im Sternbild 'Leier'	klassisch	de	2	user:cwr
BUTLER	Hausdiener	klassisch	de	2	user:cwr
TUER	Hauseingang	klassisch	de	2	user:cwr
FASSADE	Hausfront	klassisch	de	2	user:cwr
ETAT	Haushaltsplan	klassisch	de	2	user:cwr
ETATS	Haushaltspläne	klassisch	de	2	user:cwr
KATZE	Haustier	klassisch	de	2	user:cwr
REN	Haustier der Lappen	klassisch	de	2	user:cwr
PET	Haustier (Eng.)	klassisch	de	2	user:cwr
DACH	Hausüberdeckung	klassisch	de	2	user:cwr
ERKER	Hausvorbau mit Fenster	klassisch	de	2	user:cwr
AKNE	Hautausschlag	klassisch	de	2	user:cwr
LID	Hautfalte zum Schutz d. Auges	klassisch	de	2	user:cwr
TEINT	Hautfarbton	klassisch	de	2	user:cwr
ROETE	Hautfärbung	klassisch	de	2	user:cwr
PORE	Hautöffnung	klassisch	de	2	user:cwr
ROETE	Hautverfärbung	klassisch	de	2	user:cwr
MAUI	Hawaii-Insel	klassisch	de	2	user:cwr
KAUAI	Hawaii-Insel (USA)	klassisch	de	2	user:cwr
KRAN	Hebegerät	klassisch	de	2	user:cwr
ARMEE	Heer	klassisch	de	2	user:cwr
OLADI	Hefepfannkuchen in Russland	klassisch	de	2	user:cwr
STURM	heftiger Wind	klassisch	de	2	user:cwr
ERIKA	Heidekraut	klassisch	de	2	user:cwr
AZALEE	Heidekrautgewächs	klassisch	de	2	user:cwr
BEERE	Heidel- oder Brom-	klassisch	de	2	user:cwr
RADAU	Heidenlärm	klassisch	de	2	user:cwr
KUR	Heilanwendung	klassisch	de	2	user:cwr
KUR	Heilaufenthalt	klassisch	de	2	user:cwr
KUR	Heilbehandlung	klassisch	de	2	user:cwr
SAO	‚heilig‘ in portug. Städtenamen	klassisch	de	2	user:cwr
AGNES	Heilige v. Rom	klassisch	de	2	user:cwr
IKONE	Heiligenbild	klassisch	de	2	user:cwr
IKON	Heiligenbild	klassisch	de	2	user:cwr
ARZNEI	Heilmittel	klassisch	de	2	user:cwr
KAMPFER	Heilmittel, Arznei	klassisch	de	2	user:cwr
ALOE	Heilpflanze	klassisch	de	2	user:cwr
ALANT	Heilpflanze	klassisch	de	2	user:cwr
YSOP	Heilpflanze, Josefskraut	klassisch	de	2	user:cwr
UR	Heimat Abrahams (A. T.)	klassisch	de	2	user:cwr
ULME	heimisch. Laubbaum	klassisch	de	2	user:cwr
ARGLIST	Heimtücke	klassisch	de	2	user:cwr
TONLOS	heiser, klanglos	klassisch	de	2	user:cwr
THERME	heiße Quelle	klassisch	de	2	user:cwr
GEYSIR	heiße Springquelle	klassisch	de	2	user:cwr
TEE	Heißgetränk	klassisch	de	2	user:cwr
LACHEN	Heiterkeitsäußerung	klassisch	de	2	user:cwr
ETHAN	Heizgas	klassisch	de	2	user:cwr
OFEN	Heizgerät	klassisch	de	2	user:cwr
HA	Hektar (Afk.)	klassisch	de	2	user:cwr
HEROS	Held	klassisch	de	2	user:cwr
SAGA	Heldenerzählung	klassisch	de	2	user:cwr
EPOS	Heldengedicht	klassisch	de	2	user:cwr
EPEN	Heldengedichte	klassisch	de	2	user:cwr
HE	Helium (Afk.)	klassisch	de	2	user:cwr
GELL	hell tönend	klassisch	de	2	user:cwr
GELB	helle Farbe	klassisch	de	2	user:cwr
ALE	helles englisches Bier	klassisch	de	2	user:cwr
ROSA	helles Pink	klassisch	de	2	user:cwr
LILA	hellviolett	klassisch	de	2	user:cwr
TSUGA	Hemlocktanne	klassisch	de	2	user:cwr
NAHEN	herankommen	klassisch	de	2	user:cwr
ERMITTELN	herausfinden	klassisch	de	2	user:cwr
EDITION	Herausgabe von Büchern	klassisch	de	2	user:cwr
EDITOR	Herausgeber	klassisch	de	2	user:cwr
BITTER	herb	klassisch	de	2	user:cwr
RAU	herb	klassisch	de	2	user:cwr
ANFUHR	Herlieferung	klassisch	de	2	user:cwr
BIBI	Herrenhut (ugs.)	klassisch	de	2	user:cwr
HEMD	Herrenoberbekleidung	klassisch	de	2	user:cwr
REGIME	Herrschaft	klassisch	de	2	user:cwr
REICH	Herrschaftsgebiet e. Königs	klassisch	de	2	user:cwr
REGENT	Herrscher	klassisch	de	2	user:cwr
THRON	Herrschersitz	klassisch	de	2	user:cwr
ZEPTER	Herrscherstab	klassisch	de	2	user:cwr
KHAN	Herrschertitel Asien	klassisch	de	2	user:cwr
ERZEUGER	Hersteller	klassisch	de	2	user:cwr
BAUART	Herstellungsweise	klassisch	de	2	user:cwr
HZ	Hertz (Afk.)	klassisch	de	2	user:cwr
RUM	herum (ugs.)	klassisch	de	2	user:cwr
TOP	hervorragend	klassisch	de	2	user:cwr
EMINENT	hervorragend	klassisch	de	2	user:cwr
EKG	Herzkurve (Afk.)	klassisch	de	2	user:cwr
EKG	Herzstromkurve (Abk.)	klassisch	de	2	user:cwr
EKG	Herzstrommessung	klassisch	de	2	user:cwr
JAGEN	hetzen, verfolgen	klassisch	de	2	user:cwr
GRILLE	Heuschrecke	klassisch	de	2	user:cwr
DA	hier	klassisch	de	2	user:cwr
HERBEI	hierher, an diesen Ort	klassisch	de	2	user:cwr
RETTUNG	Hilfe in der Not	klassisch	de	2	user:cwr
NGO	Hilfsorg.(Eng.,Afk.)	klassisch	de	2	user:cwr
DO	Hilfsverb (Eng.)	klassisch	de	2	user:cwr
LINEAL	Hilfswerkzeug zum Zeichnen	klassisch	de	2	user:cwr
NEPALESE	Himalayabewohner	klassisch	de	2	user:cwr
GOTT	''himm lischer Vater''	klassisch	de	2	user:cwr
AZUR	Himmelsblau	klassisch	de	2	user:cwr
AZUR	Himmelsbläue	klassisch	de	2	user:cwr
MANNA	Himmelsbrot (A.T.)	klassisch	de	2	user:cwr
STERNE	Himmelskörper	klassisch	de	2	user:cwr
STERN	Himmelskörper	klassisch	de	2	user:cwr
OSTEN	Himmelsrichtung	klassisch	de	2	user:cwr
NORDEN	Himmelsrichtung	klassisch	de	2	user:cwr
OST	Himmelsrichtung	klassisch	de	2	user:cwr
ENGEL	Himmelswesen	klassisch	de	2	user:cwr
HER	hin und ...	klassisch	de	2	user:cwr
HER	hin und …	klassisch	de	2	user:cwr
EINTRETEN	hineingehen	klassisch	de	2	user:cwr
HUMPELN	hinken	klassisch	de	2	user:cwr
DEMUT	hinnehmende Ergebenheit	klassisch	de	2	user:cwr
GENUEGE	hinreichend	klassisch	de	2	user:cwr
ERBE	Hinterlassenschaft, Vermächtnis	klassisch	de	2	user:cwr
LIST	Hinterlist	klassisch	de	2	user:cwr
RAENKE	hinterlistige Intrigenspiele	klassisch	de	2	user:cwr
PO	Hintern	klassisch	de	2	user:cwr
DIESER	hinweis. Fürwort	klassisch	de	2	user:cwr
BEIPACKEN	hinzufügen, dazutun	klassisch	de	2	user:cwr
ELCH	Hirschtier	klassisch	de	2	user:cwr
PASTORALE	Hirtenlied	klassisch	de	2	user:cwr
SOLE	Hit von R. Fendrich ('Strada del ...')	klassisch	de	2	user:cwr
AIDS	HIV-Krankheit	klassisch	de	2	user:cwr
APIS	hl. Stier der alten Ägypter	klassisch	de	2	user:cwr
SPAN	Hobelabfall	klassisch	de	2	user:cwr
RESPEKT	Hochachtung, Ehrerbietung	klassisch	de	2	user:cwr
PLATEAU	Hochebene	klassisch	de	2	user:cwr
PLATEAUS	Hochebenen	klassisch	de	2	user:cwr
PLATEAU	Hochfläche	klassisch	de	2	user:cwr
ALPE	Hochgebirgsweide	klassisch	de	2	user:cwr
ALM	Hochgebirgsweide	klassisch	de	2	user:cwr
HYPEN	hochjubeln	klassisch	de	2	user:cwr
HURRA	Hochruf	klassisch	de	2	user:cwr
UNI	Hochschule	klassisch	de	2	user:cwr
UNI	Hochschule (Afk.)	klassisch	de	2	user:cwr
STUDENT	Hochschüler	klassisch	de	2	user:cwr
ABI	Hochschulreife (Kw.)	klassisch	de	2	user:cwr
STUDIUM	Hochschulzeit	klassisch	de	2	user:cwr
STAB	Hochsprunggerät	klassisch	de	2	user:cwr
BLENDER	Hochstapler	klassisch	de	2	user:cwr
EKSTASE	höchste Erregung	klassisch	de	2	user:cwr
GRAND	höchstes Spiel beim Skat	klassisch	de	2	user:cwr
ZENIT	Höchststand d. Mittagssonne	klassisch	de	2	user:cwr
MAX	Höchstwert (Afk.)	klassisch	de	2	user:cwr
HAUBE	Hochzeitssymbol der Frau	klassisch	de	2	user:cwr
LAMA	höckerloses Kamel	klassisch	de	2	user:cwr
HALO	Hof um eine Lichtquelle	klassisch	de	2	user:cwr
PAGE	Hofdiener	klassisch	de	2	user:cwr
SIR	höfliche Anrede in England	klassisch	de	2	user:cwr
NARREN	Hofunterhalter im MA. (Mz.)	klassisch	de	2	user:cwr
OGH	hohe Justizbehörde (Abk.)	klassisch	de	2	user:cwr
TENOR	hohe Männersingstimme	klassisch	de	2	user:cwr
SOPRAN	hohe Singstimme	klassisch	de	2	user:cwr
ASS	hohe Spielkarte	klassisch	de	2	user:cwr
STAAT	Hoheitsgebiet	klassisch	de	2	user:cwr
STRECHAU	Höhenburg in der Obersteiermark	klassisch	de	2	user:cwr
KIRA	Hohenzollernprinzessin	klassisch	de	2	user:cwr
ELM	Höhenzug bei Braunschweig	klassisch	de	2	user:cwr
ZENIT	Höhepunkt des Wirkens	klassisch	de	2	user:cwr
LOB	hoher Ball beim Tennis	klassisch	de	2	user:cwr
ESSE	hoher Fabrikschornstein	klassisch	de	2	user:cwr
BEG	hoher türkischer Titel	klassisch	de	2	user:cwr
OLG	höhere Justizbehörde (Abk.)	klassisch	de	2	user:cwr
RAT	höherer Beamtentitel	klassisch	de	2	user:cwr
SENAT	Hohes Gremium	klassisch	de	2	user:cwr
DRUSE	Hohlraum im Gestein	klassisch	de	2	user:cwr
HARI	holl. Tänzerin u. Spionin (Mata …)	klassisch	de	2	user:cwr
EDAM	holländ. Käsestadt	klassisch	de	2	user:cwr
INFERNO	höllische Katastrophe	klassisch	de	2	user:cwr
HUGO	Holunder-Spritz	klassisch	de	2	user:cwr
TEAK	Holzart	klassisch	de	2	user:cwr
FAGOTT	Holzblasinstrument	klassisch	de	2	user:cwr
AXT	Holzfällerwerkzeug	klassisch	de	2	user:cwr
PARKETT	Holzfußboden	klassisch	de	2	user:cwr
TIKI	Holzidol	klassisch	de	2	user:cwr
GEAEDER	Holzmaserung	klassisch	de	2	user:cwr
CLOG	Holzpantoffel	klassisch	de	2	user:cwr
STER	Holzraummaß	klassisch	de	2	user:cwr
AXT	Holzspalter	klassisch	de	2	user:cwr
LATTE	Holzstange	klassisch	de	2	user:cwr
TAN	Home Banking-Geheimzahl	klassisch	de	2	user:cwr
GLOBULI	homöopathische Arzneikügelchen	klassisch	de	2	user:cwr
MET	Honigwein	klassisch	de	2	user:cwr
BIERE	Hopfengetränke	klassisch	de	2	user:cwr
SCHALL	Hörbare Wellen	klassisch	de	2	user:cwr
ERGEBEN	hörig, treu	klassisch	de	2	user:cwr
LOTUS	Hornklee	klassisch	de	2	user:cwr
GAMS	Hornträger der Alpen	klassisch	de	2	user:cwr
OHR	Hörorgan	klassisch	de	2	user:cwr
PATENE	Hostienteller	klassisch	de	2	user:cwr
PAGE	Hoteldiener	klassisch	de	2	user:cwr
BOY	Hoteldiener	klassisch	de	2	user:cwr
LOUNGE	Hotelhalle	klassisch	de	2	user:cwr
BANGUI	Hptst. der Zentralafrik. Republik	klassisch	de	2	user:cwr
HONOLULU	Hptst. des USStaates Hawaii	klassisch	de	2	user:cwr
LISBOA	Hptst. in Europa (Ldsp.)	klassisch	de	2	user:cwr
ROM	Hptst. Italiens	klassisch	de	2	user:cwr
ASSEN	Hptst. v. Drenthe (NL)	klassisch	de	2	user:cwr
RIGA	Hptst. v. Lettland	klassisch	de	2	user:cwr
HELI	Hubschrauber	klassisch	de	2	user:cwr
HELI	Hubschrauber (Kw.)	klassisch	de	2	user:cwr
EI	Hühnerei	klassisch	de	2	user:cwr
EI	Hühnerprodukt	klassisch	de	2	user:cwr
LEGHORN	Hühnerrasse	klassisch	de	2	user:cwr
NABE	hülsenförmiges Radmittelstück	klassisch	de	2	user:cwr
LEINE	Hundelaufband	klassisch	de	2	user:cwr
GEBELL	Hundelaute	klassisch	de	2	user:cwr
BELLO	Hundename	klassisch	de	2	user:cwr
COLLIE	Hunderasse	klassisch	de	2	user:cwr
DOGGE	Hunderasse	klassisch	de	2	user:cwr
CENT	Hundertstel Euro	klassisch	de	2	user:cwr
PROZENT	Hundertstelanteil	klassisch	de	2	user:cwr
ATTILA	Hunnenkönig	klassisch	de	2	user:cwr
CODEIN	Hustenstillmittel	klassisch	de	2	user:cwr
KATE	Hütte	klassisch	de	2	user:cwr
ANNAHME	Hypothese	klassisch	de	2	user:cwr
EGOISMUS	Ichsucht	klassisch	de	2	user:cwr
ID	Identifikationsnummer (Abk.)	klassisch	de	2	user:cwr
UNTREU	illoyal, abtrünnig	klassisch	de	2	user:cwr
ENBLOC	im Ganzen (franz.)	klassisch	de	2	user:cwr
DAFUER	im Gegenzug	klassisch	de	2	user:cwr
ENGROS	im Großen (franz.)	klassisch	de	2	user:cwr
ALA	im Stil (franz.)	klassisch	de	2	user:cwr
ALA	im Stil von (franz.)	klassisch	de	2	user:cwr
TEER	im Tabakrauch enthaltener Stoff	klassisch	de	2	user:cwr
UTOPIA	imaginäres Land	klassisch	de	2	user:cwr
STETS	immer	klassisch	de	2	user:cwr
ZEITLOS	immer aktuell	klassisch	de	2	user:cwr
MYRTE	Immergrüne Pflanze	klassisch	de	2	user:cwr
EFEU	immergrüner Kletterstrauch	klassisch	de	2	user:cwr
IMPFEN	immunisieren	klassisch	de	2	user:cwr
RIES	Impaktkrater Bayern	klassisch	de	2	user:cwr
GIB	Imperativform von: geben	klassisch	de	2	user:cwr
NEUNT	in bestimmter Anzahl (zu ...)	klassisch	de	2	user:cwr
AN	in Betrieb	klassisch	de	2	user:cwr
ERDEN	in den Boden ableiten	klassisch	de	2	user:cwr
CHICANO	in den USA lebender Mexikaner	klassisch	de	2	user:cwr
BEI	in der Nähe	klassisch	de	2	user:cwr
NEBEN	in der Nähe	klassisch	de	2	user:cwr
BEI	in der Nähe von	klassisch	de	2	user:cwr
UNTEN	in der Tiefe	klassisch	de	2	user:cwr
DAREIN	in diese, hinein	klassisch	de	2	user:cwr
INSOFERN	in dieser Hinsicht	klassisch	de	2	user:cwr
FIT	In Form	klassisch	de	2	user:cwr
FIT	in Form, durchtrainiert	klassisch	de	2	user:cwr
VIEL	in großer Menge	klassisch	de	2	user:cwr
MEHR	in größerem Umfang, stärker	klassisch	de	2	user:cwr
OKAY	In Ordnung (Eng.)	klassisch	de	2	user:cwr
NAH	in Reichweite	klassisch	de	2	user:cwr
EIFER	Inbrunst	klassisch	de	2	user:cwr
SARI	ind. Gewand	klassisch	de	2	user:cwr
ASANT	ind. Gewürzpflanze	klassisch	de	2	user:cwr
RAO	ind. Politiker und Literat	klassisch	de	2	user:cwr
BEO	ind. Singvogel	klassisch	de	2	user:cwr
INKA	indigenes Kulturvolk im alten Peru	klassisch	de	2	user:cwr
PAWNEE	indigenes Volk in Nebraska	klassisch	de	2	user:cwr
SAHIB	indische Anrede für den Europäer	klassisch	de	2	user:cwr
SITA	indische Göttin	klassisch	de	2	user:cwr
LOTOS	indische Seerose	klassisch	de	2	user:cwr
ASSAM	indischer Bundesstaat	klassisch	de	2	user:cwr
GOA	indischer Bundesstaat	klassisch	de	2	user:cwr
ORISSA	indischer Bundesstaat	klassisch	de	2	user:cwr
RAM	indischer Name für Gott	klassisch	de	2	user:cwr
SARI	indisches Frauengewand	klassisch	de	2	user:cwr
SER	indisches Gewicht	klassisch	de	2	user:cwr
NAME	individ. Bezeichnung	klassisch	de	2	user:cwr
ILLYRER	Indogermane	klassisch	de	2	user:cwr
BIAK	indones. Insel	klassisch	de	2	user:cwr
DATEN	Informationen	klassisch	de	2	user:cwr
DATEI	Informationssammlung	klassisch	de	2	user:cwr
WIKI	Infosammlung im Internet	klassisch	de	2	user:cwr
ZUTAT	Ingredienz	klassisch	de	2	user:cwr
GASTRONOM	Inhaber einer Gaststätte	klassisch	de	2	user:cwr
LEERE	Inhaltslosigkeit	klassisch	de	2	user:cwr
FUELLE	Inhaltsmasse, -material	klassisch	de	2	user:cwr
UD	Initialen d. Autorin Danella († 2015)	klassisch	de	2	user:cwr
SR	Initialen d. Autors Rushdie	klassisch	de	2	user:cwr
EM	Initialen d. Dichters Mörike († 1875)	klassisch	de	2	user:cwr
IB	Initialen d. Schauspielerin Berben	klassisch	de	2	user:cwr
LN	Initialen d. Schauspielers Neeson	klassisch	de	2	user:cwr
PA	Initialen der Anderson	klassisch	de	2	user:cwr
MC	Initialen der Callas († 1977)	klassisch	de	2	user:cwr
SL	Initialen der Loren	klassisch	de	2	user:cwr
LM	Initialen der Minnelli	klassisch	de	2	user:cwr
TT	Initialen der Popsängerin Turner	klassisch	de	2	user:cwr
CE	Initialen des Filmstars Eastwood	klassisch	de	2	user:cwr
RR	Initialen des Filmstars Redford	klassisch	de	2	user:cwr
HRK	Initialen des Musikers Kunze	klassisch	de	2	user:cwr
FD	Initialen Dürrenmatts († 1990)	klassisch	de	2	user:cwr
RD	Initialen Dutschkes († 1979)	klassisch	de	2	user:cwr
DD	Initialen einer ComicEnte	klassisch	de	2	user:cwr
YSL	Initialen eines frz. Modeschöpfers	klassisch	de	2	user:cwr
AE	Initialen Einsteins († 1955)	klassisch	de	2	user:cwr
GG	Initialen Gershwins († 1937)	klassisch	de	2	user:cwr
NG	Initialen Gogols († 1852)	klassisch	de	2	user:cwr
EG	Initialen Griegs († 1907)	klassisch	de	2	user:cwr
MH	Initialen Heideggers († 1976)	klassisch	de	2	user:cwr
EH	Initialen Hemingways	klassisch	de	2	user:cwr
CH	Initialen Hestons († 2008)	klassisch	de	2	user:cwr
AH	Initialen Hitchcocks († 1980)	klassisch	de	2	user:cwr
HI	Initialen Ibsens († 1906)	klassisch	de	2	user:cwr
EK	Initialen Kästners († 1974)	klassisch	de	2	user:cwr
FN	Initialen Nietzsches († 1900)	klassisch	de	2	user:cwr
RN	Initialen Nixons († 1994)	klassisch	de	2	user:cwr
LP	Initialen Podolskis	klassisch	de	2	user:cwr
OS	Initialen Sharifs († 2015)	klassisch	de	2	user:cwr
IS	Initialen Strawinskys († 1971)	klassisch	de	2	user:cwr
ST	Initialen Tracys († 1967)	klassisch	de	2	user:cwr
MMW	Initialen v. MüllerWesternhagen	klassisch	de	2	user:cwr
ZWISCHEN	inmitten	klassisch	de	2	user:cwr
HOF	Innenhof	klassisch	de	2	user:cwr
CITY	Innenstadt (Eng.)	klassisch	de	2	user:cwr
BLASE	inneres Hohlorgan	klassisch	de	2	user:cwr
NIERE	inneres Organ	klassisch	de	2	user:cwr
INTERN	innerhalb	klassisch	de	2	user:cwr
BESEELEN	innerlich erfüllen	klassisch	de	2	user:cwr
INTERN	innerlich, inwärtig	klassisch	de	2	user:cwr
INRI	Inschrift am Kreuze Jesu	klassisch	de	2	user:cwr
FLIEGE	Insekt	klassisch	de	2	user:cwr
LAUS	Insekt	klassisch	de	2	user:cwr
AMEISE	Insekt	klassisch	de	2	user:cwr
FLOH	Insekt, Blutsauger	klassisch	de	2	user:cwr
FLORES	Insel der Azoren	klassisch	de	2	user:cwr
MALLORCA	Insel der Balearen	klassisch	de	2	user:cwr
MUCK	Insel der Hebriden	klassisch	de	2	user:cwr
CEBU	Insel der Philippinen	klassisch	de	2	user:cwr
MAINAU	Insel im Bodensee	klassisch	de	2	user:cwr
TOBAGO	Insel nördlich von Trinidad	klassisch	de	2	user:cwr
EFATE	Insel von Vanuatu	klassisch	de	2	user:cwr
IRE	Inseleuropäer	klassisch	de	2	user:cwr
ALEUTEN	Inselgruppe vor Alaska	klassisch	de	2	user:cwr
VANUATU	Inselstaat im Pazifik	klassisch	de	2	user:cwr
IRELAND	Inselstaat (Ldsp.)	klassisch	de	2	user:cwr
MUSE	Inspiration	klassisch	de	2	user:cwr
MESON	instab. Elementarteilchen	klassisch	de	2	user:cwr
FLEHEN	inständiges Bitten	klassisch	de	2	user:cwr
RKI	Institut für Infektionskrankheiten (Abk.)	klassisch	de	2	user:cwr
CELLO	Instrument	klassisch	de	2	user:cwr
MLA	int. FlughafenCode: Malta	klassisch	de	2	user:cwr
ATP	int. HerrenTennisverband	klassisch	de	2	user:cwr
IATA	Int. Luftfahrtverband (Abk.)	klassisch	de	2	user:cwr
KLUG	intelligent	klassisch	de	2	user:cwr
STEIGERN	intensivieren	klassisch	de	2	user:cwr
LOBBY	Interessengruppe	klassisch	de	2	user:cwr
NMK	internat. Kfz-Z.: Nordmazedonien	klassisch	de	2	user:cwr
TR	internat. Kfz-Z.: Türkei	klassisch	de	2	user:cwr
ISS	internat. Raumstation (Abk.)	klassisch	de	2	user:cwr
FIS	internat. Skiverband (Abk.)	klassisch	de	2	user:cwr
SOS	internationales Notrufzeichen	klassisch	de	2	user:cwr
URL	Internet-Adresse	klassisch	de	2	user:cwr
CHAT	Internet-Diskussion	klassisch	de	2	user:cwr
BLOG	Internet Tagebuch	klassisch	de	2	user:cwr
CN	Internetadressendung: China	klassisch	de	2	user:cwr
MEME	Internetwitz (Eng.)	klassisch	de	2	user:cwr
DEUTEN	interpretieren	klassisch	de	2	user:cwr
OKTAVE	Intervall von acht Tonstufen	klassisch	de	2	user:cwr
DU	intime Anrede	klassisch	de	2	user:cwr
LOUGH	ir. Bez. für ‚See‘	klassisch	de	2	user:cwr
REI	iran. Ruinenstadt	klassisch	de	2	user:cwr
CORRS	irische Folkpopband (The ...)	klassisch	de	2	user:cwr
STOKER	irischer Autor (Bram, † 1912)	klassisch	de	2	user:cwr
EIRE	‚Irland‘ in der Landessprache	klassisch	de	2	user:cwr
SATIRE	ironischwitzige Kunstgattung	klassisch	de	2	user:cwr
LABYRINTH	Irrgarten	klassisch	de	2	user:cwr
KETZER	Irrgläubiger	klassisch	de	2	user:cwr
ERRATA	Irrtümer (lat.)	klassisch	de	2	user:cwr
ISA	islam. Name Jesu	klassisch	de	2	user:cwr
ULEMA	islam. Rechtsgelehrter	klassisch	de	2	user:cwr
FIKH	islam. Rechtswissenschaft	klassisch	de	2	user:cwr
IMAM	islam. Vorbeter	klassisch	de	2	user:cwr
IMAM	islam. Vorbeter in der Moschee	klassisch	de	2	user:cwr
SAGA	Isländerepos	klassisch	de	2	user:cwr
AURAR	isländische Währungseinheit	klassisch	de	2	user:cwr
CNY	ISOCode der chin. Währung	klassisch	de	2	user:cwr
CZK	ISOCode der tschech. Währung	klassisch	de	2	user:cwr
USD	ISOCode der Währung der USA	klassisch	de	2	user:cwr
ELA	israelitischer König (A.T.)	klassisch	de	2	user:cwr
ADDA	it. Fluss	klassisch	de	2	user:cwr
CASA	it.: Haus	klassisch	de	2	user:cwr
TORINO	it.: Turin	klassisch	de	2	user:cwr
IL	ital. Artikel	klassisch	de	2	user:cwr
IMOLA	ital. Autorennstrecke	klassisch	de	2	user:cwr
ADAMO	ital.-belg. Sänger	klassisch	de	2	user:cwr
LEONI	ital. Bildhauer	klassisch	de	2	user:cwr
ARIOSTO	ital. Dichter (Ludovico) †1533	klassisch	de	2	user:cwr
ARTURO	ital. Dirigent (... Toscanini, † 1957)	klassisch	de	2	user:cwr
TRE	ital.: drei	klassisch	de	2	user:cwr
UNO	ital.: eins	klassisch	de	2	user:cwr
LUI	ital.: er	klassisch	de	2	user:cwr
UGO	ital. Filmstar (... Tognazzi, † 1990)	klassisch	de	2	user:cwr
ERA	ital. Fluss	klassisch	de	2	user:cwr
OSTERIA	ital. Gaststätte	klassisch	de	2	user:cwr
NERI	ital. Heiliger †1595	klassisch	de	2	user:cwr
ELBA	ital. Insel	klassisch	de	2	user:cwr
ASIAGO	ital. Käsesorte	klassisch	de	2	user:cwr
BITTO	ital. Käsesorte	klassisch	de	2	user:cwr
FRA	ital. Klosterbruder (Kw.)	klassisch	de	2	user:cwr
AMORE	ital.: Liebe	klassisch	de	2	user:cwr
RAFFAEL	ital. Maler († 1520)	klassisch	de	2	user:cwr
UGO	ital. Männername	klassisch	de	2	user:cwr
ARMANI	ital. Modeschöpfer	klassisch	de	2	user:cwr
TOZZI	ital. Musiker (Umberto)	klassisch	de	2	user:cwr
ADIGE	ital. Name der Etsch	klassisch	de	2	user:cwr
ETNA	ital. Name des Ätna	klassisch	de	2	user:cwr
PICI	ital. Pasta-Sorte aus der Toskana	klassisch	de	2	user:cwr
NENNI	ital. Politiker †1980	klassisch	de	2	user:cwr
CELENTANO	ital. Schausp. (Adriano)	klassisch	de	2	user:cwr
MUTI	ital. Schauspielerin	klassisch	de	2	user:cwr
MUTI	ital. Schauspielerin (Ornella)	klassisch	de	2	user:cwr
GRAPPA	ital. Schnaps	klassisch	de	2	user:cwr
PIZZA	Ital. Teigfladen	klassisch	de	2	user:cwr
RE	ital. Tonsilbe	klassisch	de	2	user:cwr
LA	ital. Tonsilbe (A)	klassisch	de	2	user:cwr
DO	ital. Tonsilbe (C)	klassisch	de	2	user:cwr
FA	ital. Tonsilbe (F)	klassisch	de	2	user:cwr
ASSISI	ital. Wallfahrtsort	klassisch	de	2	user:cwr
ABATE	ital. Weltgeistlicher	klassisch	de	2	user:cwr
TRE	ital. Zahlwort: drei	klassisch	de	2	user:cwr
ITALIA	italien.: Italien	klassisch	de	2	user:cwr
SI	italien.: ja	klassisch	de	2	user:cwr
ITALIA	Italien (Ldsp.)	klassisch	de	2	user:cwr
TRE	italienisch: drei	klassisch	de	2	user:cwr
SI	italienisch: ja	klassisch	de	2	user:cwr
AMORE	italienisch: Liebe	klassisch	de	2	user:cwr
SEI	italienisch: sechs	klassisch	de	2	user:cwr
SOLE	italienisch: Sonne	klassisch	de	2	user:cwr
CASA	italienisch, span.: Haus	klassisch	de	2	user:cwr
CON	italienisch, span.: mit	klassisch	de	2	user:cwr
DUE	italienisch: zwei	klassisch	de	2	user:cwr
GENUA	italienische Hafenstadt	klassisch	de	2	user:cwr
MORA	italienisches Fingerspiel	klassisch	de	2	user:cwr
DROGBA	ivor. Fußballstar d. 2000/10er (Didier)	klassisch	de	2	user:cwr
MARINA	Jachthafen	klassisch	de	2	user:cwr
KOMPLET	Jackenkleid	klassisch	de	2	user:cwr
ASER	Jägerrucksack	klassisch	de	2	user:cwr
RENDITE	jährliche Kapitalverzinsung	klassisch	de	2	user:cwr
ELEND	jammervoller Zustand, Misere	klassisch	de	2	user:cwr
MANGA	jap. Comic	klassisch	de	2	user:cwr
YEN	jap. Währung	klassisch	de	2	user:cwr
SENSEI	japan. Anrede	klassisch	de	2	user:cwr
GO	japan. Brettspiel	klassisch	de	2	user:cwr
OGI	japan. Fächer	klassisch	de	2	user:cwr
KOI	japan. Farbkarpfen	klassisch	de	2	user:cwr
ZEN	japan. Form des Buddhismus	klassisch	de	2	user:cwr
SUMO	japan. Form des Ringens	klassisch	de	2	user:cwr
HAIKU	japan. Gedichtform	klassisch	de	2	user:cwr
TAN	japan. Gewicht	klassisch	de	2	user:cwr
TENNO	japan. Kaisertitel	klassisch	de	2	user:cwr
OBI	japan. Kimonogürtel	klassisch	de	2	user:cwr
SAMURAI	japan. Krieger	klassisch	de	2	user:cwr
UTA	japan. Kurzgedichtform	klassisch	de	2	user:cwr
ITO	japan. Politiker † 1909	klassisch	de	2	user:cwr
AUM	japan. Sekte	klassisch	de	2	user:cwr
BO	japan. Stockwaffe	klassisch	de	2	user:cwr
YEN	japan. Währung	klassisch	de	2	user:cwr
RI	japan. Wegemaß	klassisch	de	2	user:cwr
BONSAI	japan. Zwergbaum	klassisch	de	2	user:cwr
HIRAGANA	japanische Silbenschrift	klassisch	de	2	user:cwr
YEN	japanische Währung	klassisch	de	2	user:cwr
TENNO	japanischer Kaisertitel	klassisch	de	2	user:cwr
ITO	japanischer Politiker † 1909	klassisch	de	2	user:cwr
ANIME	Japantrickfilm	klassisch	de	2	user:cwr
SLANG	Jargon (Eng.)	klassisch	de	2	user:cwr
GIG	Jazzkonzertauftritt	klassisch	de	2	user:cwr
BEBOP	Jazzstil	klassisch	de	2	user:cwr
HOT	Jazzstil (heiß)	klassisch	de	2	user:cwr
ALLE	jeder ohne Ausnahme	klassisch	de	2	user:cwr
EHREN	jemandem Achtung erweisen	klassisch	de	2	user:cwr
ISA	‚Jesus‘ im Islam	klassisch	de	2	user:cwr
NUN	jetzt	klassisch	de	2	user:cwr
IST	Jetzt-Zustand	klassisch	de	2	user:cwr
AALBEERE	Johannisbeere	klassisch	de	2	user:cwr
HUSSEIN	jordan. König †	klassisch	de	2	user:cwr
OLA	Jubelwelle im Stadion (La ...)	klassisch	de	2	user:cwr
EKZEME	Juckflechten	klassisch	de	2	user:cwr
ADAR	jüd. Monat	klassisch	de	2	user:cwr
ESRA	jüd. Priester in Babylon	klassisch	de	2	user:cwr
RAFFL	''Judas von Tirol'' (Franz, † 1830)	klassisch	de	2	user:cwr
ELI	jüdischer Hohepriester	klassisch	de	2	user:cwr
SYNAGOGE	jüdisches Gotteshaus	klassisch	de	2	user:cwr
UKE	Judoverteidiger	klassisch	de	2	user:cwr
TEEN	Jugendlicher	klassisch	de	2	user:cwr
KNABE	Junge	klassisch	de	2	user:cwr
BOY	Junge (Eng.)	klassisch	de	2	user:cwr
BUB	Junge, Knabe	klassisch	de	2	user:cwr
TRIEB	junger Pflanzenspross	klassisch	de	2	user:cwr
HEULER	junger Seehund	klassisch	de	2	user:cwr
TRIEB	junger Zweig	klassisch	de	2	user:cwr
POELK	junges männliches Schwein	klassisch	de	2	user:cwr
KITZ	junges Reh	klassisch	de	2	user:cwr
ULK	Jux	klassisch	de	2	user:cwr
DORFER	Kabarettist (Alfred)	klassisch	de	2	user:cwr
TIRAMISU	Kaffee-Mascarpone	klassisch	de	2	user:cwr
CAFE	Kaffeehaus	klassisch	de	2	user:cwr
ABEL	Kains Bruder	klassisch	de	2	user:cwr
EDIKT	kaiserliches Gesetz	klassisch	de	2	user:cwr
HUE	Kaiserstadt in Vietnam	klassisch	de	2	user:cwr
KOJE	Kajütenbett	klassisch	de	2	user:cwr
KID	Kalb-, Ziegen- o. Schafleder	klassisch	de	2	user:cwr
LAB	Kälberferment	klassisch	de	2	user:cwr
KID	Kalbsleder	klassisch	de	2	user:cwr
TAG	Kalendertag	klassisch	de	2	user:cwr
OMAR	Kalifenname	klassisch	de	2	user:cwr
LIGHT	Kalorienarm (Eng.)	klassisch	de	2	user:cwr
VAMP	kalte Frauenschönheit	klassisch	de	2	user:cwr
DIP	kalte Soße zum Eintunken	klassisch	de	2	user:cwr
EIS	kalte Süßspeise	klassisch	de	2	user:cwr
EIS	Kälteprodukt	klassisch	de	2	user:cwr
BORA	kalter Fallwind a. d. Adria	klassisch	de	2	user:cwr
EISTEE	kaltes Aufgussgetränk	klassisch	de	2	user:cwr
SALATE	Kaltspeisen	klassisch	de	2	user:cwr
LAMA	Kamel der Anden	klassisch	de	2	user:cwr
RUSS	Kaminschwärze	klassisch	de	2	user:cwr
ARENA	Kampfplatz	klassisch	de	2	user:cwr
JUDOKA	Kampfsportler	klassisch	de	2	user:cwr
KO	kampfunfähig (Abk.)	klassisch	de	2	user:cwr
DAN	kanad. Filmstar (... Aykroyd)	klassisch	de	2	user:cwr
KARIBU	kanad. Rentier	klassisch	de	2	user:cwr
RHK	Kanal im Ruhrgebiet (Abk.)	klassisch	de	2	user:cwr
FLEET	Kanal in Hamburg	klassisch	de	2	user:cwr
SCHLEUSE	Kanalstufe	klassisch	de	2	user:cwr
ECKEN	Kanten, Winkel	klassisch	de	2	user:cwr
AARGAU	Kanton der Schweiz	klassisch	de	2	user:cwr
URI	Kanton der Schweiz	klassisch	de	2	user:cwr
POLO	Kanutreibballspiel	klassisch	de	2	user:cwr
HOORN	Kap in Südamerika	klassisch	de	2	user:cwr
NAO	Kap in Südspanien	klassisch	de	2	user:cwr
ZINS	Kapitalertrag	klassisch	de	2	user:cwr
GMBH	Kapitalgesellschaft (Abk.)	klassisch	de	2	user:cwr
GELD	Kapitalmittel	klassisch	de	2	user:cwr
MORD	Kapitalverbrechen	klassisch	de	2	user:cwr
AHAB	Kapitän in Melvilles 'Moby Dick'	klassisch	de	2	user:cwr
SCHOTE	Kapsel einer Hülsenfrucht	klassisch	de	2	user:cwr
HIN	kaputt (ugs.)	klassisch	de	2	user:cwr
HAN	Karawanserei	klassisch	de	2	user:cwr
NARR	Karnevalsgeck	klassisch	de	2	user:cwr
ALAND	Karpfenfisch	klassisch	de	2	user:cwr
ORFEN	Karpfenfische	klassisch	de	2	user:cwr
TAB	Karteikartenreiter	klassisch	de	2	user:cwr
ROT	Kartenfarbe bei Platzverweis	klassisch	de	2	user:cwr
CANASTA	Kartenspiel	klassisch	de	2	user:cwr
ROMME	Kartenspiel	klassisch	de	2	user:cwr
SKAT	Kartenspiel	klassisch	de	2	user:cwr
ARAL	kasach. See	klassisch	de	2	user:cwr
GOUDA	Käse aus NL	klassisch	de	2	user:cwr
FONDUE	Käsespeise	klassisch	de	2	user:cwr
SEPPL	Kasperl	klassisch	de	2	user:cwr
BON	Kassenbeleg	klassisch	de	2	user:cwr
PARIAS	kastenlose Inder	klassisch	de	2	user:cwr
KOMMODE	Kastenmöbel	klassisch	de	2	user:cwr
FALL	Kasus	klassisch	de	2	user:cwr
KAPLAN	kath. Hilfsgeistlicher	klassisch	de	2	user:cwr
DEMERIT	kath. Kirche: straffälliger Geistlicher	klassisch	de	2	user:cwr
CURE	kath. Pfarrer in Frankreich	klassisch	de	2	user:cwr
ESS	kath. Theologe	klassisch	de	2	user:cwr
ESS	kath. Theologe † 1847	klassisch	de	2	user:cwr
ABBE	kath. Weltgeistlicher	klassisch	de	2	user:cwr
PULT	Katheder	klassisch	de	2	user:cwr
DOM	Kathedrale	klassisch	de	2	user:cwr
NEPP	Kaufbetrug	klassisch	de	2	user:cwr
NEPP	Kaufbetrug, Preisüberhöhung	klassisch	de	2	user:cwr
PKA	kaufm. Apothekenangestellte (Abk.)	klassisch	de	2	user:cwr
AFA	kaufm. Begriff	klassisch	de	2	user:cwr
IST	kaufm.: Bestand	klassisch	de	2	user:cwr
BRUTTO	kaufm.: Betrag inkl. Steuern	klassisch	de	2	user:cwr
DATO	kaufm.: heute	klassisch	de	2	user:cwr
BRUTTO	kaufm.: ohne Abzug	klassisch	de	2	user:cwr
LOCO	kaufm.: verfügbar	klassisch	de	2	user:cwr
HANSA	Kaufmannsbund	klassisch	de	2	user:cwr
TAR	kaukas. Laute	klassisch	de	2	user:cwr
TUR	kaukasischer Steinbock	klassisch	de	2	user:cwr
LEISE	kaum hörbar	klassisch	de	2	user:cwr
RIESELN	kaum hörbar fallen	klassisch	de	2	user:cwr
STOER	Kaviarlieferant	klassisch	de	2	user:cwr
WENDE	Kehre	klassisch	de	2	user:cwr
UNRAT	Kehricht	klassisch	de	2	user:cwr
EBER	Keiler	klassisch	de	2	user:cwr
ASEPSIS	Keimfreiheit	klassisch	de	2	user:cwr
SAAT	Keimgut	klassisch	de	2	user:cwr
IWO	keineswegs	klassisch	de	2	user:cwr
OBER	Kellner	klassisch	de	2	user:cwr
SUK	kenianischer Volksstamm	klassisch	de	2	user:cwr
MAL	Kennzeichen	klassisch	de	2	user:cwr
TITEL	kennzeichnender Name ein. Buches	klassisch	de	2	user:cwr
FLIESE	keramisches Erzeugnis	klassisch	de	2	user:cwr
KIMME	Kerbe am Visier	klassisch	de	2	user:cwr
VERLIES	Kerker	klassisch	de	2	user:cwr
TYP	Kerl	klassisch	de	2	user:cwr
CORE	Kern (Eng.)	klassisch	de	2	user:cwr
TOPFIT	Kerngesund	klassisch	de	2	user:cwr
URIG	kernig, gemütlich	klassisch	de	2	user:cwr
AP	Kfz.-Z.: Apolda	klassisch	de	2	user:cwr
EMS	Kfz.-Z.: Bad Ems	klassisch	de	2	user:cwr
NES	Kfz.-Z.: Bad Neustadt/ Saale	klassisch	de	2	user:cwr
BA	Kfz-Z. Bamberg	klassisch	de	2	user:cwr
BN	Kfz.-Z.: Bonn	klassisch	de	2	user:cwr
BG	Kfz.-Z.: Bulgarien	klassisch	de	2	user:cwr
CE	Kfz.-Z.: Celle	klassisch	de	2	user:cwr
EBE	Kfz.-Z.: Ebersberg	klassisch	de	2	user:cwr
EC	Kfz.-Z.: Ecuador	klassisch	de	2	user:cwr
EN	Kfz-Z. Ennepe	klassisch	de	2	user:cwr
FO	Kfz.-Z.: Forchheim	klassisch	de	2	user:cwr
GOE	Kfz.-Z.: Göttingen	klassisch	de	2	user:cwr
GT	Kfz-Z. Gütersloh	klassisch	de	2	user:cwr
HWI	Kfz.-Z.: Hansestadt Wismar	klassisch	de	2	user:cwr
HSK	Kfz.-Z.: Hochsauerlandkreis	klassisch	de	2	user:cwr
HOL	Kfz.-Z.: Holzminden	klassisch	de	2	user:cwr
IND	Kfz.-Z.: Indien	klassisch	de	2	user:cwr
IRL	Kfz.-Z.: Irland	klassisch	de	2	user:cwr
KA	Kfz.-Z.: Karlsruhe	klassisch	de	2	user:cwr
KE	Kfz-Z. Kempten	klassisch	de	2	user:cwr
EAK	Kfz.-Z.: Kenia	klassisch	de	2	user:cwr
RKS	Kfz.-Z.: Kosovo	klassisch	de	2	user:cwr
LAO	Kfz.-Z.: Laos	klassisch	de	2	user:cwr
LOE	Kfz.-Z.: Lörrach	klassisch	de	2	user:cwr
DAN	Kfz.-Z.: Lüchow-Dannenberg	klassisch	de	2	user:cwr
MB	Kfz.-Z.: Miesbach	klassisch	de	2	user:cwr
MH	Kfz-Z. Mülheim	klassisch	de	2	user:cwr
NMS	Kfz.-Z.: Neumünster	klassisch	de	2	user:cwr
NR	Kfz.-Z.: Neuwied Rhein	klassisch	de	2	user:cwr
NL	Kfz.-Z.: Niederlande	klassisch	de	2	user:cwr
NGR	Kfz.-Z.: Nigeria	klassisch	de	2	user:cwr
OP	Kfz-Z.: Oberpullendorf	klassisch	de	2	user:cwr
REG	Kfz.-Z.: Regen	klassisch	de	2	user:cwr
RL	Kfz-Z. Rochlitz	klassisch	de	2	user:cwr
ROW	Kfz.-Z.: Rotenburg Wümme	klassisch	de	2	user:cwr
RSM	Kfz.-Z.: San Marino	klassisch	de	2	user:cwr
SE	Kfz.-Z.: Segeberg	klassisch	de	2	user:cwr
SRB	Kfz.-Z.: Serbien	klassisch	de	2	user:cwr
SU	Kfz.-Z.: Siegburg	klassisch	de	2	user:cwr
SFA	Kfz-Z.: SoltauFallingbostel	klassisch	de	2	user:cwr
ST	Kfz-Z. Steinfurt	klassisch	de	2	user:cwr
ROK	Kfz.-Z.: Südkorea	klassisch	de	2	user:cwr
TA	Kfz-Z.: Tamsweg	klassisch	de	2	user:cwr
EAT	Kfz.-Z.: Tansania	klassisch	de	2	user:cwr
UER	Kfz.-Z.: Uecker-Randow	klassisch	de	2	user:cwr
UAE	Kfz.-Z.: Vereinigte Arabische Emirate	klassisch	de	2	user:cwr
VIE	Kfz.-Z.: Viersen	klassisch	de	2	user:cwr
VO	Kfz-Z.: Voitsberg	klassisch	de	2	user:cwr
ZI	Kfz-Z. Zittau	klassisch	de	2	user:cwr
ESW	Kfz.Z.: Eschwege	klassisch	de	2	user:cwr
BC	KfzZeichen: Biberach	klassisch	de	2	user:cwr
BTF	KfzZeichen: Bitterfeld	klassisch	de	2	user:cwr
BN	KfzZeichen: Bonn	klassisch	de	2	user:cwr
ER	KfzZeichen: Erlangen	klassisch	de	2	user:cwr
GE	KfzZeichen: Gelsenkirchen	klassisch	de	2	user:cwr
HN	KfzZeichen: Heilbronn	klassisch	de	2	user:cwr
KL	KfzZeichen: Kaiserslautern	klassisch	de	2	user:cwr
KE	KfzZeichen: Kempten	klassisch	de	2	user:cwr
KLE	KfzZeichen: Kleve	klassisch	de	2	user:cwr
KR	KfzZeichen: Krefeld	klassisch	de	2	user:cwr
LN	KfzZeichen: Lübben	klassisch	de	2	user:cwr
LU	KfzZeichen: Ludwigshafen	klassisch	de	2	user:cwr
MA	KfzZeichen: Mannheim	klassisch	de	2	user:cwr
NK	KfzZeichen: Neunkirchen	klassisch	de	2	user:cwr
NI	KfzZeichen: Nienburg	klassisch	de	2	user:cwr
NF	KfzZeichen: Nordfriesland	klassisch	de	2	user:cwr
OH	KfzZeichen: Ostholstein	klassisch	de	2	user:cwr
PAF	KfzZeichen: Pfaffenhofen	klassisch	de	2	user:cwr
RA	KfzZeichen: Rastatt	klassisch	de	2	user:cwr
SG	KfzZeichen: Solingen	klassisch	de	2	user:cwr
UE	KfzZeichen: Uelzen	klassisch	de	2	user:cwr
UN	KfzZeichen: Unna	klassisch	de	2	user:cwr
HIHI	Kicherlaut	klassisch	de	2	user:cwr
KIEN	Kiefernholz	klassisch	de	2	user:cwr
SPANGE	kieferorthopäd. Hilfsmittel	klassisch	de	2	user:cwr
OBI	Kimonogürtel	klassisch	de	2	user:cwr
KID	Kind (Eng.)	klassisch	de	2	user:cwr
ENKEL	Kind vom Kind	klassisch	de	2	user:cwr
FANGEN	Kinder-, Nachlaufspiel	klassisch	de	2	user:cwr
ROLLER	Kinderfahrzeug	klassisch	de	2	user:cwr
AMME	Kinderfrau	klassisch	de	2	user:cwr
ADHS	Kinderhyperaktivität (Abk.)	klassisch	de	2	user:cwr
MASERN	Kinderkrankheit	klassisch	de	2	user:cwr
HEIA	Kindersprache: Bett	klassisch	de	2	user:cwr
BUGGY	Kinderwagen (Eng.)	klassisch	de	2	user:cwr
BUDE	Kiosk	klassisch	de	2	user:cwr
LATEIN	Kirchensprache	klassisch	de	2	user:cwr
ORNAT	kirchliche Amtstracht	klassisch	de	2	user:cwr
ASSEL	kl. Kellerkrebs	klassisch	de	2	user:cwr
HEFT	Kladde	klassisch	de	2	user:cwr
ELEGIE	Klagelied	klassisch	de	2	user:cwr
TON	Klang, Laut	klassisch	de	2	user:cwr
TIMBRE	Klangfarbe	klassisch	de	2	user:cwr
TIMBRE	Klangfarbe, -charakter	klassisch	de	2	user:cwr
TIMBRE	Klangfarbe ein. Gesangsstimme	klassisch	de	2	user:cwr
GONG	Klangschale	klassisch	de	2	user:cwr
HELL	Klar	klassisch	de	2	user:cwr
PRIMUS	Klassenbester	klassisch	de	2	user:cwr
GEREDE	Klatsch, Tratsch	klassisch	de	2	user:cwr
PIANO	Klavier	klassisch	de	2	user:cwr
TAPE	Klebeband (Eng.)	klassisch	de	2	user:cwr
LEIM	Klebstoff	klassisch	de	2	user:cwr
XXL	Kleidergröße	klassisch	de	2	user:cwr
PULLOVER	Kleidungsstück	klassisch	de	2	user:cwr
BLUSE	Kleidungsstück	klassisch	de	2	user:cwr
TEXTIL	Kleidungsstück, Stoff	klassisch	de	2	user:cwr
SMALL	klein (Eng.)	klassisch	de	2	user:cwr
NUANCE	kleine Abstufung	klassisch	de	2	user:cwr
SIEL	kleine Deichschleuse	klassisch	de	2	user:cwr
RILLE	kleine Furche	klassisch	de	2	user:cwr
UKULELE	kleine Gitarre	klassisch	de	2	user:cwr
KAEPPI	kleine Kopfbedeckung	klassisch	de	2	user:cwr
SNACK	kleine Mahlzeit (engl.)	klassisch	de	2	user:cwr
STAB	kleine Mitarbeitergruppe	klassisch	de	2	user:cwr
OESE	Kleine Schlaufe	klassisch	de	2	user:cwr
ZWILLE	kleine Schleuderwaffe	klassisch	de	2	user:cwr
BALI	kleine Sundainsel	klassisch	de	2	user:cwr
BONGO	kleine Trommel	klassisch	de	2	user:cwr
PFORTE	kleine Tür, Eingang	klassisch	de	2	user:cwr
DETAIL	kleiner Ausschnitt	klassisch	de	2	user:cwr
LORE	kleiner Bergwerkswagen	klassisch	de	2	user:cwr
VERS	kleiner Bibelabschnitt	klassisch	de	2	user:cwr
GNOM	kleiner Erdgeist, Zwerg, Kobold	klassisch	de	2	user:cwr
TUPF	kleiner Farbklecks	klassisch	de	2	user:cwr
STINT	kleiner lachsartiger Fisch	klassisch	de	2	user:cwr
BEUTEL	kleiner Sack	klassisch	de	2	user:cwr
MEISE	Kleiner Singvogel	klassisch	de	2	user:cwr
KAHN	Kleines Boot	klassisch	de	2	user:cwr
KEKS	kleines Feingebäck	klassisch	de	2	user:cwr
LAUBE	kleines Gartenhaus	klassisch	de	2	user:cwr
AMEISE	kleines Insekt	klassisch	de	2	user:cwr
BAMS	kleines Kind	klassisch	de	2	user:cwr
MOFA	kleines Motorrad (Kw.)	klassisch	de	2	user:cwr
PONY	kleines Pferd	klassisch	de	2	user:cwr
ZETTEL	kleines Stück Papier	klassisch	de	2	user:cwr
ATOM	kleines Teilchen	klassisch	de	2	user:cwr
PFORTE	kleines Tor	klassisch	de	2	user:cwr
HAIN	kleines Wäldchen	klassisch	de	2	user:cwr
DEKA	Kleingewicht (Kw.)	klassisch	de	2	user:cwr
KRAEMER	Kleinhändler	klassisch	de	2	user:cwr
PEDANT	Kleinigkeitskrämer	klassisch	de	2	user:cwr
BITS	kleinste EDV-Informationseinheiten	klassisch	de	2	user:cwr
EFEU	Kletterpflanze	klassisch	de	2	user:cwr
LEMURE	Klettertier auf Madagaskar	klassisch	de	2	user:cwr
AFFE	Klettertier in den Tropen	klassisch	de	2	user:cwr
ARID	klimatisch trocken	klassisch	de	2	user:cwr
FELSEN	Klippe	klassisch	de	2	user:cwr
ABT	Klostervorsteher	klassisch	de	2	user:cwr
SMART	klug (Eng.)	klassisch	de	2	user:cwr
TANGA	knapper Bikini	klassisch	de	2	user:cwr
CELLO	Kniegeige	klassisch	de	2	user:cwr
DREH	Kniff	klassisch	de	2	user:cwr
GELENK	Knochenverbindung	klassisch	de	2	user:cwr
KLOSS	Knödel	klassisch	de	2	user:cwr
RUEBE	Knolle	klassisch	de	2	user:cwr
HAI	Knorpelfisch	klassisch	de	2	user:cwr
TOPF	Kochgefäß	klassisch	de	2	user:cwr
TOPF	Kochgeschirr	klassisch	de	2	user:cwr
WOK	Kochgeschirr für die asiat. Küche	klassisch	de	2	user:cwr
COLA	koffeinhaltiges Kaltgetränk	klassisch	de	2	user:cwr
ANTHRAZIT	Kohlenblende	klassisch	de	2	user:cwr
SODA	kohlensäurehaltiges Wasser	klassisch	de	2	user:cwr
MAIS	Kolbengetreide	klassisch	de	2	user:cwr
HUB	Kolbenweg	klassisch	de	2	user:cwr
GEL	Kolloid	klassisch	de	2	user:cwr
GEL	Kolloid, Gallertmasse	klassisch	de	2	user:cwr
BAP	Kölner Band	klassisch	de	2	user:cwr
ALAAF	Kölner Karnevalsruf	klassisch	de	2	user:cwr
PESO	kolumbianische Währung	klassisch	de	2	user:cwr
BEQUEM	komfortabel, behaglich	klassisch	de	2	user:cwr
BEAN	Komiker (Mr. …)	klassisch	de	2	user:cwr
URIG	komisch, humorvoll	klassisch	de	2	user:cwr
POSSE	Komödie	klassisch	de	2	user:cwr
DUETT	Komposition für 2 Singstimmen	klassisch	de	2	user:cwr
OKTETT	Komposition für 8 Instrumente	klassisch	de	2	user:cwr
DUENGER	Kompost	klassisch	de	2	user:cwr
FORM	Kondition, Fitness	klassisch	de	2	user:cwr
TAGUNG	Konferenz	klassisch	de	2	user:cwr
TAGEN	konferieren	klassisch	de	2	user:cwr
STREIT	Konflikt	klassisch	de	2	user:cwr
HOOD	König der Diebe (Robin)	klassisch	de	2	user:cwr
OZIAS	König von Juda	klassisch	de	2	user:cwr
GUSTAF	König von Schweden (Carl ...)	klassisch	de	2	user:cwr
LEONIDAS	König von Sparta	klassisch	de	2	user:cwr
DIADEM	königlicher Kopfschmuck	klassisch	de	2	user:cwr
OB	Konjunktion	klassisch	de	2	user:cwr
UND	Konjunktion	klassisch	de	2	user:cwr
ESSIG	Konservierungsmittel	klassisch	de	2	user:cwr
SALZ	Konservierungsstoff	klassisch	de	2	user:cwr
STETIG	konstant, andauernd	klassisch	de	2	user:cwr
BAU	Konstruktion	klassisch	de	2	user:cwr
ERDTEIL	Kontinent	klassisch	de	2	user:cwr
ERDTEILE	Kontinente	klassisch	de	2	user:cwr
STET	kontinuierlich	klassisch	de	2	user:cwr
SALDO	Kontostand	klassisch	de	2	user:cwr
STRITTIG	kontrovers, ungeklärt	klassisch	de	2	user:cwr
UMRISS	Kontur	klassisch	de	2	user:cwr
TABU	konventionelle Schranke	klassisch	de	2	user:cwr
GIG	Konzertauftritt	klassisch	de	2	user:cwr
DEZ	Kopf (ugs.)	klassisch	de	2	user:cwr
HUT	Kopfbedeckung	klassisch	de	2	user:cwr
SONNENHUT	Kopfbedeckung für den Sommer	klassisch	de	2	user:cwr
HAAR	Kopfhaar	klassisch	de	2	user:cwr
KAPUZE	Kopfhaube	klassisch	de	2	user:cwr
SKALP	Kopfhaut als Trophäe	klassisch	de	2	user:cwr
SALTO	Kopfüberschlag	klassisch	de	2	user:cwr
KISSEN	Kopfunterlage im Bett	klassisch	de	2	user:cwr
ATOLL	Koralleninsel	klassisch	de	2	user:cwr
ATOLL	Korallenringinsel	klassisch	de	2	user:cwr
SUREN	Korankapitel (Mz.)	klassisch	de	2	user:cwr
WON	koreanische Währung	klassisch	de	2	user:cwr
LEIB	Körper	klassisch	de	2	user:cwr
BODY	Körper (engl.)	klassisch	de	2	user:cwr
OD	Körperausstrahlung	klassisch	de	2	user:cwr
MAL	Körperfleck	klassisch	de	2	user:cwr
ATMEN	Körperfunktion	klassisch	de	2	user:cwr
STRESS	körperl. u. seelische Überbelastung	klassisch	de	2	user:cwr
STATUR	körperliche Erscheinung	klassisch	de	2	user:cwr
STRESS	körperlicher Reizzustand	klassisch	de	2	user:cwr
NIERE	Körperorgan	klassisch	de	2	user:cwr
HERZ	Körperorgan	klassisch	de	2	user:cwr
DRUESE	Körperorgan	klassisch	de	2	user:cwr
DEO	Körperspray	klassisch	de	2	user:cwr
LIEGEN	Körperstellung	klassisch	de	2	user:cwr
ORGAN	Körperteil	klassisch	de	2	user:cwr
ARM	Körperteil	klassisch	de	2	user:cwr
HALS	Körperteil	klassisch	de	2	user:cwr
FUSS	Körperteil unten	klassisch	de	2	user:cwr
DICK	korpulent	klassisch	de	2	user:cwr
STET	Korrekturzeichen	klassisch	de	2	user:cwr
ILKA	Koseform von Ilona	klassisch	de	2	user:cwr
LISL	Koseform von: Liselotte	klassisch	de	2	user:cwr
USCHI	Koseform von: Ulrike	klassisch	de	2	user:cwr
OMI	Kosename der Großmutter	klassisch	de	2	user:cwr
MAMI	Kosename der Mutter	klassisch	de	2	user:cwr
VATI	Kosename des Vaters	klassisch	de	2	user:cwr
ENA	Kosename e. span. Königin	klassisch	de	2	user:cwr
ENA	Kosename einer span. Königin †	klassisch	de	2	user:cwr
OPI	Kosewort für den Großvater	klassisch	de	2	user:cwr
OMI	Kosewort für die Großmutter	klassisch	de	2	user:cwr
AJA	Kosewort für Goethes Mutter	klassisch	de	2	user:cwr
OMA	Kosewort für Großmutter	klassisch	de	2	user:cwr
OPA	Kosewort für Großvater	klassisch	de	2	user:cwr
COS	Kosinus (Afk.)	klassisch	de	2	user:cwr
HAARKUR	kosmet. Artikel beim Friseur	klassisch	de	2	user:cwr
GEL	Kosmetikartikel, Salbe	klassisch	de	2	user:cwr
PUDER	Kosmetikpulver	klassisch	de	2	user:cwr
POMADE	kosmetisches Haarfett	klassisch	de	2	user:cwr
ALL	Kosmos	klassisch	de	2	user:cwr
EDEL	kostbar, erlesen	klassisch	de	2	user:cwr
EDEL	kostbar, hochwertig	klassisch	de	2	user:cwr
RAR	kostbar, selten	klassisch	de	2	user:cwr
GRATIS	kostenlos	klassisch	de	2	user:cwr
FREI	kostenlos, unentgeltlich	klassisch	de	2	user:cwr
ZUGABE	kostenlose Ware, Extra	klassisch	de	2	user:cwr
DELIKAT	köstlich, wohlschmeckend	klassisch	de	2	user:cwr
TEUER	kostspielig	klassisch	de	2	user:cwr
TEURER	kostspieliger	klassisch	de	2	user:cwr
AUTO	Kraftfahrzeug	klassisch	de	2	user:cwr
AUTO	Kraftfahrzeug (Kw.)	klassisch	de	2	user:cwr
STARK	kräftig	klassisch	de	2	user:cwr
LASCH	kraftlos	klassisch	de	2	user:cwr
MOTOR	Kraftmaschine	klassisch	de	2	user:cwr
DIESEL	Kraftstoffart (Kw.)	klassisch	de	2	user:cwr
STARK	kraftvoll	klassisch	de	2	user:cwr
URUBU	Krähengeier	klassisch	de	2	user:cwr
RABE	Krähenvogel	klassisch	de	2	user:cwr
ZEUG	Kram	klassisch	de	2	user:cwr
THERAPIE	Kranken-, Heilbehandlung	klassisch	de	2	user:cwr
ATTEST	Krankenbescheinigung	klassisch	de	2	user:cwr
VERLETZEND	kränkend	klassisch	de	2	user:cwr
KLINIK	Krankenhaus	klassisch	de	2	user:cwr
EGOMAN	krankhaft selbstbezogen	klassisch	de	2	user:cwr
EGOMANE	krankhaft selbstbezogener Mensch	klassisch	de	2	user:cwr
EGOMAN	krankhaft selbstsüchtig	klassisch	de	2	user:cwr
RITZ	Kratzer	klassisch	de	2	user:cwr
AFRO	Kraushaar (Eng.)	klassisch	de	2	user:cwr
REMOULADE	Kräutersauce	klassisch	de	2	user:cwr
ZOEA	Krebslarve	klassisch	de	2	user:cwr
PUMP	Kredit	klassisch	de	2	user:cwr
ROTIEREN	kreisen	klassisch	de	2	user:cwr
RUND	kreisförmig	klassisch	de	2	user:cwr
RADIUS	Kreishalbmesser	klassisch	de	2	user:cwr
BIOSAUNA	kreislaufschonendes Dampfbad	klassisch	de	2	user:cwr
PI	Kreiszahl	klassisch	de	2	user:cwr
RAUKE	Kreuzblütler, Wildgemüse	klassisch	de	2	user:cwr
INRI	Kreuzesinschrift	klassisch	de	2	user:cwr
REPTIL	Kriechtier	klassisch	de	2	user:cwr
ECHSEN	Kriechtierunterordnung	klassisch	de	2	user:cwr
NIPPES	Krimskrams	klassisch	de	2	user:cwr
FBI	Kripo der USA	klassisch	de	2	user:cwr
RAB	kroat. Adriainsel	klassisch	de	2	user:cwr
OLIB	kroat. Insel	klassisch	de	2	user:cwr
KRK	kroat. Insel vor Rijeka	klassisch	de	2	user:cwr
KRK	kroatische Adriainsel	klassisch	de	2	user:cwr
UNKE	Kröte mit gefleckter Unterseite	klassisch	de	2	user:cwr
OBEIN	krummes Gliedmaß	klassisch	de	2	user:cwr
LAM	kuban. Maler † (Wilfredo)	klassisch	de	2	user:cwr
PFANNE	Küchengefäß	klassisch	de	2	user:cwr
SIEB	Küchengerät	klassisch	de	2	user:cwr
ANIS	Kuchengewürz	klassisch	de	2	user:cwr
SPUELE	Küchenmöbel	klassisch	de	2	user:cwr
KOCHLOEFFEL	Küchenutensil	klassisch	de	2	user:cwr
KULI	Kugelschreiber	klassisch	de	2	user:cwr
KULI	Kugelschreiber (Kw.)	klassisch	de	2	user:cwr
MINE	Kugelschreibereinlage	klassisch	de	2	user:cwr
KEGELN	Kugelspiel	klassisch	de	2	user:cwr
GNU	Kuhantilope	klassisch	de	2	user:cwr
MUT	Kühnheit	klassisch	de	2	user:cwr
EUTER	Kuhorgan	klassisch	de	2	user:cwr
TRABI	Kult-DDR-Auto	klassisch	de	2	user:cwr
ROKOKO	Kulturepoche	klassisch	de	2	user:cwr
SOJA	Kulturpflanze Ostasiens	klassisch	de	2	user:cwr
WEH	Kummer	klassisch	de	2	user:cwr
LEID	Kummer, Schmerz	klassisch	de	2	user:cwr
MATE	Kumpel (Eng.)	klassisch	de	2	user:cwr
KLIENT	Kunde, Mandant	klassisch	de	2	user:cwr
SPAEHER	Kundschafter	klassisch	de	2	user:cwr
ART	Kunst (Eng.)	klassisch	de	2	user:cwr
KALI	Kunstdünger	klassisch	de	2	user:cwr
TRICK	Kunstgriff	klassisch	de	2	user:cwr
BUHNE	künstl. Damm	klassisch	de	2	user:cwr
STAUSEE	künstl. Gewässer	klassisch	de	2	user:cwr
SUJETS	künstlerische Themen	klassisch	de	2	user:cwr
AI	Künstliche Intelligenz (engl. Abk.)	klassisch	de	2	user:cwr
IDO	künstliche Weltsprache	klassisch	de	2	user:cwr
WARFT	künstlicher Hallighügel	klassisch	de	2	user:cwr
ROKOKO	Kunststil des 18. Jahrhunderts	klassisch	de	2	user:cwr
OPUS	Kunstwerk	klassisch	de	2	user:cwr
EILBOTE	Kurier	klassisch	de	2	user:cwr
EMS	Kurort an der Lahn	klassisch	de	2	user:cwr
SPA	Kurort (Eng.)	klassisch	de	2	user:cwr
DAVOS	Kurort i. d. Schweiz	klassisch	de	2	user:cwr
SPA	Kurort in Belgien	klassisch	de	2	user:cwr
BAD	Kurort mit Heilquellen	klassisch	de	2	user:cwr
TAXE	Kursteuer	klassisch	de	2	user:cwr
ABO	kurz für Abonnement	klassisch	de	2	user:cwr
ANS	kurz für: an das	klassisch	de	2	user:cwr
AUFS	kurz für: auf das	klassisch	de	2	user:cwr
DRAN	kurz für: daran	klassisch	de	2	user:cwr
DRAN	kurz für daran	klassisch	de	2	user:cwr
DRIN	kurz für darin	klassisch	de	2	user:cwr
NE	kurz für: eine	klassisch	de	2	user:cwr
RAN	kurz für: heran	klassisch	de	2	user:cwr
RUM	kurz für: herum	klassisch	de	2	user:cwr
INS	kurz für: in das	klassisch	de	2	user:cwr
OLIBA	kurz für: Oberlippenbart	klassisch	de	2	user:cwr
RELI	kurz für: Religionsunterricht	klassisch	de	2	user:cwr
ULI	kurz für: Ulrich	klassisch	de	2	user:cwr
UMS	kurz für: um das	klassisch	de	2	user:cwr
ZUM	kurz für: zu dem	klassisch	de	2	user:cwr
ZUR	kurz für: zu der	klassisch	de	2	user:cwr
ESSAY	Kurzaufsatz (Eng.)	klassisch	de	2	user:cwr
EPISODE	kurze Begebenheit, Nebenhandlung	klassisch	de	2	user:cwr
NAEHE	Kurze Distanz	klassisch	de	2	user:cwr
TRIP	kurze Reise	klassisch	de	2	user:cwr
RAST	kurze Ruhepause	klassisch	de	2	user:cwr
ANEKDOTE	kurze, witzige Erzählung	klassisch	de	2	user:cwr
HUSCH	kurze Zeit (ugs.)	klassisch	de	2	user:cwr
UDSSR	Kürzel der Sowjetunion	klassisch	de	2	user:cwr
AU	kurzer Schmerzlaut	klassisch	de	2	user:cwr
SCHASSEN	kurzerhand entlassen	klassisch	de	2	user:cwr
TUTU	kurzes Ballettröckchen (frz.)	klassisch	de	2	user:cwr
THEA	Kurzf. von Dorothea	klassisch	de	2	user:cwr
MIRI	Kurzform Miriam	klassisch	de	2	user:cwr
RICK	Kurzform Richard (Eng.)	klassisch	de	2	user:cwr
ASSI	Kurzform von Assistent	klassisch	de	2	user:cwr
ELSE	Kurzform von: Elisabeth	klassisch	de	2	user:cwr
LIA	Kurzform von Julia	klassisch	de	2	user:cwr
RESI	Kurzform von Theresia	klassisch	de	2	user:cwr
STORY	Kurzgeschichte (engl.)	klassisch	de	2	user:cwr
BOB	Kurzhaarschnitt	klassisch	de	2	user:cwr
INFO	Kurzmitteilung (Kw.)	klassisch	de	2	user:cwr
TWEET	Kurznachricht (Eng.)	klassisch	de	2	user:cwr
MOPS	Kurznasiger Hund	klassisch	de	2	user:cwr
MEMO	Kurznotiz (Eng.)	klassisch	de	2	user:cwr
STENO	Kurzschrift	klassisch	de	2	user:cwr
NAEHGARN	Kurzware	klassisch	de	2	user:cwr
UMSCHLAG	Kuvert	klassisch	de	2	user:cwr
IOS	Kykladen-Insel	klassisch	de	2	user:cwr
IOS	Kykladeninsel	klassisch	de	2	user:cwr
LEA	Labans Tochter (A.T.)	klassisch	de	2	user:cwr
SALM	Lachsart	klassisch	de	2	user:cwr
SALM	Lachsfisch	klassisch	de	2	user:cwr
ANKE	Lachsforelle	klassisch	de	2	user:cwr
SHOP	Laden (engl.)	klassisch	de	2	user:cwr
THEKE	Ladentisch	klassisch	de	2	user:cwr
TRESEN	Ladentisch	klassisch	de	2	user:cwr
BETTTUCH	Laken, Matratzenbezug	klassisch	de	2	user:cwr
ANIS	Lakritzgewürz	klassisch	de	2	user:cwr
EDOM	Land am Toten Meer im A.T.	klassisch	de	2	user:cwr
UNGARN	Land an der Donau	klassisch	de	2	user:cwr
INSEL	Land im Wasser	klassisch	de	2	user:cwr
GCA	Landeanflugverfahren (Abk.)	klassisch	de	2	user:cwr
MATTLE	Landeshauptmann von Tirol (Anton)	klassisch	de	2	user:cwr
ATLAS	Landkartenwerk	klassisch	de	2	user:cwr
KNATSCH	landsch.: Ärger, Streit	klassisch	de	2	user:cwr
GEFILDE	Landschaft	klassisch	de	2	user:cwr
ALMTAL	Landschaft im Traunviertel	klassisch	de	2	user:cwr
ZACH	landschaftl.: zäh	klassisch	de	2	user:cwr
KAP	Landspitze	klassisch	de	2	user:cwr
GELT	Landw.: unfruchtbar	klassisch	de	2	user:cwr
EGGEN	landwirtsch. Tätigkeit	klassisch	de	2	user:cwr
EGGEN	landwirtschaftl. Arbeit	klassisch	de	2	user:cwr
BALLENPRESSE	landwirtschaftl. Maschine	klassisch	de	2	user:cwr
KUH	landwirtschaftl. Nutztier	klassisch	de	2	user:cwr
SPAGHETTI	Lange Nudelsorte	klassisch	de	2	user:cwr
METER	Längenmaß	klassisch	de	2	user:cwr
EPOS	langes erzählend. Heldengedicht	klassisch	de	2	user:cwr
DIEB	Langfinger	klassisch	de	2	user:cwr
DAMM	langgestreckte Erdaufschüttung	klassisch	de	2	user:cwr
ANGORA	langhaarige Wollsorte	klassisch	de	2	user:cwr
BASMATI	Langkornreis	klassisch	de	2	user:cwr
HASE	Langohr	klassisch	de	2	user:cwr
GEMACH	Langsam!	klassisch	de	2	user:cwr
TRAEGE	langsam, ohne Schwung	klassisch	de	2	user:cwr
ARA	Langschwanzpapagei	klassisch	de	2	user:cwr
NIL	längster Strom Afrikas	klassisch	de	2	user:cwr
OEDE	langweilig	klassisch	de	2	user:cwr
FAD	langweilig	klassisch	de	2	user:cwr
KHA	laot. Bergvolk	klassisch	de	2	user:cwr
MAN	laotische Volksgruppe	klassisch	de	2	user:cwr
POLTERN	lärmen	klassisch	de	2	user:cwr
LAX	lasch (Eng.)	klassisch	de	2	user:cwr
SHERPA	Lastenträger im Hochgebirge	klassisch	de	2	user:cwr
LEERLAUF	Lastfrei	klassisch	de	2	user:cwr
UNART	lästige Marotte	klassisch	de	2	user:cwr
GELSE	lästiges Insekt	klassisch	de	2	user:cwr
MAULESEL	Lasttier	klassisch	de	2	user:cwr
ESEL	Lasttier	klassisch	de	2	user:cwr
LKW	Lastwagen (Afk.)	klassisch	de	2	user:cwr
TRUCK	Lastwagen (Eng.)	klassisch	de	2	user:cwr
NN	lat. Abk.: Name noch zu benennen	klassisch	de	2	user:cwr
ORA	lat.: bete!	klassisch	de	2	user:cwr
HOC	lat.: dies	klassisch	de	2	user:cwr
HONOR	lat.: Ehre	klassisch	de	2	user:cwr
TERRA	lat.: Erde	klassisch	de	2	user:cwr
AVE	lat. Gruß	klassisch	de	2	user:cwr
AVE	lat. Grußwort	klassisch	de	2	user:cwr
AMO	lat.: ich liebe	klassisch	de	2	user:cwr
ANNO	lat.: im Jahre	klassisch	de	2	user:cwr
EST	lat.: ist	klassisch	de	2	user:cwr
ARS	lat.: Kunst	klassisch	de	2	user:cwr
IUS	lat.: Recht	klassisch	de	2	user:cwr
ITA	lat.: so	klassisch	de	2	user:cwr
ANTE	lat.: vor	klassisch	de	2	user:cwr
AQUA	lat.: Wasser	klassisch	de	2	user:cwr
VINUM	lat.: Wein	klassisch	de	2	user:cwr
EX	latein.: aus	klassisch	de	2	user:cwr
EGO	latein.: ich	klassisch	de	2	user:cwr
REX	latein.: König	klassisch	de	2	user:cwr
ARS	latein.: Kunst	klassisch	de	2	user:cwr
RES	latein.: Sache	klassisch	de	2	user:cwr
LEX	lateinisch: Gesetz	klassisch	de	2	user:cwr
DEI	lateinisch: Götter	klassisch	de	2	user:cwr
ARS	lateinisch: Kunst	klassisch	de	2	user:cwr
UBI	lateinisch: wo	klassisch	de	2	user:cwr
DE	lateinische Vorsilbe: weg	klassisch	de	2	user:cwr
ERLE	Laubbaum	klassisch	de	2	user:cwr
EICHE	Laubbaum	klassisch	de	2	user:cwr
ESCHE	Laubbaum	klassisch	de	2	user:cwr
ERLE	Laubbaum am Wasser	klassisch	de	2	user:cwr
ERLEN	Laubbaum (Mz.)	klassisch	de	2	user:cwr
RUN	Lauf (Eng.)	klassisch	de	2	user:cwr
BOY	Laufjunge, Bote	klassisch	de	2	user:cwr
EMUS	Laufvögel	klassisch	de	2	user:cwr
EMU	Laufvogel	klassisch	de	2	user:cwr
BASE	Lauge	klassisch	de	2	user:cwr
NISSE	Lausei	klassisch	de	2	user:cwr
MUH	Laut der Rinder	klassisch	de	2	user:cwr
IH	Laut des Ekels	klassisch	de	2	user:cwr
TON	Laut, Klang	klassisch	de	2	user:cwr
HE	lauter Ausruf	klassisch	de	2	user:cwr
STILLE	Lautlosigkeit	klassisch	de	2	user:cwr
LAU	lauwarm	klassisch	de	2	user:cwr
BABA	leb wohl! (ugs.)	klassisch	de	2	user:cwr
DASEIN	Leben, Existenz	klassisch	de	2	user:cwr
ZELLE	Lebensbaustein	klassisch	de	2	user:cwr
OPTIMIST	lebensbejahender Mensch	klassisch	de	2	user:cwr
VITA	Lebensbeschreibung	klassisch	de	2	user:cwr
EHE	Lebensbund	klassisch	de	2	user:cwr
TOD	Lebensende	klassisch	de	2	user:cwr
QI	Lebensenergie (TCM)	klassisch	de	2	user:cwr
EHE	Lebensgemeinschaft	klassisch	de	2	user:cwr
ATEM	Lebenshauch	klassisch	de	2	user:cwr
VITA	Lebenslauf	klassisch	de	2	user:cwr
WELT	Lebensraum des Menschen	klassisch	de	2	user:cwr
UMWELT	Lebensumfeld	klassisch	de	2	user:cwr
UNREIF	lebensunerfahren	klassisch	de	2	user:cwr
TIER	Lebewesen	klassisch	de	2	user:cwr
ADE	Lebewohl	klassisch	de	2	user:cwr
REGE	lebhaft	klassisch	de	2	user:cwr
TOT	leblos	klassisch	de	2	user:cwr
LEAK	Leck (Eng.)	klassisch	de	2	user:cwr
KID	Leder v. Ziege, Schaf oder Kalb	klassisch	de	2	user:cwr
KNUTE	Lederpeitsche	klassisch	de	2	user:cwr
NUR	lediglich	klassisch	de	2	user:cwr
NUR	lediglich, bloß	klassisch	de	2	user:cwr
INAN	leer, hohl, eitel (atomist. Philos.)	klassisch	de	2	user:cwr
SAGENHAFT	legendär	klassisch	de	2	user:cwr
SAGE	Legende	klassisch	de	2	user:cwr
HEI	legeres Grußwort	klassisch	de	2	user:cwr
UMA	Leguanart	klassisch	de	2	user:cwr
FRON	Lehnsarbeit	klassisch	de	2	user:cwr
LOGIK	Lehre der Folgerichtigkeit	klassisch	de	2	user:cwr
ELI	Lehrer d. Propheten Samuel (A. T.)	klassisch	de	2	user:cwr
ELI	Lehrer Samuels	klassisch	de	2	user:cwr
AZUBI	Lehrling	klassisch	de	2	user:cwr
AZUBI	Lehrling (Afk.)	klassisch	de	2	user:cwr
GURU	Lehrmeister	klassisch	de	2	user:cwr
DOGMA	Lehrsatz	klassisch	de	2	user:cwr
SPORT	Leibesertüchtigung	klassisch	de	2	user:cwr
WAMS	Leibjacke	klassisch	de	2	user:cwr
ERZEUGER	leiblicher Vater	klassisch	de	2	user:cwr
LABIL	leicht beeinflussbar	klassisch	de	2	user:cwr
HERB	Leicht bitter	klassisch	de	2	user:cwr
HERB	leicht säuerlich (Wein)	klassisch	de	2	user:cwr
IAAF	Leichtathletik-Weltverband (Abk.)	klassisch	de	2	user:cwr
SPEER	leichtathletisches Gerät	klassisch	de	2	user:cwr
TOENUNG	leichte Haarfärbung	klassisch	de	2	user:cwr
REISBREI	leichte Kost	klassisch	de	2	user:cwr
TRENSE	leichter Pferdezaum	klassisch	de	2	user:cwr
KLAPS	leichter Schlag	klassisch	de	2	user:cwr
GIG	leichtes Beiboot	klassisch	de	2	user:cwr
KANU	leichtes Paddelboot	klassisch	de	2	user:cwr
ALU	Leichtmetall	klassisch	de	2	user:cwr
ALU	Leichtmetall (Kw.)	klassisch	de	2	user:cwr
MOFA	Leichtmoped (Afk.)	klassisch	de	2	user:cwr
RASER	leichtsinniger Fahrer	klassisch	de	2	user:cwr
WEH	Leid	klassisch	de	2	user:cwr
WEH	Leid, Schmerz	klassisch	de	2	user:cwr
HALBWEGS	leidlich, in mäßigen Grade	klassisch	de	2	user:cwr
KLEBER	Leim	klassisch	de	2	user:cwr
KLEBER	Leim (ugs.)	klassisch	de	2	user:cwr
PIANO	leise, Musikangabe	klassisch	de	2	user:cwr
NIESELN	leise regnen	klassisch	de	2	user:cwr
PIEP	leiser Ton	klassisch	de	2	user:cwr
PIEP	Leiser Vogelruf	klassisch	de	2	user:cwr
VORSTEHER	Leiter, Direktor	klassisch	de	2	user:cwr
ANFUEHRER	Leiter einer Gruppe	klassisch	de	2	user:cwr
VADEMEKUM	Leitfaden, Ratgeber	klassisch	de	2	user:cwr
IDEE	Leitgedanke	klassisch	de	2	user:cwr
THEMA	Leitmotiv	klassisch	de	2	user:cwr
KATTA	Lemurenart	klassisch	de	2	user:cwr
STEUER	Lenkvorrichtung	klassisch	de	2	user:cwr
PULT	Lesetisch	klassisch	de	2	user:cwr
ENDSPURT	letzte Anstrengung vor dem Ziel	klassisch	de	2	user:cwr
FINALE	letzte Etappe	klassisch	de	2	user:cwr
GRAB	letzte Ruhestätte	klassisch	de	2	user:cwr
ULTIMO	letzter Tag des Monats	klassisch	de	2	user:cwr
LED	Leuchtdiode (Abk.)	klassisch	de	2	user:cwr
LED	Leuchtdiode (Afk.)	klassisch	de	2	user:cwr
SERIR	libysche Geröllwüste	klassisch	de	2	user:cwr
AMPEL	Lichtanlage zur Verkehrsregelung	klassisch	de	2	user:cwr
FOTO	Lichtbild (Kurzw.)	klassisch	de	2	user:cwr
PRISMA	Lichtbrecher	klassisch	de	2	user:cwr
LOHE	lichte Glut	klassisch	de	2	user:cwr
SERAPH	Lichtengel	klassisch	de	2	user:cwr
AURA	Lichtkranz	klassisch	de	2	user:cwr
OZELLE	Lichtsinnesorgan b. Insekten	klassisch	de	2	user:cwr
LASER	Lichtstrahler	klassisch	de	2	user:cwr
HINGABE	Liebe	klassisch	de	2	user:cwr
FLIRTS	Liebeleien	klassisch	de	2	user:cwr
OPAPA	Lieber Großvater	klassisch	de	2	user:cwr
EHER	lieber, wahrscheinlicher	klassisch	de	2	user:cwr
AMOR	Liebesgott	klassisch	de	2	user:cwr
AGAPE	Liebesmahl	klassisch	de	2	user:cwr
MAMI	Liebevolle Mutter	klassisch	de	2	user:cwr
SONG	Lied (engl.)	klassisch	de	2	user:cwr
ALBUM	Liederauswahl auf Tonträger	klassisch	de	2	user:cwr
GESANG	Liedvortrag	klassisch	de	2	user:cwr
BETTRUHE	Liegepflicht	klassisch	de	2	user:cwr
LITE	Light-Version (Eng.)	klassisch	de	2	user:cwr
BUS	Linienfahrzeug	klassisch	de	2	user:cwr
OKULAR	Linse an optischen Geräten	klassisch	de	2	user:cwr
SUSE	Linux-Distribution	klassisch	de	2	user:cwr
LOKI	listiger germanischer Gott	klassisch	de	2	user:cwr
ESSAY	literarische Abhandlung	klassisch	de	2	user:cwr
EULA	Liz. (Eng.) (Afk.)	klassisch	de	2	user:cwr
GLORIA	Lobgesang der kath. Messe	klassisch	de	2	user:cwr
ELOGE	Lobrede	klassisch	de	2	user:cwr
ELOGEN	Lobreden	klassisch	de	2	user:cwr
SUDOKU	Logikrätsel	klassisch	de	2	user:cwr
SALAER	Lohn	klassisch	de	2	user:cwr
LAN	Lokales Netz (Afk.)	klassisch	de	2	user:cwr
LAN	lokales Netzwerk (Afk.)	klassisch	de	2	user:cwr
NIETE	Los ohne Gewinn	klassisch	de	2	user:cwr
KISMET	Los, Schicksal (Islam)	klassisch	de	2	user:cwr
DEL	Löschtaste (Afk.)	klassisch	de	2	user:cwr
LOS	Lotterieanteilschein	klassisch	de	2	user:cwr
LOS	Lotterieschein	klassisch	de	2	user:cwr
LOSE	Lotteriescheine	klassisch	de	2	user:cwr
TREU	loyal	klassisch	de	2	user:cwr
GETREU	loyal ergeben	klassisch	de	2	user:cwr
LOCH	Lücke, Öffnung	klassisch	de	2	user:cwr
ATEM	Luft der Lunge	klassisch	de	2	user:cwr
ATMEN	Luft holen	klassisch	de	2	user:cwr
IATA	Luftfahrtorgan. (Abk.)	klassisch	de	2	user:cwr
IATA	Luftfahrtverband	klassisch	de	2	user:cwr
GAS	luftförmige Materie	klassisch	de	2	user:cwr
GASE	luftförmige Stoffe	klassisch	de	2	user:cwr
GAS	luftförmiger Stoff	klassisch	de	2	user:cwr
TOP	luftiges Oberteil	klassisch	de	2	user:cwr
ZWIESEL	Luftkurort im Bayer. Wald	klassisch	de	2	user:cwr
PNEU	Luftreifen	klassisch	de	2	user:cwr
FLUG	Luftreise	klassisch	de	2	user:cwr
SMOG	Luftverschmutzung	klassisch	de	2	user:cwr
KROETE	Lurchtier	klassisch	de	2	user:cwr
FEIERN	lustig beisammen sein	klassisch	de	2	user:cwr
FEZ	lustiger Unfug	klassisch	de	2	user:cwr
LU	Lutetium (Afk.)	klassisch	de	2	user:cwr
LOLLI	Lutscher	klassisch	de	2	user:cwr
POET	Lyriker	klassisch	de	2	user:cwr
ODE	Lyrische Preisung	klassisch	de	2	user:cwr
ODE	lyrisches Werk	klassisch	de	2	user:cwr
MME	Madame (Abk.)	klassisch	de	2	user:cwr
ZAUBER	Magie	klassisch	de	2	user:cwr
ROY	Magier-Duo (Siegfried & …)	klassisch	de	2	user:cwr
VIDEO	magnet. Filmaufzeichnung (Kw.)	klassisch	de	2	user:cwr
TESLA	Magneteinheit	klassisch	de	2	user:cwr
SENSEN	Mähgeräte	klassisch	de	2	user:cwr
MEHL	Mahlerzeugnis	klassisch	de	2	user:cwr
URGENZ	Mahnung, Dringlichkeitshinweis	klassisch	de	2	user:cwr
SENSE	Mähwerkzeug	klassisch	de	2	user:cwr
ZEA	Mais (botan.)	klassisch	de	2	user:cwr
FEHLER	Makel	klassisch	de	2	user:cwr
EGON	Maler (... Schiele, † 1918)	klassisch	de	2	user:cwr
OELFARBE	Malfarbe auf Öl	klassisch	de	2	user:cwr
MA	Mama	klassisch	de	2	user:cwr
ANGINA	Mandelentzündung	klassisch	de	2	user:cwr
ZIRKUS	Manege	klassisch	de	2	user:cwr
ARENA	Manege	klassisch	de	2	user:cwr
TAPIOKA	Maniokstärke	klassisch	de	2	user:cwr
SUDANESE	Mann aus dem Sudan	klassisch	de	2	user:cwr
SYRER	Mann aus Syrien	klassisch	de	2	user:cwr
TYP	Mann, Kerl (ugs.)	klassisch	de	2	user:cwr
MODEL	Mannequin	klassisch	de	2	user:cwr
ULI	Männerkurzname	klassisch	de	2	user:cwr
ACHIM	Männerkurzname	klassisch	de	2	user:cwr
TONI	Männerkurzname	klassisch	de	2	user:cwr
JOHANN	Männername	klassisch	de	2	user:cwr
UDO	Männername	klassisch	de	2	user:cwr
HERBERT	Männername	klassisch	de	2	user:cwr
ROLF	Männername	klassisch	de	2	user:cwr
EDGAR	Männername	klassisch	de	2	user:cwr
ERPEL	männl. Ente	klassisch	de	2	user:cwr
LE	männl. frz. Artikel	klassisch	de	2	user:cwr
HENGST	männl. Kamel	klassisch	de	2	user:cwr
HENGST	männl. Pferd	klassisch	de	2	user:cwr
EBER	männl. Schwein	klassisch	de	2	user:cwr
ERIK	männl. Vorname	klassisch	de	2	user:cwr
NIELS	männl. Vorname	klassisch	de	2	user:cwr
KAI	männl. Vorname	klassisch	de	2	user:cwr
MANN	Männliche Person	klassisch	de	2	user:cwr
DER	männlicher Artikel	klassisch	de	2	user:cwr
KERL	Mannsbild	klassisch	de	2	user:cwr
TEAM	Mannschaft (Eng.)	klassisch	de	2	user:cwr
ABA	Mantel d. Araber	klassisch	de	2	user:cwr
ABA	Mantelumhang d. Araber	klassisch	de	2	user:cwr
FEE	Märchenfigur	klassisch	de	2	user:cwr
FRAUHOLLE	Märchenfigur	klassisch	de	2	user:cwr
FEE	Märchengestalt	klassisch	de	2	user:cwr
ZWERGE	Märchengestalten	klassisch	de	2	user:cwr
MAAT	Marinedienstgrad	klassisch	de	2	user:cwr
ADMIRAL	Marineoffiziersrang	klassisch	de	2	user:cwr
LINIE	Markierung des Spielfeldes	klassisch	de	2	user:cwr
ARNIM	märkisches Adelsgeschlecht	klassisch	de	2	user:cwr
NEUDOERFL	Markt im Burgenland	klassisch	de	2	user:cwr
OBERTRUM	Markt im Flachgau (... am See)	klassisch	de	2	user:cwr
ANDORF	Markt im Innviertel	klassisch	de	2	user:cwr
WARTBERG	Markt im Mühlviertel (... ob der Aist)	klassisch	de	2	user:cwr
VOMP	Markt im Unterinntal in Tirol	klassisch	de	2	user:cwr
STAENDE	Marktbuden	klassisch	de	2	user:cwr
TAMTAM	marktschreierischer Lärm	klassisch	de	2	user:cwr
UNART	Marotte	klassisch	de	2	user:cwr
SPLEEN	Marotte	klassisch	de	2	user:cwr
NETZ	Maschenwerk	klassisch	de	2	user:cwr
DYNAMO	Maschine zur Erzeugung el. Stroms	klassisch	de	2	user:cwr
KI	Maschinenhirn (Afk.)	klassisch	de	2	user:cwr
ROLLE	Maschinenteil	klassisch	de	2	user:cwr
ER	Mask. Pronomen	klassisch	de	2	user:cwr
MANN	maskuline Person	klassisch	de	2	user:cwr
DBA	Maß des Schallpegels (Abk.)	klassisch	de	2	user:cwr
BAUD	Maß in der Telegrafie	klassisch	de	2	user:cwr
EIKLAR	Masse um den Dotter	klassisch	de	2	user:cwr
FARAD	Maßeinheit der elektr. Kapazität	klassisch	de	2	user:cwr
MOL	Maßeinheit der Stoffmenge	klassisch	de	2	user:cwr
DEMO	Massenkundgebung (Kw.)	klassisch	de	2	user:cwr
RADIO	Massenmedium	klassisch	de	2	user:cwr
KOMPAKT	massig, fest, gehaltvoll	klassisch	de	2	user:cwr
KUEHL	mäßig kalt	klassisch	de	2	user:cwr
LAU	mäßig warm	klassisch	de	2	user:cwr
AKTION	Maßnahme	klassisch	de	2	user:cwr
TADELN	maßregeln, rügen	klassisch	de	2	user:cwr
SI	Maßsystem (Afk.)	klassisch	de	2	user:cwr
BLEI	Material des Kunstglasers	klassisch	de	2	user:cwr
KORK	Material für Flaschenpfropfen	klassisch	de	2	user:cwr
BLEI	Material für Gewehrkugeln	klassisch	de	2	user:cwr
MATERIE	Material, Substanz	klassisch	de	2	user:cwr
ABRIEB	Materialverlust am Reifen	klassisch	de	2	user:cwr
QED	math. Beweiskürzel	klassisch	de	2	user:cwr
TERM	Matheausdruck	klassisch	de	2	user:cwr
BETTKANTE	Matratzenrand	klassisch	de	2	user:cwr
FLAU	matt	klassisch	de	2	user:cwr
WENDE	Mauerfall-Epoche	klassisch	de	2	user:cwr
ZINNE	Mauerkrone	klassisch	de	2	user:cwr
GESIMS	Mauerstreifen	klassisch	de	2	user:cwr
AESER	Maul des Wildes	klassisch	de	2	user:cwr
DENAR	mazed. Währung	klassisch	de	2	user:cwr
SPONSOR	Mäzen	klassisch	de	2	user:cwr
UREA	med.: Harnstoff	klassisch	de	2	user:cwr
ZYSTE	med.: krankhaftes Geschwulst	klassisch	de	2	user:cwr
ORAL	med.: zum Munde gehörig	klassisch	de	2	user:cwr
PR	Medienarbeit (engl. Abk.)	klassisch	de	2	user:cwr
ABO	Medienbezugsart (Kw.)	klassisch	de	2	user:cwr
ARZNEI	Medikament	klassisch	de	2	user:cwr
MITTEL	Medikament (ugs.)	klassisch	de	2	user:cwr
AIOLI	mediterrane Knoblauchcreme	klassisch	de	2	user:cwr
ARZNEI	Medizin, Heilmittel	klassisch	de	2	user:cwr
ARZT	Mediziner	klassisch	de	2	user:cwr
AERZTIN	Medizinerin	klassisch	de	2	user:cwr
TELA	medizinisch: Gewebe	klassisch	de	2	user:cwr
CRUS	medizinisch: Unterschenkel	klassisch	de	2	user:cwr
GOLF	Meerbusen	klassisch	de	2	user:cwr
BUSEN	Meeresbucht	klassisch	de	2	user:cwr
BAI	Meeresbucht	klassisch	de	2	user:cwr
RIA	Meeresbuchtform (span.)	klassisch	de	2	user:cwr
NIXE	Meeresnymphe	klassisch	de	2	user:cwr
BLAUHAI	Meeresraubfisch	klassisch	de	2	user:cwr
HAIE	Meeresraubfische	klassisch	de	2	user:cwr
WAL	Meeressäuger	klassisch	de	2	user:cwr
WAL	Meeressäugetier	klassisch	de	2	user:cwr
WALROSS	Meeressäugetier	klassisch	de	2	user:cwr
GESTADE	Meeresstrand	klassisch	de	2	user:cwr
KRAKE	Meerestier	klassisch	de	2	user:cwr
BESSER	mehr als gut	klassisch	de	2	user:cwr
DRAGGEN	mehrarmiger Anker	klassisch	de	2	user:cwr
SONATE	Mehrsätzige Form	klassisch	de	2	user:cwr
SONATE	Mehrsätziges Werk	klassisch	de	2	user:cwr
VAT	Mehrwertsteuer (Eng.)	klassisch	de	2	user:cwr
PLURAL	Mehrzahl	klassisch	de	2	user:cwr
GURU	Meister	klassisch	de	2	user:cwr
DAN	Meistergrad beim Judo	klassisch	de	2	user:cwr
ANZAHL	Menge	klassisch	de	2	user:cwr
HUMAN	menschlich	klassisch	de	2	user:cwr
AURA	menschliche Ausstrahlung	klassisch	de	2	user:cwr
SUMERER	mesopotamisches Volk	klassisch	de	2	user:cwr
DOLCH	messerartige Stoßwaffe	klassisch	de	2	user:cwr
CER	Metall	klassisch	de	2	user:cwr
URAN	Metall	klassisch	de	2	user:cwr
EISEN	Metall	klassisch	de	2	user:cwr
DREHER	Metallarbeiter	klassisch	de	2	user:cwr
SCHMIED	Metallbearbeiter	klassisch	de	2	user:cwr
ERZE	metallhaltige Gesteine	klassisch	de	2	user:cwr
ERZ	metallhaltiges Gestein	klassisch	de	2	user:cwr
ERZ	metallhaltiges Mineral	klassisch	de	2	user:cwr
ERZ	metallisches Gestein	klassisch	de	2	user:cwr
ERZ	Metallrohstoff	klassisch	de	2	user:cwr
OESEN	Metallschlaufen	klassisch	de	2	user:cwr
EMAIL	Metallschutz	klassisch	de	2	user:cwr
NAGEL	Metallstift	klassisch	de	2	user:cwr
LOETEN	Metallteile miteinander verbinden	klassisch	de	2	user:cwr
ADEN	Metropole im Jemen	klassisch	de	2	user:cwr
SOL	mexik. Biermarke	klassisch	de	2	user:cwr
CHIA	mexik. Ölsamen	klassisch	de	2	user:cwr
PESO	mexik. Währung	klassisch	de	2	user:cwr
TACO	Mexikaner-Snack	klassisch	de	2	user:cwr
MIMIK	Mienenspiel	klassisch	de	2	user:cwr
MAU	mies	klassisch	de	2	user:cwr
LEASING	Mietkauf	klassisch	de	2	user:cwr
TAXI	Mietwagen	klassisch	de	2	user:cwr
MIETERIN	Mietzahlerin	klassisch	de	2	user:cwr
EUTER	Milchdrüse der Kuh	klassisch	de	2	user:cwr
EISCREME	Milcheis	klassisch	de	2	user:cwr
TRUEB	Milchig	klassisch	de	2	user:cwr
EUTER	Milchorgan beim Rind	klassisch	de	2	user:cwr
SAHNE	Milchprodukt	klassisch	de	2	user:cwr
ZILLE	Milieuzeichner † 1929	klassisch	de	2	user:cwr
CHARGE	Militär: Dienstgrad	klassisch	de	2	user:cwr
STAB	militär. Führungsgremium	klassisch	de	2	user:cwr
GENERAL	militärischer Rang	klassisch	de	2	user:cwr
BASIS	militärischer Stützpunkt	klassisch	de	2	user:cwr
NATO	Militärpakt (Afk.)	klassisch	de	2	user:cwr
KADETT	Militärschüler	klassisch	de	2	user:cwr
NANO	Milliardstel e. Einheit	klassisch	de	2	user:cwr
MIO	Million (Abk.)	klassisch	de	2	user:cwr
ERZ	Minengut	klassisch	de	2	user:cwr
KART	Minirennwagen	klassisch	de	2	user:cwr
MINUS	Minuszeichen	klassisch	de	2	user:cwr
MIX	Mischung	klassisch	de	2	user:cwr
MIX	Mischung (Eng.)	klassisch	de	2	user:cwr
NOT	Misere, Elend	klassisch	de	2	user:cwr
ABNORM	missgebildet, krankhaft	klassisch	de	2	user:cwr
PANNE	Missgeschick	klassisch	de	2	user:cwr
NEID	Missgunst	klassisch	de	2	user:cwr
UEBEL	Missstand	klassisch	de	2	user:cwr
UNLUST	Missvergnügen	klassisch	de	2	user:cwr
DEUTEN	mit dem Finger auf etwas zeigen	klassisch	de	2	user:cwr
DAMIT	mit dieser Sache	klassisch	de	2	user:cwr
NICKEN	mit eine Geste zustimmen	klassisch	de	2	user:cwr
NAGELN	mit einem Metallstift befestigen	klassisch	de	2	user:cwr
TRETEN	mit Füßen stoßen	klassisch	de	2	user:cwr
ACH	mit ... und Krach	klassisch	de	2	user:cwr
ACH	mit … und Krach	klassisch	de	2	user:cwr
FUG	mit ... und Recht	klassisch	de	2	user:cwr
LUG	mit … und Trug	klassisch	de	2	user:cwr
NASS	mit Wasser getränkt	klassisch	de	2	user:cwr
TORARM	mit wenig Treffern (Handball)	klassisch	de	2	user:cwr
GEFESSELT	mit zusammengebunden. Händen	klassisch	de	2	user:cwr
VATER	Mitglied der Familie	klassisch	de	2	user:cwr
ZAHNPASTA	Mittel zur Gebisshygiene	klassisch	de	2	user:cwr
FUERTH	mittelfränk. Stadt	klassisch	de	2	user:cwr
ARM	mittellos	klassisch	de	2	user:cwr
ARME	Mittellose	klassisch	de	2	user:cwr
LALA	mittelmäßig (so …)	klassisch	de	2	user:cwr
KRETER	Mittelmeerinsulaner	klassisch	de	2	user:cwr
PER	mittels	klassisch	de	2	user:cwr
PER	mittels, durch	klassisch	de	2	user:cwr
NEUNER	Mittelstürmer	klassisch	de	2	user:cwr
STEG	Mittelteil der Brille	klassisch	de	2	user:cwr
QUIRL	Mixgerät	klassisch	de	2	user:cwr
ESSTISCH	Möbelstück	klassisch	de	2	user:cwr
BOX	mobile Werkstatt im Motorrennsport	klassisch	de	2	user:cwr
UMTS	Mobilfunkstandard	klassisch	de	2	user:cwr
LTE	Mobilfunkstandard 4G (Abk.)	klassisch	de	2	user:cwr
MIT	modale Präposition	klassisch	de	2	user:cwr
MOSS	Model (Kate)	klassisch	de	2	user:cwr
FAEULE	Moder	klassisch	de	2	user:cwr
AAS	Moderfleisch	klassisch	de	2	user:cwr
LOOK	Moderichtung	klassisch	de	2	user:cwr
POPSONG	modernes Musikstück	klassisch	de	2	user:cwr
LABAMBA	Modetanz	klassisch	de	2	user:cwr
VOGUE	Modetrend (franz.)	klassisch	de	2	user:cwr
CHIC	modisch elegant	klassisch	de	2	user:cwr
BERMUDAS	modische halblange Hosen (Kw.)	klassisch	de	2	user:cwr
HANDHABE	Möglichkeit zum Eingreifen	klassisch	de	2	user:cwr
ALI	Mohammeds Schwiegersohn	klassisch	de	2	user:cwr
LEU	moldaw. Währung	klassisch	de	2	user:cwr
NU	Moment	klassisch	de	2	user:cwr
KAISER	Monarch	klassisch	de	2	user:cwr
FEBRUAR	Monatsname	klassisch	de	2	user:cwr
MAI	Monatsname	klassisch	de	2	user:cwr
APRIL	Monatsname	klassisch	de	2	user:cwr
APR	Monatsname (Abk.)	klassisch	de	2	user:cwr
KHAN	mongol. Herrschertitel	klassisch	de	2	user:cwr
KHAN	mongol. Titel	klassisch	de	2	user:cwr
AUL	Mongolendorf	klassisch	de	2	user:cwr
MO	Montag (Afk.)	klassisch	de	2	user:cwr
AUFBAU	Montage	klassisch	de	2	user:cwr
FEHN	Moor-, Torfland	klassisch	de	2	user:cwr
SUMPF	Moorgebiet	klassisch	de	2	user:cwr
FENN	Moorsee	klassisch	de	2	user:cwr
ETHOS	moralische Gesinnung	klassisch	de	2	user:cwr
ETHIK	Morallehre	klassisch	de	2	user:cwr
MIRE	Morast (Eng.)	klassisch	de	2	user:cwr
FAKTOR	Multiplikator	klassisch	de	2	user:cwr
BAYERN	Münchener Fußballverein	klassisch	de	2	user:cwr
GERM	mundartl.: Hefe	klassisch	de	2	user:cwr
GEISS	mundartl.: Ziege	klassisch	de	2	user:cwr
SERVIETTE	Mundtuch	klassisch	de	2	user:cwr
IJSSEL	Mündungsarm des Rheins	klassisch	de	2	user:cwr
REGE	munter	klassisch	de	2	user:cwr
REGE	munter, aktiv	klassisch	de	2	user:cwr
REGE	munter, lebhaft	klassisch	de	2	user:cwr
REGE	munter, lebhaft, rüstig	klassisch	de	2	user:cwr
BRUMMELN	murren	klassisch	de	2	user:cwr
KLIO	Muse der Geschichtsschreibung	klassisch	de	2	user:cwr
EXPONAT	Museumsstück	klassisch	de	2	user:cwr
ADAGIO	Musik: langsam, ruhig	klassisch	de	2	user:cwr
CODA	Musik: Schlussteil	klassisch	de	2	user:cwr
ETUEDE	musik. Übung	klassisch	de	2	user:cwr
ETUEDE	musikal. Übungsstück	klassisch	de	2	user:cwr
PIU	musikalisch: mehr	klassisch	de	2	user:cwr
DIS	musikalischer Halbton	klassisch	de	2	user:cwr
RHYTHMUS	musikalisches Zeitmaß	klassisch	de	2	user:cwr
MOIK	'Musikantenstadl'Moderator † (Karl)	klassisch	de	2	user:cwr
OPER	Musikbühnenwerk	klassisch	de	2	user:cwr
OPER	Musikdrama	klassisch	de	2	user:cwr
GIG	Musikerauftritt	klassisch	de	2	user:cwr
POP	Musikgenre	klassisch	de	2	user:cwr
BANDS	Musikgruppen (engl.)	klassisch	de	2	user:cwr
GEIGE	Musikinstrument	klassisch	de	2	user:cwr
FLOETE	Musikinstrument	klassisch	de	2	user:cwr
POSAUNE	Musikinstrument	klassisch	de	2	user:cwr
ALBUM	Musiksammlung	klassisch	de	2	user:cwr
SKA	Musikstil aus Jamaika	klassisch	de	2	user:cwr
BOLERO	Musikstück von Maurice Ravel	klassisch	de	2	user:cwr
OPER	Musiktheater	klassisch	de	2	user:cwr
CDS	Musikträger (Mz.)	klassisch	de	2	user:cwr
OPUS	Musikwerk	klassisch	de	2	user:cwr
FIEDELN	musizieren (Geige)	klassisch	de	2	user:cwr
STAERKE	Muskelkraft	klassisch	de	2	user:cwr
TIC	Muskelzucken	klassisch	de	2	user:cwr
BOSNIAK	muslimischer Bosnier	klassisch	de	2	user:cwr
ZWANG	Muss, Nötigung	klassisch	de	2	user:cwr
MUSSE	Müßiggang	klassisch	de	2	user:cwr
TOLLKUEHN	mutig, wahnwitzig	klassisch	de	2	user:cwr
HELD	mutiger Retter	klassisch	de	2	user:cwr
MAMI	Mutter	klassisch	de	2	user:cwr
TERESA	'Mutter der Armen' †	klassisch	de	2	user:cwr
LEDA	Mutter der Helena	klassisch	de	2	user:cwr
UTE	Mutter der Nibelungenkönige	klassisch	de	2	user:cwr
RHEA	Mutter des Zeus (griech. Mytholog.)	klassisch	de	2	user:cwr
WELT	Mutter Erde, Erdkreis	klassisch	de	2	user:cwr
MAMI	‚Mutter‘ in der Kindersprache	klassisch	de	2	user:cwr
SARA	Mutter Isaaks	klassisch	de	2	user:cwr
MUTTI	Mutter (Koseform)	klassisch	de	2	user:cwr
MA	Mutter, salopp	klassisch	de	2	user:cwr
EVA	Mutter von Kain und Abel (A. T.)	klassisch	de	2	user:cwr
AASE	Mutter von 'Peer Gynt'	klassisch	de	2	user:cwr
SAU	Mutterschwein	klassisch	de	2	user:cwr
OKKULT	mystisch	klassisch	de	2	user:cwr
YUE	mythischer Urkaiser Chinas	klassisch	de	2	user:cwr
PARODIE	Nachahmung	klassisch	de	2	user:cwr
UMFELD	Nachbarschaft, Bekanntenkreis	klassisch	de	2	user:cwr
KOPIE	Nachbildung	klassisch	de	2	user:cwr
IMITAT	Nachbildung	klassisch	de	2	user:cwr
KIND	Nachkomme	klassisch	de	2	user:cwr
ERBE	Nachlassempfänger	klassisch	de	2	user:cwr
LAX	nachlässig	klassisch	de	2	user:cwr
LAX	nachlässig, schlaff	klassisch	de	2	user:cwr
CHECKEN	nachprüfen, kontrollieren	klassisch	de	2	user:cwr
NEWS	Nachrichten, Neuigkeiten (engl.)	klassisch	de	2	user:cwr
ZIB	Nachrichtensendung im ORF	klassisch	de	2	user:cwr
UHU	Nachtgreifvogel	klassisch	de	2	user:cwr
STREIFE	nächtliche Wachrunde	klassisch	de	2	user:cwr
ALB	nächtliches Gespenst	klassisch	de	2	user:cwr
BETT	nächtliches Ruhelager	klassisch	de	2	user:cwr
TOMATE	Nachtschattenbeere	klassisch	de	2	user:cwr
UHUS	Nachtvögel	klassisch	de	2	user:cwr
LETZTE	Nachzüglerin	klassisch	de	2	user:cwr
SPITZE	Nadelende	klassisch	de	2	user:cwr
HARZ	Nadelholzausscheidung	klassisch	de	2	user:cwr
OEHR	Nadelloch	klassisch	de	2	user:cwr
RATTE	Nagetier	klassisch	de	2	user:cwr
ZWIRN	Nähfaden	klassisch	de	2	user:cwr
IRAK	Nahoststaat	klassisch	de	2	user:cwr
EINFALT	Naivität	klassisch	de	2	user:cwr
ARIANE	Name der Europarakete	klassisch	de	2	user:cwr
ADEBAR	Name des Storches in der Tierfabel	klassisch	de	2	user:cwr
ELNINO	Name e. Klimaphänomens (2W.)	klassisch	de	2	user:cwr
SAN	Namensteil vieler ital. Kirchen	klassisch	de	2	user:cwr
BAD	Namensteil vieler Orte	klassisch	de	2	user:cwr
MONOGRAMM	Namenszeichen	klassisch	de	2	user:cwr
TROG	Napf	klassisch	de	2	user:cwr
AETHER	Narkotikum	klassisch	de	2	user:cwr
SODA	Natriumcarbonat	klassisch	de	2	user:cwr
SODA	Natriumkarbonat	klassisch	de	2	user:cwr
ELFE	Naturgeist, Blumenfee	klassisch	de	2	user:cwr
ELF	Naturgeist in d. nord. Mytholog.	klassisch	de	2	user:cwr
FLOEZ	natürl. Kohlenlagerstätte	klassisch	de	2	user:cwr
AUWALD	natürlich. Baumbestand an Flüssen	klassisch	de	2	user:cwr
UTA	Naumburger Domfigur	klassisch	de	2	user:cwr
DUNST	Nebel	klassisch	de	2	user:cwr
DRAU	Nebenfluss der Donau	klassisch	de	2	user:cwr
ISEL	Nebenfluss der Drau	klassisch	de	2	user:cwr
ISERE	Nebenfluss der Rhône	klassisch	de	2	user:cwr
OKA	Nebenfluss der Wolga	klassisch	de	2	user:cwr
OSTSEE	Nebenmeer des Atlantiks	klassisch	de	2	user:cwr
REMS	Neckarzufluss	klassisch	de	2	user:cwr
HAENSELN	necken	klassisch	de	2	user:cwr
ANION	neg. Teilchen	klassisch	de	2	user:cwr
ANION	negatives elektrisches Teilchen	klassisch	de	2	user:cwr
MISSGUNST	Neid, Eifersucht	klassisch	de	2	user:cwr
NEE	nein (ugs.)	klassisch	de	2	user:cwr
GURKHA	nepales. Soldat	klassisch	de	2	user:cwr
GEEK	Nerd (Eng.)	klassisch	de	2	user:cwr
NEURAL	Nerven betreffend	klassisch	de	2	user:cwr
BLAGE	nervendes Kind	klassisch	de	2	user:cwr
FLUEGGE	nestfliehend (Vogel)	klassisch	de	2	user:cwr
EIER	Nestgelege	klassisch	de	2	user:cwr
KEA	Nestorpapagei	klassisch	de	2	user:cwr
LIEB	nett	klassisch	de	2	user:cwr
LIEB	nett, zärtlich	klassisch	de	2	user:cwr
RETINA	Netzhaut des Auges	klassisch	de	2	user:cwr
TUELL	Netzstoff	klassisch	de	2	user:cwr
UMBAU	Neuaufbau	klassisch	de	2	user:cwr
REMIX	Neumischung (Eng.)	klassisch	de	2	user:cwr
ES	Neutrumpronomen	klassisch	de	2	user:cwr
EINIGE	nicht alle, manche	klassisch	de	2	user:cwr
NEU	nicht alt	klassisch	de	2	user:cwr
AUS	nicht an	klassisch	de	2	user:cwr
WEG	nicht anwesend	klassisch	de	2	user:cwr
AN	nicht ausgeschaltet	klassisch	de	2	user:cwr
UEBERSEHEN	nicht beachten	klassisch	de	2	user:cwr
ABWESEND	nicht dabei	klassisch	de	2	user:cwr
DAGEGEN	nicht dafür	klassisch	de	2	user:cwr
ANDERE	nicht diese, sondern ...	klassisch	de	2	user:cwr
HELL	nicht dunkel	klassisch	de	2	user:cwr
KEIN	nicht ein	klassisch	de	2	user:cwr
NIE	nicht ein einziges Mal	klassisch	de	2	user:cwr
UNSEXY	nicht erotisch	klassisch	de	2	user:cwr
INTERN	nicht extern	klassisch	de	2	user:cwr
ABHAENGIG	nicht frei	klassisch	de	2	user:cwr
KRIEG	nicht Frieden	klassisch	de	2	user:cwr
ROH	nicht gekocht	klassisch	de	2	user:cwr
ZUFAELLIG	nicht geplant	klassisch	de	2	user:cwr
RAU	nicht glatt	klassisch	de	2	user:cwr
HIN	nicht her	klassisch	de	2	user:cwr
WOANDERS	nicht hier	klassisch	de	2	user:cwr
TIEF	nicht hoch	klassisch	de	2	user:cwr
SATT	nicht hungrig	klassisch	de	2	user:cwr
AUSSEN	nicht im Raum befindlich	klassisch	de	2	user:cwr
OHNE	nicht inbegriffen	klassisch	de	2	user:cwr
ALT	Nicht jung	klassisch	de	2	user:cwr
WARM	nicht kalt	klassisch	de	2	user:cwr
TRUEB	nicht klar, milchig	klassisch	de	2	user:cwr
HOHL	nicht massiv	klassisch	de	2	user:cwr
ALLE	nicht mehr verfügbar	klassisch	de	2	user:cwr
OHNE	nicht mit	klassisch	de	2	user:cwr
ECHT	nicht nachgemacht	klassisch	de	2	user:cwr
ETWAS	nicht näher Bestimmtes	klassisch	de	2	user:cwr
UNTER	nicht oben	klassisch	de	2	user:cwr
SELTEN	nicht oft	klassisch	de	2	user:cwr
MIT	nicht ohne	klassisch	de	2	user:cwr
LAENGS	nicht quer	klassisch	de	2	user:cwr
SUESS	nicht sauer	klassisch	de	2	user:cwr
OFT	nicht selten	klassisch	de	2	user:cwr
FORMLOS	nicht steif, leger	klassisch	de	2	user:cwr
UNBEGABT	nicht talentiert	klassisch	de	2	user:cwr
OBEN	nicht unten	klassisch	de	2	user:cwr
WUND	nicht verheilt	klassisch	de	2	user:cwr
FREMD	nicht vertraut	klassisch	de	2	user:cwr
TEILS	nicht völlig	klassisch	de	2	user:cwr
UNFEIN	nicht vornehm	klassisch	de	2	user:cwr
NAH	nicht weit entfernt	klassisch	de	2	user:cwr
NAH	nicht weit weg	klassisch	de	2	user:cwr
LAIE	Nichtfachmann	klassisch	de	2	user:cwr
NUR	nichts als	klassisch	de	2	user:cwr
ZERO	Nichts als Zahl (Eng.)	klassisch	de	2	user:cwr
GUTES	nichts Böses	klassisch	de	2	user:cwr
KEINES	nichts davon	klassisch	de	2	user:cwr
NIX	Nichts (ugs.)	klassisch	de	2	user:cwr
FLOSKEL	nichtssagende Redensart	klassisch	de	2	user:cwr
DAT	niederdeutsch: das	klassisch	de	2	user:cwr
AAP	niederdt.: Affe	klassisch	de	2	user:cwr
KLM	niederl. Airline	klassisch	de	2	user:cwr
EEN	niederl.: eins	klassisch	de	2	user:cwr
VAN	niederl. Namensteil	klassisch	de	2	user:cwr
EDE	niederl. Stadt	klassisch	de	2	user:cwr
HAAG	niederl. Stadt (Den …)	klassisch	de	2	user:cwr
RIEU	niederl. Violinist	klassisch	de	2	user:cwr
EEN	niederländisch: eins	klassisch	de	2	user:cwr
TAU	Niederschlagsart	klassisch	de	2	user:cwr
GEMEIN	niederträchtig	klassisch	de	2	user:cwr
FRATZ	niedliches Kind	klassisch	de	2	user:cwr
EBBE	Niedrigwasser	klassisch	de	2	user:cwr
NIE	niemals	klassisch	de	2	user:cwr
NIE	nimmer	klassisch	de	2	user:cwr
ARCHE	Noachs Schiff	klassisch	de	2	user:cwr
ADEL	Nobilität	klassisch	de	2	user:cwr
ADELN	nobilitieren	klassisch	de	2	user:cwr
ADEL	Noblesse	klassisch	de	2	user:cwr
EHE	noch bevor	klassisch	de	2	user:cwr
ASEN	nord. Götter	klassisch	de	2	user:cwr
IDUNA	nord. Göttin d. ewigen Jugend	klassisch	de	2	user:cwr
URD	nord. Schicksalsgöttin	klassisch	de	2	user:cwr
HEL	nord. Totenreich	klassisch	de	2	user:cwr
LIBYER	Nordafrikaner	klassisch	de	2	user:cwr
KAIRO	nordafrikanische Hauptstadt	klassisch	de	2	user:cwr
NBA	nordam. BasketballLiga	klassisch	de	2	user:cwr
NHL	nordam. Eishockey-Liga	klassisch	de	2	user:cwr
NHL	Nordam. EishockeyLiga	klassisch	de	2	user:cwr
CROW	nordamerik. Ureinw.stamm	klassisch	de	2	user:cwr
BISON	nordamerikanisches Wildrind	klassisch	de	2	user:cwr
BAERME	norddeutsch: Hefe	klassisch	de	2	user:cwr
NOOR	norddt.: Haff	klassisch	de	2	user:cwr
ITH	norddt. Höhenzug	klassisch	de	2	user:cwr
SOTT	norddt.: Ruß	klassisch	de	2	user:cwr
MUD	norddt.: Schlamm	klassisch	de	2	user:cwr
LUCHT	norddt. veralt.: Dachboden	klassisch	de	2	user:cwr
EGIL	nordische Sagengestalt	klassisch	de	2	user:cwr
ELCH	Nordischer Hirsch	klassisch	de	2	user:cwr
SAMI	Nordisches Urvolk	klassisch	de	2	user:cwr
ESTE	Nordosteuropäer	klassisch	de	2	user:cwr
ARKTIS	Nordpolargebiet	klassisch	de	2	user:cwr
EIDER	Nordseezufluss	klassisch	de	2	user:cwr
NISSE	Nordwichtel	klassisch	de	2	user:cwr
REGEL	Norm	klassisch	de	2	user:cwr
CE	Normenplakette auf EUWaren	klassisch	de	2	user:cwr
DIN	Normenzeichen	klassisch	de	2	user:cwr
HAMSUN	norweg. Autor (Knut, † 1952)	klassisch	de	2	user:cwr
LIE	norweg. Dichter †	klassisch	de	2	user:cwr
AALL	norweg. Philosoph †1943	klassisch	de	2	user:cwr
OERE	norwegische Münze	klassisch	de	2	user:cwr
MISERE	Not, Elend	klassisch	de	2	user:cwr
PULT	Notenständer	klassisch	de	2	user:cwr
ERFORDERN	nötig machen, nötig haben	klassisch	de	2	user:cwr
AGENDA	Notizbuch	klassisch	de	2	user:cwr
SOS	Notrufzeichen	klassisch	de	2	user:cwr
AMOK	Novellensammlung v. Stefan Zweig	klassisch	de	2	user:cwr
IDEELL	nur gedacht	klassisch	de	2	user:cwr
HASEL	Nussstrauch	klassisch	de	2	user:cwr
USER	Nutzer (Eng.)	klassisch	de	2	user:cwr
GENMAIS	Nutzpflanze mit verändertem Erbgut	klassisch	de	2	user:cwr
KUH	Nutztier	klassisch	de	2	user:cwr
REN	Nutztier d. Lappen	klassisch	de	2	user:cwr
VIEH	Nutztiere der Landwirtschaft	klassisch	de	2	user:cwr
OZON	O3-Gas	klassisch	de	2	user:cwr
ETTAL	oberbayrische Abtei	klassisch	de	2	user:cwr
ADEL	obere Gesellschaftsschicht	klassisch	de	2	user:cwr
ARM	obere Gliedmaße des Menschen	klassisch	de	2	user:cwr
ALT	obergäriges Bier	klassisch	de	2	user:cwr
UEBER	oberhalb von	klassisch	de	2	user:cwr
PAPST	Oberhaupt der Katholiken	klassisch	de	2	user:cwr
SENAT	Oberhaus	klassisch	de	2	user:cwr
OBUS	Oberleitungsfahrzeug (Kw.)	klassisch	de	2	user:cwr
ELITE	Oberschicht	klassisch	de	2	user:cwr
MUS	Obstbrei	klassisch	de	2	user:cwr
KERN	Obstsamen	klassisch	de	2	user:cwr
KERNE	Obstsamen (Mz.)	klassisch	de	2	user:cwr
ANTIGONE	Ödipus’ Tochter	klassisch	de	2	user:cwr
WUESTE	Ödland	klassisch	de	2	user:cwr
LORE	offener Eisenbahngüterwagen	klassisch	de	2	user:cwr
SPIDER	offener Sportwagen, Roadster	klassisch	de	2	user:cwr
DURCHSAGE	öffentl. akust. Meldung	klassisch	de	2	user:cwr
VHS	öffentl. Bildungsinstitut (Abk.)	klassisch	de	2	user:cwr
AMT	öffentl. Funktion	klassisch	de	2	user:cwr
BUS	öffentl. Verkehrsmittel	klassisch	de	2	user:cwr
FAEHRE	öffentl. Verkehrsmittel	klassisch	de	2	user:cwr
WIFI	öffentl. WLAN	klassisch	de	2	user:cwr
FESTAKT	offizielle Feier	klassisch	de	2	user:cwr
LUK	Öffnung auf Schiffen	klassisch	de	2	user:cwr
KRATER	Öffnung in der Vulkanspitze	klassisch	de	2	user:cwr
ABSEITS	Offside (Eng.)	klassisch	de	2	user:cwr
NETTO	ohne Abzüge	klassisch	de	2	user:cwr
ENDLOS	ohne Ende	klassisch	de	2	user:cwr
UFERLOS	ohne Ende, ohne Grenzen	klassisch	de	2	user:cwr
FAD	ohne Geschmack	klassisch	de	2	user:cwr
LIEBLOS	ohne Herzlichkeit	klassisch	de	2	user:cwr
TAUB	ohne Hörvermögen	klassisch	de	2	user:cwr
SATT	ohne Hunger	klassisch	de	2	user:cwr
LEER	ohne Inhalt	klassisch	de	2	user:cwr
TONLOS	ohne Klang (Stimme)	klassisch	de	2	user:cwr
KAMPFLOS	ohne sich zu wehren	klassisch	de	2	user:cwr
TORLOS	ohne Treffer (Fußball)	klassisch	de	2	user:cwr
FADE	ohne Würze	klassisch	de	2	user:cwr
PUR	ohne Zusätze	klassisch	de	2	user:cwr
SOWIESO	ohnehin	klassisch	de	2	user:cwr
EH	ohnehin	klassisch	de	2	user:cwr
SOJA	Ölbohne	klassisch	de	2	user:cwr
KEA	olivgrüner Papagei	klassisch	de	2	user:cwr
OPEC	Ölkartell (Afk.)	klassisch	de	2	user:cwr
SESAM	Ölpflanze	klassisch	de	2	user:cwr
TANKER	Ölschiff	klassisch	de	2	user:cwr
ETH	olymp. Kürzel: Äthiopien	klassisch	de	2	user:cwr
BLR	olymp. Kürzel: Belarus	klassisch	de	2	user:cwr
GRE	olymp. Kürzel: Griechenland	klassisch	de	2	user:cwr
JPN	olymp. Kürzel: Japan	klassisch	de	2	user:cwr
LTU	olymp. Kürzel: Litauen	klassisch	de	2	user:cwr
ESP	olymp. Kürzel: Spanien	klassisch	de	2	user:cwr
GOLD	Olympiamedaille (Kw.)	klassisch	de	2	user:cwr
LULU	Oper von Alban Berg	klassisch	de	2	user:cwr
ATALANTA	Oper von Händel	klassisch	de	2	user:cwr
ALMIRA	Oper von Händel	klassisch	de	2	user:cwr
RIENZI	Oper von Richard Wagner	klassisch	de	2	user:cwr
AIDA	Oper von Verdi	klassisch	de	2	user:cwr
GIOVANNI	Oper von W. A. Mozart (Don …)	klassisch	de	2	user:cwr
OP	Operationssaal (Abk.)	klassisch	de	2	user:cwr
LEO	Operettenkomponist (... Fall, † 1925)	klassisch	de	2	user:cwr
FIGARO	Opernfigur bei Mozart u. Rossini	klassisch	de	2	user:cwr
MET	Opernhaus in New York (Kw.)	klassisch	de	2	user:cwr
ARIE	Opernlied	klassisch	de	2	user:cwr
RYDL	Opernsänger (Kurt)	klassisch	de	2	user:cwr
ARIE	Opernsolo	klassisch	de	2	user:cwr
ARIE	Opernsologesang	klassisch	de	2	user:cwr
VERONA	Opernstadt in Venetien (Italien)	klassisch	de	2	user:cwr
DIVA	Opernstar	klassisch	de	2	user:cwr
BAROCK	opulent, von üppig. Formenreichtum	klassisch	de	2	user:cwr
VANILLE	Orchidee	klassisch	de	2	user:cwr
AKKURAT	ordentlich	klassisch	de	2	user:cwr
KATEGORIE	Ordnungsbegriff	klassisch	de	2	user:cwr
LEBER	Organ	klassisch	de	2	user:cwr
ENZYM	organ. Katalysator, Ferment	klassisch	de	2	user:cwr
ORGA	Organisation (Afk.)	klassisch	de	2	user:cwr
AMIN	Organische Base	klassisch	de	2	user:cwr
TUBA	Orgelregister	klassisch	de	2	user:cwr
OST	Orient	klassisch	de	2	user:cwr
BASAR	orient. Markt	klassisch	de	2	user:cwr
KAFTAN	orient. Obergewand	klassisch	de	2	user:cwr
NEI	orient. Rohrflöte	klassisch	de	2	user:cwr
DUDA	Orientalist (Herbert W., † 1975)	klassisch	de	2	user:cwr
PLAN	Orientierungskarte	klassisch	de	2	user:cwr
BASAR	Orientmarkt	klassisch	de	2	user:cwr
POMONA	Orkney-Insel	klassisch	de	2	user:cwr
DEKOR	Ornament	klassisch	de	2	user:cwr
ISERA	Ort an der Etsch	klassisch	de	2	user:cwr
ALLAND	Ort an der Schwechat (Tropfsteinhöhle)	klassisch	de	2	user:cwr
NES	Ort auf Ameland	klassisch	de	2	user:cwr
TRENT	Ort auf Rügen	klassisch	de	2	user:cwr
ENGI	Ort bei Glarus	klassisch	de	2	user:cwr
AHE	Ort bei Rinteln	klassisch	de	2	user:cwr
ELMAU	Ort d. G7-Gipfel 2015	klassisch	de	2	user:cwr
HAU	Ort für die Holzung (Forstw.)	klassisch	de	2	user:cwr
EPE	Ort in Gelderland (NL)	klassisch	de	2	user:cwr
EGG	Ort in Kärnten	klassisch	de	2	user:cwr
IBM	Ort in Oberösterreich	klassisch	de	2	user:cwr
TRAMIN	Ort in Südtirol	klassisch	de	2	user:cwr
ERL	Ort in Tirol	klassisch	de	2	user:cwr
IKONE	orthodoxes Kultbild	klassisch	de	2	user:cwr
DORF	Ortschaft	klassisch	de	2	user:cwr
RADAR	Ortungsgerät	klassisch	de	2	user:cwr
TUERKE	Osmane	klassisch	de	2	user:cwr
TAIWANER	Ostasiat	klassisch	de	2	user:cwr
TAMTAM	ostasiat. Metallgong	klassisch	de	2	user:cwr
EDLER	österr. Adelstitel	klassisch	de	2	user:cwr
ATX	Österr. Aktienindex (Abk.)	klassisch	de	2	user:cwr
LUGNER	österr. ''Baulöwe'' (Richard, † 2024)	klassisch	de	2	user:cwr
ORF	österr. Fernsehanstalt (Abk.)	klassisch	de	2	user:cwr
ILL	österr. Fluss	klassisch	de	2	user:cwr
LAUDA	österr. Formel I-Weltm. †	klassisch	de	2	user:cwr
GSPUSI	österr.: Geliebte[r]	klassisch	de	2	user:cwr
KREISKY	österr. Kanzler 1970/83 (Bruno)	klassisch	de	2	user:cwr
HAYDN	österr. Komponist †1809	klassisch	de	2	user:cwr
AT	österr. Landeskennung i. Internet	klassisch	de	2	user:cwr
AMBROS	österr. Liedermacher (Wolfgang)	klassisch	de	2	user:cwr
APA	österr. Presseagentur (Abk.)	klassisch	de	2	user:cwr
OBERS	österr.: Rahm	klassisch	de	2	user:cwr
OTT	österr. Sängerin	klassisch	de	2	user:cwr
MAIER	österr. Skifahrer	klassisch	de	2	user:cwr
OETV	Österr. Tennisverband (Abk.)	klassisch	de	2	user:cwr
UHL	österr. Tenor	klassisch	de	2	user:cwr
ORF	österr. TVSender (Abk.)	klassisch	de	2	user:cwr
ESTIN	Osteuropäerin	klassisch	de	2	user:cwr
OTTO	ostfries. Komiker (Vorname)	klassisch	de	2	user:cwr
OTTO	ostfriesischer Blödelbarde	klassisch	de	2	user:cwr
TOTILA	Ostgotenkönig	klassisch	de	2	user:cwr
BENZOE	ostind. Duftharz	klassisch	de	2	user:cwr
USEDOM	Ostseeinsel	klassisch	de	2	user:cwr
FEHMARN	Ostseeinsel	klassisch	de	2	user:cwr
RUS	ostslaw. Bevölkerung im MA.	klassisch	de	2	user:cwr
LOOK	Outfit (Eng.)	klassisch	de	2	user:cwr
ROSTEN	oxidieren	klassisch	de	2	user:cwr
ROSTIG	oxidiert	klassisch	de	2	user:cwr
PAIR	Paar (Eng.)	klassisch	de	2	user:cwr
NIERE	paariges Körperorgan	klassisch	de	2	user:cwr
KANU	Paddelboot	klassisch	de	2	user:cwr
MUDD	paläst. Hohlmaß	klassisch	de	2	user:cwr
BRERA	Palast in Mailand	klassisch	de	2	user:cwr
ELYSEE	Palast in Paris	klassisch	de	2	user:cwr
RUN	panikartiger Ansturm	klassisch	de	2	user:cwr
ARA	Papagei	klassisch	de	2	user:cwr
KEA	Papagei Neuseelands	klassisch	de	2	user:cwr
KAKADU	Papageienart	klassisch	de	2	user:cwr
KAKADU	Papageienvogel	klassisch	de	2	user:cwr
TUETE	Papierbehälter	klassisch	de	2	user:cwr
RIES	Papierzählmaß	klassisch	de	2	user:cwr
ESPE	Pappel mit fast runden Blättern	klassisch	de	2	user:cwr
TIARA	Papstkrone	klassisch	de	2	user:cwr
KURIE	päpstl. Behörden	klassisch	de	2	user:cwr
LEO	Papstname	klassisch	de	2	user:cwr
EDEN	Paradiesgarten	klassisch	de	2	user:cwr
METRO	Pariser U-Bahn (Kw.)	klassisch	de	2	user:cwr
PARKHAUS	Parkgarage	klassisch	de	2	user:cwr
DUMA	Parlament Russlands	klassisch	de	2	user:cwr
CSU	Partei in Bayern (Abk.)	klassisch	de	2	user:cwr
KINN	Partie unterm Mund	klassisch	de	2	user:cwr
FETE	Party	klassisch	de	2	user:cwr
CATERER	Partyservice (Eng.)	klassisch	de	2	user:cwr
GENEHM	passend, bequem	klassisch	de	2	user:cwr
ERL	Passionsspielort am Inn	klassisch	de	2	user:cwr
ERL	Passionsspielort in Tirol	klassisch	de	2	user:cwr
TUBE	Pastenbehälter	klassisch	de	2	user:cwr
TUBE	Pastenbehältnis	klassisch	de	2	user:cwr
SENF	pastenförmige Speisewürze	klassisch	de	2	user:cwr
PIE	Pastete (Eng.)	klassisch	de	2	user:cwr
GOED	Patenonkel, Pate	klassisch	de	2	user:cwr
ADRIAN	Patron der Soldaten	klassisch	de	2	user:cwr
RAST	Pause	klassisch	de	2	user:cwr
RESET	PC-Neustart	klassisch	de	2	user:cwr
XT	PC-Typ	klassisch	de	2	user:cwr
TORTUR	Pein, Qual	klassisch	de	2	user:cwr
MOTELS	Pensionen an Autobahnen	klassisch	de	2	user:cwr
ELAN	Pep	klassisch	de	2	user:cwr
SKYPEN	per Internet telefonieren	klassisch	de	2	user:cwr
PERLE	Perlmuttkugel	klassisch	de	2	user:cwr
DAUERND	permanent	klassisch	de	2	user:cwr
CHARISMA	pers. Ausstrahlung	klassisch	de	2	user:cwr
ER	pers. Fürwort	klassisch	de	2	user:cwr
EUCH	pers. Fürwort	klassisch	de	2	user:cwr
DIR	pers. Fürwort (2. Person, 3. Fall)	klassisch	de	2	user:cwr
EUCH	pers. Fürwort (3. und 4. Fall)	klassisch	de	2	user:cwr
SCHAH	pers. Herrschertitel	klassisch	de	2	user:cwr
PLANE	Persenning	klassisch	de	2	user:cwr
KAKI	Persimmonfrucht	klassisch	de	2	user:cwr
MIR	persische Teppichart	klassisch	de	2	user:cwr
BUS	Personenbeförderungsmittel	klassisch	de	2	user:cwr
NAME	Personenbezeichnung	klassisch	de	2	user:cwr
STIL	persönl. Ausdrucksform	klassisch	de	2	user:cwr
IHNEN	persönl. Fürwort	klassisch	de	2	user:cwr
IHR	persönl. Fürwort	klassisch	de	2	user:cwr
IHM	persönl. Fürwort (3. Fall)	klassisch	de	2	user:cwr
EUCH	persönl. Fürwort (4. Fall)	klassisch	de	2	user:cwr
RUF	persönliches Ansehen	klassisch	de	2	user:cwr
ER	persönliches Fürwort	klassisch	de	2	user:cwr
WIR	persönliches Fürwort	klassisch	de	2	user:cwr
IHNEN	persönliches Fürwort	klassisch	de	2	user:cwr
DIR	persönliches Fürwort (3. Fall)	klassisch	de	2	user:cwr
IMAGE	Persönlichkeitsbild	klassisch	de	2	user:cwr
URU	peruan. Ureinw.volk	klassisch	de	2	user:cwr
WEG	Pfad	klassisch	de	2	user:cwr
OMELETT	Pfannkuchen	klassisch	de	2	user:cwr
SHAG	Pfeifentabak	klassisch	de	2	user:cwr
SEHNE	Pfeilbogenteil	klassisch	de	2	user:cwr
HERME	Pfeiler mit Büste	klassisch	de	2	user:cwr
RIH	Pferd bei Karl May	klassisch	de	2	user:cwr
STRIEGEL	Pferdebürste	klassisch	de	2	user:cwr
HUF	Pferdefuß	klassisch	de	2	user:cwr
HUFE	Pferdefüße	klassisch	de	2	user:cwr
TRAB	Pferdegangart	klassisch	de	2	user:cwr
GALOPP	Pferdegangart	klassisch	de	2	user:cwr
BOX	Pferdeunterstand	klassisch	de	2	user:cwr
STUTE	Pferdeweibchen	klassisch	de	2	user:cwr
TRENSE	Pferdezaum	klassisch	de	2	user:cwr
HAR	Pferdezuruf: links!	klassisch	de	2	user:cwr
HUE	Pferdezuruf: Los!	klassisch	de	2	user:cwr
PEP	Pfiff, Schwung	klassisch	de	2	user:cwr
CLEVER	Pfiffig	klassisch	de	2	user:cwr
PIROL	Pfingstvogel	klassisch	de	2	user:cwr
BLUME	Pflanze mit Blüte	klassisch	de	2	user:cwr
BLUME	Pflanze mit Stängel u. Blüte	klassisch	de	2	user:cwr
ZELLULOSE	Pflanzenfaserstoff	klassisch	de	2	user:cwr
STIEL	Pflanzenhalm	klassisch	de	2	user:cwr
SAFT	Pflanzensaft	klassisch	de	2	user:cwr
TRIEB	Pflanzenspross	klassisch	de	2	user:cwr
STIEL	Pflanzenstängel	klassisch	de	2	user:cwr
BEET	Pflanzfläche	klassisch	de	2	user:cwr
BEETE	Pflanzflächen	klassisch	de	2	user:cwr
DIENST	Pflichtarbeit	klassisch	de	2	user:cwr
KUER	Pflichtgegenteil	klassisch	de	2	user:cwr
TOR	Pforte	klassisch	de	2	user:cwr
PORTIER	Pförtner	klassisch	de	2	user:cwr
LOGE	Pförtnerraum	klassisch	de	2	user:cwr
LACHE	Pfütze	klassisch	de	2	user:cwr
UTOPIST	Phantast	klassisch	de	2	user:cwr
AETA	philip. Volk	klassisch	de	2	user:cwr
APO	philip. Vulkan	klassisch	de	2	user:cwr
TESLA	Physiker †1943	klassisch	de	2	user:cwr
AJVAR	pikante Sauce d. Balkanküche	klassisch	de	2	user:cwr
EMOJI	Piktogramm	klassisch	de	2	user:cwr
ICON	Piktogramm (Eng.)	klassisch	de	2	user:cwr
SERVO	PKW-Lenkhilfe (Kw.)	klassisch	de	2	user:cwr
AUTO	Pkw, Wagen, Fahrzeug	klassisch	de	2	user:cwr
VORHABEN	Plan	klassisch	de	2	user:cwr
DESIGN	Plan, Entwurf	klassisch	de	2	user:cwr
SATURN	Planetenname	klassisch	de	2	user:cwr
EBNEN	planieren	klassisch	de	2	user:cwr
ORT	Platz	klassisch	de	2	user:cwr
HOF	Platz am Haus	klassisch	de	2	user:cwr
MAIDAN	Platz der Unabhängigkeit in Kiew	klassisch	de	2	user:cwr
ALEX	Platz in Berlin	klassisch	de	2	user:cwr
STAETTE	Platz, Stelle, Ort	klassisch	de	2	user:cwr
SET	Platzdeckchen	klassisch	de	2	user:cwr
DINGS	Platzhalterwort	klassisch	de	2	user:cwr
HINTUN	platzieren	klassisch	de	2	user:cwr
ENGE	Platzmangel	klassisch	de	2	user:cwr
UNFALL	plötzl. Schadensereignis	klassisch	de	2	user:cwr
JAEH	Plötzlich	klassisch	de	2	user:cwr
ABRUPT	plötzlich und unvermittelt	klassisch	de	2	user:cwr
JAEH	plötzlich, unvermittelt	klassisch	de	2	user:cwr
BOE	plötzlicher Windstoß	klassisch	de	2	user:cwr
MOB	Pöbel	klassisch	de	2	user:cwr
AUE	poet.: Flusslandschaft	klassisch	de	2	user:cwr
RUCH	poet.: Geruch	klassisch	de	2	user:cwr
GEFILDE	poet. Landschaft	klassisch	de	2	user:cwr
ODEM	poetisch: Atem	klassisch	de	2	user:cwr
BRONN	poetisch: Brunnen	klassisch	de	2	user:cwr
AROM	poetisch: Duft	klassisch	de	2	user:cwr
WEH	poetisch: Kummer, Leid	klassisch	de	2	user:cwr
WEH	poetisch: Leid, Schmerz	klassisch	de	2	user:cwr
ROSS	poetisch: Pferd	klassisch	de	2	user:cwr
SEDAT	poetisch: ruhig	klassisch	de	2	user:cwr
FERNAB	poetisch: weit entfernt	klassisch	de	2	user:cwr
HAG	poetisch. Wort für Hecke	klassisch	de	2	user:cwr
ROS	poetisch: Zweig	klassisch	de	2	user:cwr
CUP	Pokal als Sportpreis	klassisch	de	2	user:cwr
CUP	Pokal (Eng.)	klassisch	de	2	user:cwr
CUP	Pokalwettbewerb	klassisch	de	2	user:cwr
ANTE	Poker-Einsatz	klassisch	de	2	user:cwr
BLAUFUCHS	Polartier	klassisch	de	2	user:cwr
BRODA	Politiker der SPÖ (Christian, † 1987)	klassisch	de	2	user:cwr
ULTRA	politischer Fanatiker	klassisch	de	2	user:cwr
REGIME	politisches System	klassisch	de	2	user:cwr
LKA	Polizeibehörde	klassisch	de	2	user:cwr
UHAFT	Polizeigewahrsam (Kw.)	klassisch	de	2	user:cwr
FESTNAHME	polizeiliche Aktion	klassisch	de	2	user:cwr
SOKO	Polizeisondereinheit (Kw.)	klassisch	de	2	user:cwr
JACEK	poln. Männername	klassisch	de	2	user:cwr
LEM	poln. SciFi-Autor (Stanislaw, † 2006)	klassisch	de	2	user:cwr
SOFA	Polstermöbel	klassisch	de	2	user:cwr
NORD	Polwärts	klassisch	de	2	user:cwr
KRAKE	Polyp	klassisch	de	2	user:cwr
WARHOL	Pop-ArtKünstler (Andy, † 1987)	klassisch	de	2	user:cwr
REGGAE	Popmusik aus Jamaika	klassisch	de	2	user:cwr
SAO	portug.: heilig	klassisch	de	2	user:cwr
AZOREN	portug. Inselgruppe im Atlantik	klassisch	de	2	user:cwr
GAMA	portug. Seefahrer † (V. da ...)	klassisch	de	2	user:cwr
DAO	portug. Weinort	klassisch	de	2	user:cwr
OKARINA	Porzellanflöte	klassisch	de	2	user:cwr
ORTEN	Position bestimmen	klassisch	de	2	user:cwr
ERFOLG	positives Ergebnis	klassisch	de	2	user:cwr
PLAKAT	Poster	klassisch	de	2	user:cwr
BRIEF	Postsendung	klassisch	de	2	user:cwr
AVENUE	Prachtstraße	klassisch	de	2	user:cwr
ALLEE	Prachtstraße	klassisch	de	2	user:cwr
TRI	Präfix: drei	klassisch	de	2	user:cwr
PARA	Präfix: neben[her]	klassisch	de	2	user:cwr
HETERO	Präfix: ungleich	klassisch	de	2	user:cwr
URZEIT	prähistorischer Abschnitt	klassisch	de	2	user:cwr
KLAUE	Pranke	klassisch	de	2	user:cwr
AN	Präposition	klassisch	de	2	user:cwr
DABEI	präsent	klassisch	de	2	user:cwr
RABATT	Preisnachlass	klassisch	de	2	user:cwr
JUROR	Preisrichter	klassisch	de	2	user:cwr
ETIKETT	Preisschild	klassisch	de	2	user:cwr
GUENSTIG	preiswert	klassisch	de	2	user:cwr
TRUDEAU	Premier v. Kanada 2015/25 (Justin)	klassisch	de	2	user:cwr
MEDIEN	Presse	klassisch	de	2	user:cwr
PIKANT	prickelnd, reizvoll, anzüglich	klassisch	de	2	user:cwr
ESRA	Priester im A.T.	klassisch	de	2	user:cwr
NONE	priesterliches Gebet	klassisch	de	2	user:cwr
AFFE	Primat	klassisch	de	2	user:cwr
ELF	Primzahl	klassisch	de	2	user:cwr
RTL	privater TV-Sender (Abk.)	klassisch	de	2	user:cwr
VOX	Privatsender	klassisch	de	2	user:cwr
FUER	pro	klassisch	de	2	user:cwr
EI	Produkt des Hühnerhofs	klassisch	de	2	user:cwr
EAN	Produktstrichcode (Abk.)	klassisch	de	2	user:cwr
AVATAR	Profilbild (Eng.)	klassisch	de	2	user:cwr
ANSAGE	Programmankündigung	klassisch	de	2	user:cwr
MALIBU	PromiSeebad in Kalifornien	klassisch	de	2	user:cwr
ELIA	Prophet im A.T.	klassisch	de	2	user:cwr
ELIAS	Prophet im A.T.	klassisch	de	2	user:cwr
ROMANE	Prosawerke	klassisch	de	2	user:cwr
ZEELAND	Provinz der Niederlande	klassisch	de	2	user:cwr
ICA	Provinz in Peru	klassisch	de	2	user:cwr
CPU	Prozessor (Afk.)	klassisch	de	2	user:cwr
CPU	Prozessor(Eng.,Afk.)	klassisch	de	2	user:cwr
MPU	Prüfung der Fahreignung (Abk.)	klassisch	de	2	user:cwr
TEST	Prüfverfahren	klassisch	de	2	user:cwr
HAUE	Prügel	klassisch	de	2	user:cwr
GALA	Prunkfest	klassisch	de	2	user:cwr
PFAU	Prunkvogel	klassisch	de	2	user:cwr
SELA	Psalmenzeichen	klassisch	de	2	user:cwr
SIM	Pseudonym von Simenon	klassisch	de	2	user:cwr
IRRER	psychisch schwer gestörter Mensch	klassisch	de	2	user:cwr
STRESS	psychische Überbelastung	klassisch	de	2	user:cwr
PT	Punktmaß (Afk.)	klassisch	de	2	user:cwr
LAPPEN	Putztuch	klassisch	de	2	user:cwr
VIERECK	Quadrat	klassisch	de	2	user:cwr
ETE	Quadrillefigur	klassisch	de	2	user:cwr
GUETE	Qualität	klassisch	de	2	user:cwr
LEVEL	Qualitätsstufe (engl.)	klassisch	de	2	user:cwr
MEDUSEN	Quallen	klassisch	de	2	user:cwr
MENGE	Quantität	klassisch	de	2	user:cwr
UNSINN	Quatsch, Nonsens	klassisch	de	2	user:cwr
SOURCE	Quelle (Eng.)	klassisch	de	2	user:cwr
RUNDFUNK	Radio	klassisch	de	2	user:cwr
URAN	radioaktives Metall	klassisch	de	2	user:cwr
STRAHLUNG	Radioaktivität	klassisch	de	2	user:cwr
FELGE	Radkranz	klassisch	de	2	user:cwr
NABE	Radmittelpunkt	klassisch	de	2	user:cwr
VUELTA	Radrennrundfahrt in Spanien	klassisch	de	2	user:cwr
MOB	randalierender Haufen	klassisch	de	2	user:cwr
REBE	Ranke vom Weinstock	klassisch	de	2	user:cwr
EFEU	Rankgewächs	klassisch	de	2	user:cwr
EFEU	Rankpflanze	klassisch	de	2	user:cwr
FLINK	rasch, schnell	klassisch	de	2	user:cwr
GOLF	Rasensport	klassisch	de	2	user:cwr
SODE	Rasenstechstück	klassisch	de	2	user:cwr
SODE	Rasenstück	klassisch	de	2	user:cwr
SODEN	Rasenstücke	klassisch	de	2	user:cwr
RUHEN	rasten	klassisch	de	2	user:cwr
BERATER	Ratgeber	klassisch	de	2	user:cwr
RAT	Ratschlag	klassisch	de	2	user:cwr
RAETIN	Ratsfrau	klassisch	de	2	user:cwr
OZELOT	Raub-, Pardelkatze	klassisch	de	2	user:cwr
DIEBE	Räuber (Mz.)	klassisch	de	2	user:cwr
HAI	Raubfisch	klassisch	de	2	user:cwr
PIRANHA	Raubfisch in Südamerika	klassisch	de	2	user:cwr
LUCHS	Raubkatze	klassisch	de	2	user:cwr
PUMA	Raubkatze	klassisch	de	2	user:cwr
TATZE	Raubtierpfote	klassisch	de	2	user:cwr
HEU	Raufutter	klassisch	de	2	user:cwr
GENLABOR	Raum für Forschungen am Erbgut	klassisch	de	2	user:cwr
ENG	räumlich eingeschränkt	klassisch	de	2	user:cwr
STEREO	räumlich wirkende Tonübertragung	klassisch	de	2	user:cwr
ECKE	räumlicher Winkel	klassisch	de	2	user:cwr
STEREO	Raumtonverfahren	klassisch	de	2	user:cwr
WEIN	Rebensaft	klassisch	de	2	user:cwr
RIESLING	Rebensorte	klassisch	de	2	user:cwr
CPU	Recheneinheit im PC (engl.)	klassisch	de	2	user:cwr
AIN	rechter Nebenfluss der Rhône	klassisch	de	2	user:cwr
UBANGI	rechter Nebenfluss des Kongo	klassisch	de	2	user:cwr
USUS	Rechtsbrauch	klassisch	de	2	user:cwr
GESETZ	Rechtsgrundlage	klassisch	de	2	user:cwr
JUS	Rechtswissenschaften	klassisch	de	2	user:cwr
RHETORIK	Redekunst	klassisch	de	2	user:cwr
REELL	redlich	klassisch	de	2	user:cwr
PODIUM	Rednerpult, -platz	klassisch	de	2	user:cwr
DIAET	Reduktionskost	klassisch	de	2	user:cwr
NEUERER	Reformer	klassisch	de	2	user:cwr
LEBHAFT	rege, munter	klassisch	de	2	user:cwr
NORM	Regel	klassisch	de	2	user:cwr
FOUL	Regelverstoß	klassisch	de	2	user:cwr
IRIS	Regenbogenhaut	klassisch	de	2	user:cwr
GUSS	Regenschauer	klassisch	de	2	user:cwr
ZISTERNE	Regenwasserbehälter	klassisch	de	2	user:cwr
DUB	Reggaestil	klassisch	de	2	user:cwr
LAPAZ	Regierungssitz von Bolivien	klassisch	de	2	user:cwr
TENNENGAU	Region im Salzburger Land	klassisch	de	2	user:cwr
CENTRE	Region in Frankreich	klassisch	de	2	user:cwr
HANEKE	Regisseur, OscarGewinner (Michael)	klassisch	de	2	user:cwr
AGIL	regsam, wendig	klassisch	de	2	user:cwr
BEGABT	reich befähigt	klassisch	de	2	user:cwr
HOELLE	Reich des Teufels	klassisch	de	2	user:cwr
FUNDGRUBE	Reichtum an Schätzen	klassisch	de	2	user:cwr
ATUE	Reifendruckmaß	klassisch	de	2	user:cwr
GUMMI	Reifenmaterial	klassisch	de	2	user:cwr
ABITUR	Reifeprüfung	klassisch	de	2	user:cwr
ABI	Reifeprüfung (Afk.)	klassisch	de	2	user:cwr
VERSE	Reime	klassisch	de	2	user:cwr
PUR	rein	klassisch	de	2	user:cwr
NETTO	rein, nach Abzug	klassisch	de	2	user:cwr
PUR	rein, unverfälscht	klassisch	de	2	user:cwr
LAUTER	rein, unvermischt	klassisch	de	2	user:cwr
NETTO	Reingewicht	klassisch	de	2	user:cwr
SAUBER	reinlich	klassisch	de	2	user:cwr
FAHRT	Reise, Ausflug	klassisch	de	2	user:cwr
PLAID	Reisedecke	klassisch	de	2	user:cwr
ROUTE	Reiseweg	klassisch	de	2	user:cwr
ARRAK	Reisschnaps	klassisch	de	2	user:cwr
SATTEL	Reitersitz	klassisch	de	2	user:cwr
RICK	Reithindernis	klassisch	de	2	user:cwr
POLO	Reitsport	klassisch	de	2	user:cwr
GERTE	Reitstock	klassisch	de	2	user:cwr
PFERDE	Reittiere	klassisch	de	2	user:cwr
PSALM	religiöses Lied	klassisch	de	2	user:cwr
ERSTER	Rennsieger	klassisch	de	2	user:cwr
PISTE	Rennstrecke	klassisch	de	2	user:cwr
NAMIBIA	Republik in Südwestafrika	klassisch	de	2	user:cwr
ATMUNG	Respiration	klassisch	de	2	user:cwr
ATEM	Respirationsluft der Lunge	klassisch	de	2	user:cwr
RADI	Rettich	klassisch	de	2	user:cwr
AUSWEG	Rettungsmöglichkeit	klassisch	de	2	user:cwr
SHOW	Revuedarbietung	klassisch	de	2	user:cwr
AAK	Rheinlastkahn	klassisch	de	2	user:cwr
RUHR	Rheinzufluss	klassisch	de	2	user:cwr
ILL	Rheinzufluss in Vorarlberg	klassisch	de	2	user:cwr
ISERE	Rhône-Zufluss in Frankreich	klassisch	de	2	user:cwr
DEBORA	Richterin und Prophetin im A. T.	klassisch	de	2	user:cwr
NORM	Richtmaß	klassisch	de	2	user:cwr
LEITLINIE	Richtschnur	klassisch	de	2	user:cwr
WEGWEISER	Richtungsanzeiger	klassisch	de	2	user:cwr
NASE	Riechorgan	klassisch	de	2	user:cwr
TITAN	Riese	klassisch	de	2	user:cwr
OGER	Riese im franz. Märchen	klassisch	de	2	user:cwr
BOA	Riesen-, Würgeschlange	klassisch	de	2	user:cwr
BOA	Riesenschlange	klassisch	de	2	user:cwr
GAUDI	Riesenspaß	klassisch	de	2	user:cwr
ENORM	riesig	klassisch	de	2	user:cwr
MEGA	Riesig	klassisch	de	2	user:cwr
TSUNAMI	riesige Meereswelle	klassisch	de	2	user:cwr
NUT	Rille	klassisch	de	2	user:cwr
BSE	Rinderwahnsinn	klassisch	de	2	user:cwr
BSE	Rinderwahnsinn (Abk.)	klassisch	de	2	user:cwr
KUH	Rindweibchen	klassisch	de	2	user:cwr
WURM	Ringeltier	klassisch	de	2	user:cwr
EGEL	Ringelwurm	klassisch	de	2	user:cwr
TORUS	Ringfläche	klassisch	de	2	user:cwr
ATOLL	Ringriffinsel	klassisch	de	2	user:cwr
TROG	Rinne	klassisch	de	2	user:cwr
RUNSE	Rinne an Berghängen	klassisch	de	2	user:cwr
EREC	Ritter der Artusrunde	klassisch	de	2	user:cwr
GALANE	ritterliche Liebhaber	klassisch	de	2	user:cwr
MANTA	Rochenart	klassisch	de	2	user:cwr
BAND	Rock-, Popgruppe (engl.)	klassisch	de	2	user:cwr
OPUS	Rockband ('Live Is Life')	klassisch	de	2	user:cwr
RAW	roh (Eng.)	klassisch	de	2	user:cwr
TATAR	rohes Rindfleisch	klassisch	de	2	user:cwr
BIBER	Rohflanell	klassisch	de	2	user:cwr
SALAT	Rohkost	klassisch	de	2	user:cwr
TON	Rohmaterial des Töpfers	klassisch	de	2	user:cwr
BRENT	Rohölsorte	klassisch	de	2	user:cwr
HUELSE	röhrenförmige feste Hülle	klassisch	de	2	user:cwr
PIPELINE	Rohrleitung (Eng.)	klassisch	de	2	user:cwr
ERDOEL	Rohstoff zur Benzingewinnung	klassisch	de	2	user:cwr
HELD	Rollenfach am Theater	klassisch	de	2	user:cwr
RAD	Rollkörper	klassisch	de	2	user:cwr
SKATEN	Rollschuh laufen	klassisch	de	2	user:cwr
OPS	röm. Erntegöttin	klassisch	de	2	user:cwr
LUA	röm. Göttin d. Beute	klassisch	de	2	user:cwr
NERO	röm. Kaiser	klassisch	de	2	user:cwr
AES	röm. Kupfergeld	klassisch	de	2	user:cwr
AUGUR	röm. Priester u. Wahrsager	klassisch	de	2	user:cwr
PILATUS	röm. Statthalter	klassisch	de	2	user:cwr
II	röm. Zahlzeichen: 2	klassisch	de	2	user:cwr
VI	röm. Zahlzeichen: 6	klassisch	de	2	user:cwr
KIM	Roman Kiplings	klassisch	de	2	user:cwr
CRUSOE	Roman v. Defoe ('Robin son ...')	klassisch	de	2	user:cwr
HYDE	Roman v. Stevenson ('Dr. Jekyll & Mr. ...')	klassisch	de	2	user:cwr
NANA	Roman von Emile Zola	klassisch	de	2	user:cwr
IT	Roman von King (engl.)	klassisch	de	2	user:cwr
LIMES	römischer Grenzwall	klassisch	de	2	user:cwr
LAR	Römischer Hausgott	klassisch	de	2	user:cwr
MARS	römischer Kriegsgott	klassisch	de	2	user:cwr
PINK	Rosa-Ton	klassisch	de	2	user:cwr
GLUEHEN	rot leuchtend brennen	klassisch	de	2	user:cwr
RANDE	Rote Bete	klassisch	de	2	user:cwr
FES	rote Filzkappe	klassisch	de	2	user:cwr
BETE	rote Rübe	klassisch	de	2	user:cwr
RUBIN	Roter Edelstein	klassisch	de	2	user:cwr
EOSIN	roter Farbstoff	klassisch	de	2	user:cwr
BETE	rotes Wurzelgemüse	klassisch	de	2	user:cwr
LAMBRUSCO	Rotwein aus Norditalien	klassisch	de	2	user:cwr
LENDE	Rückenpartie	klassisch	de	2	user:cwr
KIEPE	Rückentrage	klassisch	de	2	user:cwr
REST	Rückstand	klassisch	de	2	user:cwr
DOLLE	Ruderhalterung	klassisch	de	2	user:cwr
OLE	Ruf beim Stierkampf	klassisch	de	2	user:cwr
HUHU	Ruf beim Winken	klassisch	de	2	user:cwr
IAH	Ruf des Esels	klassisch	de	2	user:cwr
VOGELRUF	Ruf eines Vogels	klassisch	de	2	user:cwr
LOS	Ruf zum Starten eines Rennens	klassisch	de	2	user:cwr
ADI	Rufname d. Fußballtrainers Hütter	klassisch	de	2	user:cwr
LILO	Rufname d. Schauspielerin Pulver	klassisch	de	2	user:cwr
LIZ	Rufname der Taylor †	klassisch	de	2	user:cwr
ENA	Rufname e. span. Königin	klassisch	de	2	user:cwr
CHE	Rufname Guevaras	klassisch	de	2	user:cwr
ABE	Rufname Lincolns	klassisch	de	2	user:cwr
TOMI	Rufname Ungerers	klassisch	de	2	user:cwr
JLO	Rufname von Jennifer Lopez	klassisch	de	2	user:cwr
TADEL	Rüge	klassisch	de	2	user:cwr
SOFA	Ruhe-, Polstermöbel	klassisch	de	2	user:cwr
RENTE	Ruhegeld, Pension	klassisch	de	2	user:cwr
RENTNERIN	Ruhegeldempfängerin	klassisch	de	2	user:cwr
SOFA	Ruhemöbel	klassisch	de	2	user:cwr
LIEGEN	Ruhemöbel (Mz.)	klassisch	de	2	user:cwr
RADAU	Ruhestörung, Lärm	klassisch	de	2	user:cwr
GESETZT	ruhig, besonnen	klassisch	de	2	user:cwr
STILL	ruhig, lautlos	klassisch	de	2	user:cwr
QUIRL	Rührgerät	klassisch	de	2	user:cwr
ERIDU	Ruinenstätte im Irak	klassisch	de	2	user:cwr
LEU	Rumänische Währung	klassisch	de	2	user:cwr
ETWA	rund, circa	klassisch	de	2	user:cwr
PANORAMA	Rundblick	klassisch	de	2	user:cwr
PANORAMA	Rundblick auf die Landschaft	klassisch	de	2	user:cwr
PANORAMA	Rundblick, Ausblick	klassisch	de	2	user:cwr
TORBOGEN	runder Durchgang	klassisch	de	2	user:cwr
KNAUF	runder Griff	klassisch	de	2	user:cwr
DONUT	rundes amerik. Schmalzgebäck	klassisch	de	2	user:cwr
KIESEL	rundgewaschener Stein	klassisch	de	2	user:cwr
UM	rundherum	klassisch	de	2	user:cwr
ARTEL	russ. Arbeiterkollektiv	klassisch	de	2	user:cwr
SS	russ. Atomrakete (‚... 20‘)	klassisch	de	2	user:cwr
BEK	russ. Autor †	klassisch	de	2	user:cwr
NIKOLAI	russ. Dichter (... Gogol, † 1852)	klassisch	de	2	user:cwr
TROIKA	russ. Dreigespann	klassisch	de	2	user:cwr
ROSTOW	russ. Großstadt (... am Don)	klassisch	de	2	user:cwr
GLINKA	russ. Komponist (Michail, † 1857)	klassisch	de	2	user:cwr
TASS	russ. Nachrichtenagentur	klassisch	de	2	user:cwr
GORKI	russ. Schriftsteller † (Maxim)	klassisch	de	2	user:cwr
DON	russ. Strom	klassisch	de	2	user:cwr
FUME	Rußabdruck	klassisch	de	2	user:cwr
NJET	russisch: nein	klassisch	de	2	user:cwr
OREL	russische Stadt an der Oka	klassisch	de	2	user:cwr
ZAR	Russischer Monarch	klassisch	de	2	user:cwr
IWAN	Russischer Vorname	klassisch	de	2	user:cwr
ILMEN	russisches Gebirge	klassisch	de	2	user:cwr
ULME	Rüster	klassisch	de	2	user:cwr
RELEVANT	sachdienlich, bedeutsam	klassisch	de	2	user:cwr
NEUTRUM	sächlich (gramm.)	klassisch	de	2	user:cwr
DAS	sächlicher Artikel	klassisch	de	2	user:cwr
ES	sächliches Fürwort	klassisch	de	2	user:cwr
RIESA	sächs. Stadt an der Elbe	klassisch	de	2	user:cwr
BEUTEL	sackähnliches Behältnis	klassisch	de	2	user:cwr
JUTE	Sackgewebe	klassisch	de	2	user:cwr
JUTE	Sackgewebe, Bastfaser	klassisch	de	2	user:cwr
JUTE	Sackleinenfaser	klassisch	de	2	user:cwr
MAER	Sage	klassisch	de	2	user:cwr
AIR	Saharagebirge	klassisch	de	2	user:cwr
RAHM	Sahne	klassisch	de	2	user:cwr
TORTE	Sahnekuchen	klassisch	de	2	user:cwr
SOFTEIS	sahnige kalte Süßspeise	klassisch	de	2	user:cwr
BANJO	Saiteninstrument	klassisch	de	2	user:cwr
GURKE	Salatfrucht	klassisch	de	2	user:cwr
OEL	Salatzutat	klassisch	de	2	user:cwr
LEGER	salopp	klassisch	de	2	user:cwr
BROMAT	Salz der Bromsäure	klassisch	de	2	user:cwr
IODID	Salz der Iodwasserstoffsäure	klassisch	de	2	user:cwr
HALOGEN	Salzbildner	klassisch	de	2	user:cwr
SALINE	Salzgewinnungsanlage	klassisch	de	2	user:cwr
LAKE	Salzlösung	klassisch	de	2	user:cwr
SAAT	Samenkrönner	klassisch	de	2	user:cwr
SA	Samstag (Afk.)	klassisch	de	2	user:cwr
DUENE	Sandhügel	klassisch	de	2	user:cwr
KEUPER	sandiger Ton	klassisch	de	2	user:cwr
ZART	sanft	klassisch	de	2	user:cwr
ANKA	Sänger der 60er	klassisch	de	2	user:cwr
CHOERE	Sängergruppen	klassisch	de	2	user:cwr
GPS	Satellitennavigation (Afk.)	klassisch	de	2	user:cwr
SET	Satz beim Tennis (engl.)	klassisch	de	2	user:cwr
STATUT	Satzung, Geschäftsordnung	klassisch	de	2	user:cwr
KOMMA	Satzzeichen	klassisch	de	2	user:cwr
REIN	sauber	klassisch	de	2	user:cwr
SOG	saugende Strömung	klassisch	de	2	user:cwr
SOG	Saugströmung	klassisch	de	2	user:cwr
EGEL	Saugwurm	klassisch	de	2	user:cwr
VIEZ	saurer Apfelwein (Mosel/ Saar)	klassisch	de	2	user:cwr
LOEWE	Savannentier, Raubkatze	klassisch	de	2	user:cwr
SCHEMA	Schablone	klassisch	de	2	user:cwr
TURM	Schachfigur	klassisch	de	2	user:cwr
DAME	Schachkönigin	klassisch	de	2	user:cwr
BOX	Schachtel, Kasten	klassisch	de	2	user:cwr
REMIS	Schachunentschieden	klassisch	de	2	user:cwr
KINNLADE	Schädelknochen	klassisch	de	2	user:cwr
HAEME	Schadenfreude	klassisch	de	2	user:cwr
GIFT	schädlicher Stoff	klassisch	de	2	user:cwr
ABGASE	Schadstoffe vom Auto	klassisch	de	2	user:cwr
RAM	Schafbock (Eng.)	klassisch	de	2	user:cwr
ELAN	Schaffensfreude, Tatendurst	klassisch	de	2	user:cwr
FETA	Schafskäse	klassisch	de	2	user:cwr
HUELLE	Schale	klassisch	de	2	user:cwr
EI	Schale mit Dotter	klassisch	de	2	user:cwr
ERDNUSS	Schalenfrucht	klassisch	de	2	user:cwr
NUSS	Schalenfrucht	klassisch	de	2	user:cwr
KRABBE	Schalentier	klassisch	de	2	user:cwr
KLANG	Schall	klassisch	de	2	user:cwr
RESET	Schalter am Computer	klassisch	de	2	user:cwr
SWITCH	Schalter (Eng.)	klassisch	de	2	user:cwr
TASTER	Schalterart	klassisch	de	2	user:cwr
MAKEL	Schandfleck	klassisch	de	2	user:cwr
BAR	Schanktisch	klassisch	de	2	user:cwr
THEKE	Schanktisch	klassisch	de	2	user:cwr
BAR	Schanktisch im Club	klassisch	de	2	user:cwr
KNICK	scharf umgebogene Stelle	klassisch	de	2	user:cwr
SENF	scharfe gelbliche Würzpaste	klassisch	de	2	user:cwr
GRAT	scharfe Kante	klassisch	de	2	user:cwr
KEHRE	scharfe Kurve	klassisch	de	2	user:cwr
WASABI	scharfes Gewürz	klassisch	de	2	user:cwr
KREN	scharfes Wurzelgemüse	klassisch	de	2	user:cwr
SPATEN	Schaufel	klassisch	de	2	user:cwr
TRAPEZ	Schaukelreck	klassisch	de	2	user:cwr
MOUSSE	Schaumdessert	klassisch	de	2	user:cwr
SEKT	Schaumwein	klassisch	de	2	user:cwr
MAKABER	schaurig	klassisch	de	2	user:cwr
DRAMA	Schauspiel	klassisch	de	2	user:cwr
MIME	Schauspieler	klassisch	de	2	user:cwr
THUN	Schauspieler (Friedrich von ...)	klassisch	de	2	user:cwr
MULIAR	Schauspieler (Fritz, † 2009)	klassisch	de	2	user:cwr
RUPP	Schauspieler (Sieghardt, † 2015)	klassisch	de	2	user:cwr
OTT	Schauspielerin (Elfriede, † 2019)	klassisch	de	2	user:cwr
EPP	Schauspielerin (Elisabeth, † 2000)	klassisch	de	2	user:cwr
WEISZ	Schauspielerin (Franziska)	klassisch	de	2	user:cwr
DOHM	Schauspielerin (Gaby)	klassisch	de	2	user:cwr
LAMARR	Schauspielerin (Hedy, † 2000)	klassisch	de	2	user:cwr
ROIS	Schauspielerin (Sophie)	klassisch	de	2	user:cwr
BARBARA	Schauspielerin (... Wussow)	klassisch	de	2	user:cwr
FERNLICHT	Scheinwerferstellung beim Auto	klassisch	de	2	user:cwr
PART	Scheitel	klassisch	de	2	user:cwr
DORSCH	Schellfischart	klassisch	de	2	user:cwr
OBOLUS	Scherflein, Spende	klassisch	de	2	user:cwr
ULK	Scherz	klassisch	de	2	user:cwr
ULKEN	scherzen	klassisch	de	2	user:cwr
SOZIA	scherzhaft: Beifahrerin	klassisch	de	2	user:cwr
REH	scheues Waldtier	klassisch	de	2	user:cwr
SALON	Schicker Treff	klassisch	de	2	user:cwr
LOS	Schicksal	klassisch	de	2	user:cwr
ZUG	Schienenfahrzeug	klassisch	de	2	user:cwr
ZUEGE	Schienenfahrzeuge	klassisch	de	2	user:cwr
GLEIS	Schienenstrang	klassisch	de	2	user:cwr
TRASSE	Schienenweg	klassisch	de	2	user:cwr
TSUGA	Schierlingstanne	klassisch	de	2	user:cwr
ARGO	Schiff d. Jason	klassisch	de	2	user:cwr
FRAM	Schiff Nansens	klassisch	de	2	user:cwr
ARCHE	Schiff Noahs	klassisch	de	2	user:cwr
GRACHT	schiffbarer Kanal	klassisch	de	2	user:cwr
STEK	Schifferknoten	klassisch	de	2	user:cwr
PACKEIS	Schifffahrtshindernis	klassisch	de	2	user:cwr
LOG	Schiffsgeschwindigkeitsmesser	klassisch	de	2	user:cwr
ANKER	Schiffshalter	klassisch	de	2	user:cwr
STEWARD	Schiffskellner	klassisch	de	2	user:cwr
LUKE	Schiffsöffnung	klassisch	de	2	user:cwr
SCHOTT	Schiffsquerwand	klassisch	de	2	user:cwr
BRT	Schiffsraummaß	klassisch	de	2	user:cwr
BESAN	Schiffssegel	klassisch	de	2	user:cwr
LOG	Schiffstacho	klassisch	de	2	user:cwr
REEP	Schiffstau	klassisch	de	2	user:cwr
VORDECK	Schiffsteil am Bug	klassisch	de	2	user:cwr
ANKER	Schiffszubehör	klassisch	de	2	user:cwr
TAKELAGE	Schifftauwerk	klassisch	de	2	user:cwr
AEGIS	Schild des Zeus	klassisch	de	2	user:cwr
AGE	Schildlausfett	klassisch	de	2	user:cwr
IDIOT	Schimpfwort	klassisch	de	2	user:cwr
SPECK	Schlachtfett vom Schwein	klassisch	de	2	user:cwr
BETT	Schlafstätte	klassisch	de	2	user:cwr
MATRATZE	Schlafunterlage	klassisch	de	2	user:cwr
HIEB	Schlag	klassisch	de	2	user:cwr
HAUEN	schlagen	klassisch	de	2	user:cwr
NIK	Schlagersänger (... P.)	klassisch	de	2	user:cwr
ADAMO	Schlagersänger sizilian. Herkunft	klassisch	de	2	user:cwr
HAGARA	Schlagersänger (Willy, † 2015)	klassisch	de	2	user:cwr
FREY	Schlagersängerin (Petra)	klassisch	de	2	user:cwr
DREWS	Schlagerstar	klassisch	de	2	user:cwr
SHEER	Schlagerstar (Ireen)	klassisch	de	2	user:cwr
TROMMEL	Schlaginstrument	klassisch	de	2	user:cwr
GONG	Schlaginstrument	klassisch	de	2	user:cwr
SERPENT	Schlange	klassisch	de	2	user:cwr
NATTER	Schlangenart	klassisch	de	2	user:cwr
AAL	Schlangenfisch	klassisch	de	2	user:cwr
AAL	schlangenförmiger Fisch	klassisch	de	2	user:cwr
MEERAAL	schlangenförmiger Fisch, Conger	klassisch	de	2	user:cwr
MEERAAL	schlangenförmiger Meeresfisch	klassisch	de	2	user:cwr
RANK	schlank	klassisch	de	2	user:cwr
AAL	Schlanker Fisch	klassisch	de	2	user:cwr
GEWIEFT	schlau, gerissen	klassisch	de	2	user:cwr
OESE	Schlaufe	klassisch	de	2	user:cwr
UNSITTE	schlechte Angewohnheit	klassisch	de	2	user:cwr
UNART	schlechte Angewohnheit	klassisch	de	2	user:cwr
LETZTE	Schlechteste im Wettkampf	klassisch	de	2	user:cwr
PLESS	schlesisches Fürstenhaus	klassisch	de	2	user:cwr
PLI	Schliff	klassisch	de	2	user:cwr
ARG	schlimm	klassisch	de	2	user:cwr
ARG	schlimm, übel	klassisch	de	2	user:cwr
NOT	schlimme Lage	klassisch	de	2	user:cwr
ARGES	Schlimmes	klassisch	de	2	user:cwr
KUFE	Schlittengleitschiene	klassisch	de	2	user:cwr
KUFEN	Schlittenteile	klassisch	de	2	user:cwr
CANYON	Schlucht (Eng.)	klassisch	de	2	user:cwr
RACHEN	Schlund	klassisch	de	2	user:cwr
FRIVOL	schlüpfrig, zweideutig	klassisch	de	2	user:cwr
FINALE	Schluss	klassisch	de	2	user:cwr
ENDE	Schluss	klassisch	de	2	user:cwr
ENDE	Schluss, Aus	klassisch	de	2	user:cwr
POINTE	Schluss eines Witzes	klassisch	de	2	user:cwr
ENDUNG	Schlussteil eines Wortes	klassisch	de	2	user:cwr
AMEN	Schlusswort beim Gebet	klassisch	de	2	user:cwr
SCHANDE	Schmach	klassisch	de	2	user:cwr
DUENN	schmal	klassisch	de	2	user:cwr
ENG	schmal	klassisch	de	2	user:cwr
LEISTE	schmale Holzverkleidung	klassisch	de	2	user:cwr
FOERDE	schmale Meeresbucht	klassisch	de	2	user:cwr
ENGE	schmale Stelle	klassisch	de	2	user:cwr
WEG	schmale Straße	klassisch	de	2	user:cwr
ENGTAL	schmaler Bergeinschnitt	klassisch	de	2	user:cwr
PFAD	schmaler Weg	klassisch	de	2	user:cwr
KOMPLIMENT	Schmeichelei	klassisch	de	2	user:cwr
ELOGE	Schmeichelei	klassisch	de	2	user:cwr
LOBREDE	Schmeichelei	klassisch	de	2	user:cwr
TAUEN	schmelzen	klassisch	de	2	user:cwr
EMAIL	Schmelzüberzug	klassisch	de	2	user:cwr
AUA	Schmerzlaut	klassisch	de	2	user:cwr
AU	Schmerzruf	klassisch	de	2	user:cwr
RAUPE	Schmetterlingslarve	klassisch	de	2	user:cwr
SMASH	Schmetterschlag	klassisch	de	2	user:cwr
AMBOSS	Schmiedeeisen	klassisch	de	2	user:cwr
ESSE	Schmiedefeuer	klassisch	de	2	user:cwr
OEL	Schmiermittel	klassisch	de	2	user:cwr
MOTOROEL	Schmieröl	klassisch	de	2	user:cwr
OEL	Schmierstoff	klassisch	de	2	user:cwr
ALTOEL	Schmierstoffabfall	klassisch	de	2	user:cwr
OHRRING	Schmuck	klassisch	de	2	user:cwr
HALSKETTE	Schmuck	klassisch	de	2	user:cwr
ZIER	Schmuck	klassisch	de	2	user:cwr
OPALE	Schmuckstein (Mz.)	klassisch	de	2	user:cwr
CLIP	Schmuckstück am Ohr	klassisch	de	2	user:cwr
FOTO	Schnappschuss	klassisch	de	2	user:cwr
HANDYFOTO	Schnappschuss mit d. Mobiltelefon	klassisch	de	2	user:cwr
SPIRAL	schneckenförmig gedreht	klassisch	de	2	user:cwr
SPIRALE	Schneckenlinie	klassisch	de	2	user:cwr
SKI	Schneegleitbrett	klassisch	de	2	user:cwr
SKI	Schneegleiter	klassisch	de	2	user:cwr
IGLU	Schneehütte	klassisch	de	2	user:cwr
IGLUS	Schneehütten	klassisch	de	2	user:cwr
YETI	Schneemensch	klassisch	de	2	user:cwr
YETI	Schneemensch im Himalaja	klassisch	de	2	user:cwr
SKI	Schneeschuh	klassisch	de	2	user:cwr
MASSANZUG	Schneidererzeugnis	klassisch	de	2	user:cwr
AGIL	schnell beweglich	klassisch	de	2	user:cwr
RENNEN	schnell laufen	klassisch	de	2	user:cwr
EILBRIEF	Schnellpost	klassisch	de	2	user:cwr
EILGUT	Schnellsendung	klassisch	de	2	user:cwr
ICE	Schnellzug (Abk.)	klassisch	de	2	user:cwr
KAKAO	Schokoladengetränk	klassisch	de	2	user:cwr
KAKAO	schokoladiges Heißgetränk	klassisch	de	2	user:cwr
BEREITS	schon	klassisch	de	2	user:cwr
DIAET	Schonkost	klassisch	de	2	user:cwr
BEAU	Schönling (franz.)	klassisch	de	2	user:cwr
BETTRUHE	Schonung im Bett	klassisch	de	2	user:cwr
GENIUS	schöpferisch begabter Mensch	klassisch	de	2	user:cwr
IDEE	schöpferischer Gedanke	klassisch	de	2	user:cwr
GRIND	Schorf	klassisch	de	2	user:cwr
PAPRIKA	Schotengemüse	klassisch	de	2	user:cwr
BURNS	schott. Dichter (Robert)	klassisch	de	2	user:cwr
BURNS	schott. Dichter (Robert, † 1796)	klassisch	de	2	user:cwr
ESK	schott. Fluss	klassisch	de	2	user:cwr
AYR	schott. See	klassisch	de	2	user:cwr
NESS	schott. See (Loch ...)	klassisch	de	2	user:cwr
CLAN	schott. Stammesverband	klassisch	de	2	user:cwr
KIES	Schotter	klassisch	de	2	user:cwr
SCHIEF	schräg	klassisch	de	2	user:cwr
HANG	Schräge	klassisch	de	2	user:cwr
STREBE	schräge Stütze	klassisch	de	2	user:cwr
FURCHTBAR	schrecklich	klassisch	de	2	user:cwr
IAH	Schrei des Esels	klassisch	de	2	user:cwr
TINTE	Schreibflüssigkeit	klassisch	de	2	user:cwr
KULIS	Schreibgerät (Kw. Mz.)	klassisch	de	2	user:cwr
HEFT	Schreibheft	klassisch	de	2	user:cwr
ZETERN	schreien, jammern, schimpfen	klassisch	de	2	user:cwr
GEHEN	schreiten	klassisch	de	2	user:cwr
KLAUSUR	schriftliche Prüfung	klassisch	de	2	user:cwr
BELEG	schriftlicher Nachweis	klassisch	de	2	user:cwr
PT	Schriftpunkt (Afk.)	klassisch	de	2	user:cwr
AUTOR	Schriftsteller	klassisch	de	2	user:cwr
LITERAT	Schriftsteller	klassisch	de	2	user:cwr
RODARODA	Schriftsteller (Alexand., † 1945)	klassisch	de	2	user:cwr
CHOBOT	Schriftsteller (Manfred)	klassisch	de	2	user:cwr
AMON	Schriftsteller (Michael, † 2018)	klassisch	de	2	user:cwr
HANDKE	Schriftsteller (Peter)	klassisch	de	2	user:cwr
KAUS	Schriftstellerin (Gina, † 1985)	klassisch	de	2	user:cwr
AKTE	Schriftstück	klassisch	de	2	user:cwr
GRELL	schrill, durchdringend	klassisch	de	2	user:cwr
STEIL	schroff ansteigend	klassisch	de	2	user:cwr
ANFALL	schubartige Krankheit	klassisch	de	2	user:cwr
SCHEU	schüchtern	klassisch	de	2	user:cwr
LEDER	Schuhmaterial	klassisch	de	2	user:cwr
SENKEL	Schuhschnürband	klassisch	de	2	user:cwr
ABITUR	Schulabschlussprüfung	klassisch	de	2	user:cwr
REUE	Schuldgefühl	klassisch	de	2	user:cwr
ELISA	Schüler d. Elias	klassisch	de	2	user:cwr
KLASSE	Schülergruppe	klassisch	de	2	user:cwr
BIO	Schulfach (ugs. Kw.)	klassisch	de	2	user:cwr
AULA	Schulfestsaal	klassisch	de	2	user:cwr
AULAS	Schulfestsäle	klassisch	de	2	user:cwr
NOTE	schulische Beurteilung	klassisch	de	2	user:cwr
DIREKTOR	Schulleiter	klassisch	de	2	user:cwr
AULA	Schulsaal	klassisch	de	2	user:cwr
RANZEN	Schultasche	klassisch	de	2	user:cwr
PENG	Schussgeräusch	klassisch	de	2	user:cwr
GEWEHR	Schusswaffe	klassisch	de	2	user:cwr
HALDE	Schuttberg	klassisch	de	2	user:cwr
HELM	schützende Kopfbedeckung	klassisch	de	2	user:cwr
LID	Schutzhaut am Auge	klassisch	de	2	user:cwr
FUTTERAL	Schutzhülle	klassisch	de	2	user:cwr
ETUI	Schutzhülle	klassisch	de	2	user:cwr
DAMM	Schutzwall	klassisch	de	2	user:cwr
MAU	schwach	klassisch	de	2	user:cwr
OPALGLAS	schwach milchiges Glas	klassisch	de	2	user:cwr
LUFFA	Schwammkürbis	klassisch	de	2	user:cwr
LORI	schwanzloser Feuchtnasenaffe	klassisch	de	2	user:cwr
AMSEL	Schwarzdrossel	klassisch	de	2	user:cwr
RABE	schwarzer Vogel	klassisch	de	2	user:cwr
ERDOEL	Schwarzes Gold	klassisch	de	2	user:cwr
FRU	schwed.: Frau	klassisch	de	2	user:cwr
WASA	schwed. Kriegsschiff und Museum	klassisch	de	2	user:cwr
ULV	schwed. Männername	klassisch	de	2	user:cwr
RYA	schwed. Webtechnik	klassisch	de	2	user:cwr
OERE	Schwedische Münze	klassisch	de	2	user:cwr
KOMET	Schweifstern	klassisch	de	2	user:cwr
GNAGI	schweiz.: Eisbein	klassisch	de	2	user:cwr
ARE	schweiz. Flächenmaß	klassisch	de	2	user:cwr
THUR	schweiz. Fluss	klassisch	de	2	user:cwr
EGLI	schweiz.: Flussbarsch	klassisch	de	2	user:cwr
GOF	schweiz.: Göre	klassisch	de	2	user:cwr
SBRINZ	schweiz. Hartkäse	klassisch	de	2	user:cwr
ZERMATT	schweiz. Kurort im Kanton Wallis	klassisch	de	2	user:cwr
GOTTE	schweiz.: Patin	klassisch	de	2	user:cwr
BOBO	schweiz. Popsänger (DJ ...)	klassisch	de	2	user:cwr
ATS	schweiz. Presseagentur (Abk.)	klassisch	de	2	user:cwr
ZBERG	schweiz. Radprofi	klassisch	de	2	user:cwr
GENF	schweiz. Stadt	klassisch	de	2	user:cwr
BASEL	schweiz. Stadt	klassisch	de	2	user:cwr
SRF	schweiz. TVSender (Abk.)	klassisch	de	2	user:cwr
GROSSPAPA	Schweizer Opa	klassisch	de	2	user:cwr
RAR	schwer erhältlich	klassisch	de	2	user:cwr
UNTREUE	schwere eheliche Verfehlung	klassisch	de	2	user:cwr
LEHM	schwerer Boden	klassisch	de	2	user:cwr
TRAEG	schwerfällig	klassisch	de	2	user:cwr
EISEN	Schwermetall	klassisch	de	2	user:cwr
BLEI	Schwermetall	klassisch	de	2	user:cwr
ORCA	Schwertwal	klassisch	de	2	user:cwr
MOERDER	Schwerverbrecher	klassisch	de	2	user:cwr
SR	Schwester (Afk.)	klassisch	de	2	user:cwr
EIDAM	Schwiegersohn	klassisch	de	2	user:cwr
SAUNA	Schwitzstube	klassisch	de	2	user:cwr
BOMBAST	Schwulst, Überladung	klassisch	de	2	user:cwr
PEP	Schwung	klassisch	de	2	user:cwr
ELAN	Schwung	klassisch	de	2	user:cwr
EID	Schwur	klassisch	de	2	user:cwr
STUNDE	sechzig Minuten	klassisch	de	2	user:cwr
DEER	See in Kanada	klassisch	de	2	user:cwr
NESS	See in Schottland (Loch…)	klassisch	de	2	user:cwr
NESS	See in Schottland (Loch ...)	klassisch	de	2	user:cwr
EIBSEE	See nahe der Zugspitze	klassisch	de	2	user:cwr
SEEKLAR	seefertig	klassisch	de	2	user:cwr
ARMADA	Seeflotte	klassisch	de	2	user:cwr
ROBBE	Seehund	klassisch	de	2	user:cwr
TRAUMA	seelische Erschütterung, Schock	klassisch	de	2	user:cwr
LEEG	seem.: ohne Ladung	klassisch	de	2	user:cwr
GIEN	seem.: starker Flaschenzug	klassisch	de	2	user:cwr
LIEK	seem.: Tauwerk	klassisch	de	2	user:cwr
MATROSE	Seemann	klassisch	de	2	user:cwr
AHOI	Seemannsruf	klassisch	de	2	user:cwr
PIRAT	Seeräuber	klassisch	de	2	user:cwr
KELP	Seetang (Eng.)	klassisch	de	2	user:cwr
TEISTE	Seevogel	klassisch	de	2	user:cwr
BOJE	Seezeichen	klassisch	de	2	user:cwr
MAST	Segelbaum	klassisch	de	2	user:cwr
REE	Segelkommando	klassisch	de	2	user:cwr
RAH	Segelquerstange	klassisch	de	2	user:cwr
SCHONER	Segelschiff	klassisch	de	2	user:cwr
RAH	Segelspiere	klassisch	de	2	user:cwr
RAHE	Segelstange	klassisch	de	2	user:cwr
RAH	Segelstange	klassisch	de	2	user:cwr
GEI	Segeltau	klassisch	de	2	user:cwr
REE	Segelwenderuf	klassisch	de	2	user:cwr
TEIL	Segment	klassisch	de	2	user:cwr
AUGE	Sehorgan	klassisch	de	2	user:cwr
MEGA	sehr	klassisch	de	2	user:cwr
GAR	sehr	klassisch	de	2	user:cwr
EPOCHAL	sehr bedeutend, denkwürdig	klassisch	de	2	user:cwr
URALT	sehr betagt	klassisch	de	2	user:cwr
FETT	sehr dick	klassisch	de	2	user:cwr
AKRIBISCH	sehr genau	klassisch	de	2	user:cwr
FLAUTE	sehr geringe Bewegung der Luft	klassisch	de	2	user:cwr
UNMENGE	sehr große Anzahl	klassisch	de	2	user:cwr
HUENE	sehr großer Mensch	klassisch	de	2	user:cwr
EINS	sehr gute Schulnote	klassisch	de	2	user:cwr
LARGO	sehr langsam	klassisch	de	2	user:cwr
INTIM	sehr nahe und vertraut	klassisch	de	2	user:cwr
XMAL	sehr oft, unzählige Male (ugs.)	klassisch	de	2	user:cwr
EISGLATT	sehr rutschig	klassisch	de	2	user:cwr
HAGER	sehr schlank, knochig	klassisch	de	2	user:cwr
RAPID	sehr schnell	klassisch	de	2	user:cwr
RASER	sehr schneller Fahrer	klassisch	de	2	user:cwr
BIZARR	sehr seltsam	klassisch	de	2	user:cwr
ZIG	sehr viele (ugs.)	klassisch	de	2	user:cwr
HEISS	sehr warm	klassisch	de	2	user:cwr
GREGE	Seidengarn	klassisch	de	2	user:cwr
TAFT	Seidengewebe	klassisch	de	2	user:cwr
CHIFFON	Seidengewebe	klassisch	de	2	user:cwr
SOAP	Seifenoper (Eng.)	klassisch	de	2	user:cwr
LEINE	Seil	klassisch	de	2	user:cwr
ANMELDEN	sein Kommen ankündigen (sich ...)	klassisch	de	2	user:cwr
METAMORPH	seine Gestalt wandelnd	klassisch	de	2	user:cwr
AB	Seit	klassisch	de	2	user:cwr
NILARM	Seitenlauf eines afrik. Stromes	klassisch	de	2	user:cwr
ODERARM	Seitenlauf eines bestimmt. Flusses	klassisch	de	2	user:cwr
EGOISMUS	Selbstsucht	klassisch	de	2	user:cwr
EGOTRIP	selbstsüchtige Verhaltensphase	klassisch	de	2	user:cwr
RAR	selten	klassisch	de	2	user:cwr
CER	Seltenerdmetall	klassisch	de	2	user:cwr
FUZZIS	seltsame Typen, Witzfiguren (ugs.)	klassisch	de	2	user:cwr
BAAL	semit. Gottheit	klassisch	de	2	user:cwr
APOSTEL	Sendbote	klassisch	de	2	user:cwr
LOT	Senkblei	klassisch	de	2	user:cwr
LOTE	Senkbleie	klassisch	de	2	user:cwr
TAL	Senke	klassisch	de	2	user:cwr
TAL	Senke im Gelände	klassisch	de	2	user:cwr
ABBAU	Senkung, Rückgang	klassisch	de	2	user:cwr
PEC	serb. Patriarchenkloster	klassisch	de	2	user:cwr
REIHE	Serie	klassisch	de	2	user:cwr
REELL	seriös	klassisch	de	2	user:cwr
ERNST	Seriosität	klassisch	de	2	user:cwr
OJE	Seufzer	klassisch	de	2	user:cwr
CAT	Shuttlezug zw. Wien Mitte und Flughafen	klassisch	de	2	user:cwr
TAS	sibir. Fluss	klassisch	de	2	user:cwr
RASTEN	sich ausruhen	klassisch	de	2	user:cwr
EIERN	sich unrund bewegen	klassisch	de	2	user:cwr
IBIS	Sichelvogel	klassisch	de	2	user:cwr
FERM	sicher, gebildet (ugs.)	klassisch	de	2	user:cwr
PFAND	Sicherheitshinterlegung	klassisch	de	2	user:cwr
BACKUP	Sicherheitskopie (engl.)	klassisch	de	2	user:cwr
SEIHE	Sieb	klassisch	de	2	user:cwr
ORT	Siedlung	klassisch	de	2	user:cwr
ERSTER	Sieger beim Wettlauf	klassisch	de	2	user:cwr
BESTE	Siegerin	klassisch	de	2	user:cwr
CUPS	Siegespokale (engl.)	klassisch	de	2	user:cwr
VOILA	Siehe da! Da haben wir es!	klassisch	de	2	user:cwr
HALALI	Signal bei der Jagd	klassisch	de	2	user:cwr
ROT	Signalfarbe	klassisch	de	2	user:cwr
HUPE	Signalgerät	klassisch	de	2	user:cwr
SIRENE	Signalgerät	klassisch	de	2	user:cwr
ALUFOLIE	Silberpapier	klassisch	de	2	user:cwr
CER	silberweißes Seltenerdmetall	klassisch	de	2	user:cwr
NEUNTE	Sinfonie Beethovens	klassisch	de	2	user:cwr
ALT	Singstimme	klassisch	de	2	user:cwr
LERCHE	Singvogel	klassisch	de	2	user:cwr
FINK	Singvogel	klassisch	de	2	user:cwr
AMMER	Singvogel	klassisch	de	2	user:cwr
ZWECK	Sinn, Absicht, Ziel	klassisch	de	2	user:cwr
OHR	Sinnesorgan	klassisch	de	2	user:cwr
NASE	Sinnesorgan	klassisch	de	2	user:cwr
LOGOS	sinnvolle Rede (griech.)	klassisch	de	2	user:cwr
BULL	Siouxführer (Sitting …)	klassisch	de	2	user:cwr
AGAVE	Sisalpflanze	klassisch	de	2	user:cwr
ETHOS	Sittengesinnung	klassisch	de	2	user:cwr
LAGE	Situation	klassisch	de	2	user:cwr
GENF	Sitz des Internat. Roten Kreuzes	klassisch	de	2	user:cwr
BIDET	Sitzbadewanne	klassisch	de	2	user:cwr
SOFA	Sitzmöbel	klassisch	de	2	user:cwr
MU	SIVorsilbe	klassisch	de	2	user:cwr
JUL	skand. Weihnachten	klassisch	de	2	user:cwr
EKLAT	Skandal	klassisch	de	2	user:cwr
OLE	skandinav. Männername	klassisch	de	2	user:cwr
RE	Skatausdruck	klassisch	de	2	user:cwr
HALFPIPE	Skaterampe (Eng.)	klassisch	de	2	user:cwr
GEBEIN	Skelett	klassisch	de	2	user:cwr
GERIPPE	Skelett	klassisch	de	2	user:cwr
LOIPE	Skilanglaufspur	klassisch	de	2	user:cwr
GURGL	Skiort in den Ötztaler Alpen	klassisch	de	2	user:cwr
TONI	Skirennläufer (... Sailer, † 2009)	klassisch	de	2	user:cwr
INNAUER	Skispringer der 1970/80er (Toni)	klassisch	de	2	user:cwr
CARVING	Skitechnik	klassisch	de	2	user:cwr
YO	Slanggruß (Eng.)	klassisch	de	2	user:cwr
ZAR	slaw. Herrschertitel	klassisch	de	2	user:cwr
ZAR	slawisch. Herrschertitel	klassisch	de	2	user:cwr
RUSSEN	slawisches Volk	klassisch	de	2	user:cwr
POGACAR	slowen. Radprofi (Tadej)	klassisch	de	2	user:cwr
APPS	SmartphoneAnwendungen	klassisch	de	2	user:cwr
OZON	Smogbestandteil	klassisch	de	2	user:cwr
BIS	so lange, …	klassisch	de	2	user:cwr
BIS	so weit, so lange	klassisch	de	2	user:cwr
USER	Softwarenutzer	klassisch	de	2	user:cwr
SOG	sogenannt (Afk.)	klassisch	de	2	user:cwr
BRUDER	Sohn der Eltern	klassisch	de	2	user:cwr
GAD	Sohn des Jakob (A. T.)	klassisch	de	2	user:cwr
VETTER	Sohn des Onkels	klassisch	de	2	user:cwr
PELOPS	Sohn des Tantalus (griech. Myth.)	klassisch	de	2	user:cwr
ESAU	Sohn Isaaks im A.T.	klassisch	de	2	user:cwr
LEVI	Sohn Jakobs	klassisch	de	2	user:cwr
DAN	Sohn Jakobs (A.T.)	klassisch	de	2	user:cwr
HAM	Sohn Noahs	klassisch	de	2	user:cwr
HAM	Sohn Noahs (A.T.)	klassisch	de	2	user:cwr
BRAGI	Sohn Odins	klassisch	de	2	user:cwr
MISO	Sojabohnenpaste	klassisch	de	2	user:cwr
TOFU	Sojaprodukt	klassisch	de	2	user:cwr
AUSSEE	Solbad in der Steiermark	klassisch	de	2	user:cwr
DERLEI	solch	klassisch	de	2	user:cwr
SOLD	Soldatenlöhnung	klassisch	de	2	user:cwr
KAPUT	Soldatenmantel	klassisch	de	2	user:cwr
LA	Solmisationssilbe	klassisch	de	2	user:cwr
ARIE	Solostück in der Oper	klassisch	de	2	user:cwr
EP	Sonderform der VinylSingle	klassisch	de	2	user:cwr
ABART	Sondergattung	klassisch	de	2	user:cwr
SEK	Sonderpolizeieinheit (Abk.)	klassisch	de	2	user:cwr
GELB	Sonnenfarbe	klassisch	de	2	user:cwr
URANUS	sonnenferner Planet	klassisch	de	2	user:cwr
EKLIPSE	Sonnenfinsternis	klassisch	de	2	user:cwr
ATON	Sonnengott der alten Ägypter	klassisch	de	2	user:cwr
KUMMER	Sorge, Betrübtheit	klassisch	de	2	user:cwr
TYP	Sorte	klassisch	de	2	user:cwr
ART	Sorte, Gattung	klassisch	de	2	user:cwr
ORDNEN	sortieren	klassisch	de	2	user:cwr
ORDNEN	sortieren, aufräumen	klassisch	de	2	user:cwr
ROMESCO	Soße aus Tarragona (Katalonien)	klassisch	de	2	user:cwr
DIP	Soßentunke	klassisch	de	2	user:cwr
XTE	soundsovielte	klassisch	de	2	user:cwr
NTE	soundsovielte (math.)	klassisch	de	2	user:cwr
UND	sowie	klassisch	de	2	user:cwr
OHNEHIN	sowieso	klassisch	de	2	user:cwr
KEIL	Spaltwerkzeug	klassisch	de	2	user:cwr
FRAESE	Span abhebende Maschine	klassisch	de	2	user:cwr
SENOR	span. Anrede: Herr	klassisch	de	2	user:cwr
LA	span. Artikel	klassisch	de	2	user:cwr
LAS	span. Artikel	klassisch	de	2	user:cwr
OLE	span. Ausruf	klassisch	de	2	user:cwr
ALKALDE	span. Bürgermeister	klassisch	de	2	user:cwr
ESERA	span. Fluss	klassisch	de	2	user:cwr
CARLA	span. Frauenname	klassisch	de	2	user:cwr
BUENO	span.: gut	klassisch	de	2	user:cwr
OLE	span. Hochruf	klassisch	de	2	user:cwr
UNO	span., italienisch: eins	klassisch	de	2	user:cwr
NAO	span. Kap	klassisch	de	2	user:cwr
DALI	span. Maler †	klassisch	de	2	user:cwr
MAR	span.: Meer	klassisch	de	2	user:cwr
LAS	span. Mehrzahlartikel	klassisch	de	2	user:cwr
CID	span. Nationalheld	klassisch	de	2	user:cwr
TOLEDO	span. Provinz	klassisch	de	2	user:cwr
DIA	span.: Tag	klassisch	de	2	user:cwr
DEL	Span. 'von dem'	klassisch	de	2	user:cwr
BODEGA	span. Weinkeller	klassisch	de	2	user:cwr
TODO	spanisch: alles	klassisch	de	2	user:cwr
TU	spanisch: du	klassisch	de	2	user:cwr
EN	spanisch: in	klassisch	de	2	user:cwr
ISLA	spanisch: Insel	klassisch	de	2	user:cwr
ANO	spanisch: Jahr	klassisch	de	2	user:cwr
REINA	spanisch: Königin	klassisch	de	2	user:cwr
ME	spanisch: mich, mir	klassisch	de	2	user:cwr
QUE	spanisch: was	klassisch	de	2	user:cwr
AGUA	spanisch: Wasser	klassisch	de	2	user:cwr
UNA	spanischer Artikel	klassisch	de	2	user:cwr
EL	spanischer Artikel	klassisch	de	2	user:cwr
OLE	spanischer Ausruf	klassisch	de	2	user:cwr
POSADA	spanisches Wirtshaus	klassisch	de	2	user:cwr
HABANERA	spanischkuban. Paartanz	klassisch	de	2	user:cwr
KRIMI	Spannungsroman	klassisch	de	2	user:cwr
FEZ	Spaß	klassisch	de	2	user:cwr
HETZ	Spaß, Belustigung (ugs.)	klassisch	de	2	user:cwr
NARR	Spaßmacher am Hof (MA.)	klassisch	de	2	user:cwr
CLOWN	Spaßmacher im Zirkus	klassisch	de	2	user:cwr
TOUR	Spazierfahrt, Ausflug	klassisch	de	2	user:cwr
PASTETE	Speise in Teighülle	klassisch	de	2	user:cwr
AAL	Speisefisch	klassisch	de	2	user:cwr
AALE	Speisefisch (Mz.)	klassisch	de	2	user:cwr
AALE	Speisefische	klassisch	de	2	user:cwr
TELLER	Speisegeschirr	klassisch	de	2	user:cwr
GARNELE	Speisekrebs	klassisch	de	2	user:cwr
KOCHEN	Speisenzubereitung	klassisch	de	2	user:cwr
RUEBE	Speiserübe	klassisch	de	2	user:cwr
NATRON	Speisesoda	klassisch	de	2	user:cwr
SENF	Speisewürze	klassisch	de	2	user:cwr
ORANGE	Spektralfarbe	klassisch	de	2	user:cwr
GABE	Spende	klassisch	de	2	user:cwr
KSK	Spezialeinheit der BW (Abk.)	klassisch	de	2	user:cwr
ART	Spezies	klassisch	de	2	user:cwr
MISE	Spieleinsatz	klassisch	de	2	user:cwr
KEGEL	Spielfigur	klassisch	de	2	user:cwr
ASS	Spielkarte	klassisch	de	2	user:cwr
DAME	Spielkarte	klassisch	de	2	user:cwr
ASSE	Spielkarten	klassisch	de	2	user:cwr
HERZ	Spielkartenfarbe	klassisch	de	2	user:cwr
PIK	Spielkartenfarbe	klassisch	de	2	user:cwr
LIGA	Spielklasse	klassisch	de	2	user:cwr
LIGA	Spielklasse im Sport	klassisch	de	2	user:cwr
AUSZEIT	Spielpause, Timeout	klassisch	de	2	user:cwr
LANZE	Spieß der Kavallerie	klassisch	de	2	user:cwr
PIKE	Spießwaffe	klassisch	de	2	user:cwr
SEANCE	spiritistische Sitzung	klassisch	de	2	user:cwr
TOP	Spitze (Eng.)	klassisch	de	2	user:cwr
STAR	Spitzenkünstler	klassisch	de	2	user:cwr
HITS	Spitzenschlager (Mz.)	klassisch	de	2	user:cwr
IKE	Spitzname Eisenhowers †	klassisch	de	2	user:cwr
ABE	Spitzname Lincolns	klassisch	de	2	user:cwr
DIDI	Spitzname v. Hallervorden	klassisch	de	2	user:cwr
OBELISK	Spitzpfeiler	klassisch	de	2	user:cwr
KOS	Sporadeninsel	klassisch	de	2	user:cwr
BOB	Sport-Schlitten	klassisch	de	2	user:cwr
EINER	Sportboot	klassisch	de	2	user:cwr
ASSE	Sportgrößen	klassisch	de	2	user:cwr
TRAINER	Sportlehrer	klassisch	de	2	user:cwr
ATHLET	Sportler	klassisch	de	2	user:cwr
GEHERIN	Sportlerin der Leichtathletik	klassisch	de	2	user:cwr
FIT	sportlich in Form	klassisch	de	2	user:cwr
UNFAIR	sportlich ungerecht	klassisch	de	2	user:cwr
FITNESS	sportliche Leistungsfähigkeit	klassisch	de	2	user:cwr
ATHLET	sportlicher Wettkämpfer	klassisch	de	2	user:cwr
TEAM	Sportmannschaft	klassisch	de	2	user:cwr
KAJAK	Sportpaddelboot	klassisch	de	2	user:cwr
GIG	Sportruderboot	klassisch	de	2	user:cwr
TOTO	Sportwette	klassisch	de	2	user:cwr
TOTO	Sportwetten	klassisch	de	2	user:cwr
URDU	Sprache Pakistans	klassisch	de	2	user:cwr
BEO	sprechbegabter südasiat. Vogel	klassisch	de	2	user:cwr
BEO	Sprechender Star	klassisch	de	2	user:cwr
HEADSET	Sprechgarnitur (Eng.)	klassisch	de	2	user:cwr
RAP	Sprechgesang	klassisch	de	2	user:cwr
RAP	Sprechgesang d. modernen Popmusik	klassisch	de	2	user:cwr
MUND	Sprechöffnung	klassisch	de	2	user:cwr
AEH	Sprechpausenüberbrückung	klassisch	de	2	user:cwr
BEO	Sprechvogel	klassisch	de	2	user:cwr
TNT	Sprengstoff (Abk.)	klassisch	de	2	user:cwr
MELIEREN	sprenkeln	klassisch	de	2	user:cwr
PRUEDE	spröde, zimperlich (sittlicherotisch)	klassisch	de	2	user:cwr
SPRAY	Sprühflüssigkeit	klassisch	de	2	user:cwr
TRAMPOLIN	Sprunggerät	klassisch	de	2	user:cwr
BEMERKBAR	spürbar, deutlich wahrzunehmen	klassisch	de	2	user:cwr
LAND	Staat	klassisch	de	2	user:cwr
NEPAL	Staat im Himalaja	klassisch	de	2	user:cwr
IRAN	Staat im Orient	klassisch	de	2	user:cwr
GUINEA	Staat in Afrika	klassisch	de	2	user:cwr
GHANA	Staat in Afrika	klassisch	de	2	user:cwr
USA	Staat in Amerika (Abk.)	klassisch	de	2	user:cwr
BELIZE	Staat in Mittelamerika	klassisch	de	2	user:cwr
MAROKKO	Staat in Nordafrika	klassisch	de	2	user:cwr
SOMALIA	Staat in Ostafrika	klassisch	de	2	user:cwr
PERU	Staat in Südamerika	klassisch	de	2	user:cwr
MALI	Staat in Westafrika	klassisch	de	2	user:cwr
AMEISE	Staaten bildendes Insekt	klassisch	de	2	user:cwr
ETAT	Staatshaushalt	klassisch	de	2	user:cwr
REGENT	Staatsoberhaupt	klassisch	de	2	user:cwr
AERAR	Staatsschatz	klassisch	de	2	user:cwr
SEEIGEL	stacheliges Meerestier	klassisch	de	2	user:cwr
DISTEL	Stachelkraut	klassisch	de	2	user:cwr
IGEL	Stacheln tragendes Säugetier	klassisch	de	2	user:cwr
IGEL	Stacheltier	klassisch	de	2	user:cwr
AUB	Stadt a. d. Gollach	klassisch	de	2	user:cwr
ASSUAN	Stadt a. Nil	klassisch	de	2	user:cwr
ROTT	Stadt am Inn	klassisch	de	2	user:cwr
HANAU	Stadt am Main	klassisch	de	2	user:cwr
GOCH	Stadt am Niederrhein	klassisch	de	2	user:cwr
PIRMASENS	Stadt am Pfälzer Wald	klassisch	de	2	user:cwr
GMUNDEN	Stadt am Traunsee	klassisch	de	2	user:cwr
UFA	Stadt am Ural	klassisch	de	2	user:cwr
ULM	Stadt an Blau und Donau	klassisch	de	2	user:cwr
ULM	Stadt an d. Donau	klassisch	de	2	user:cwr
PASSAU	Stadt an d. Donau	klassisch	de	2	user:cwr
AARAU	Stadt an der Aare	klassisch	de	2	user:cwr
CELLE	Stadt an der Aller	klassisch	de	2	user:cwr
LINZ	Stadt an der Donau	klassisch	de	2	user:cwr
SANREMO	Stadt an der ital. Riviera	klassisch	de	2	user:cwr
SANREMO	Stadt an der ital. Riviera (2W.)	klassisch	de	2	user:cwr
MARBURG	Stadt an der Lahn	klassisch	de	2	user:cwr
OBERWART	Stadt an der Pinka im Burgenland	klassisch	de	2	user:cwr
HALLE	Stadt an der Saale	klassisch	de	2	user:cwr
AMBERG	Stadt an der Vils (Oberpf.)	klassisch	de	2	user:cwr
OTA	Stadt auf Honshu	klassisch	de	2	user:cwr
IMST	Stadt des ersten SOS-Kinderdorfes	klassisch	de	2	user:cwr
BERN	Stadt i. d. Schweiz	klassisch	de	2	user:cwr
ATH	Stadt im Hennegau	klassisch	de	2	user:cwr
PEC	Stadt im Kosovo	klassisch	de	2	user:cwr
SCHEIBBS	Stadt im Mostviertel	klassisch	de	2	user:cwr
OSS	Stadt im Norden Brabants (Niederl.)	klassisch	de	2	user:cwr
EGER	Stadt in Böhmen	klassisch	de	2	user:cwr
RIO	Stadt in Brasilien	klassisch	de	2	user:cwr
HAVEN	Stadt in Connecticut (New ...)	klassisch	de	2	user:cwr
DENHAAG	Stadt in der Niederlande (2 Wörter)	klassisch	de	2	user:cwr
LO	Stadt in der Normandie (Saint-...)	klassisch	de	2	user:cwr
HULL	Stadt in England	klassisch	de	2	user:cwr
EPSOM	Stadt in England	klassisch	de	2	user:cwr
MIAMI	Stadt in Florida	klassisch	de	2	user:cwr
GY	Stadt in Frankreich	klassisch	de	2	user:cwr
EDE	Stadt in Geldern (Niederlande)	klassisch	de	2	user:cwr
QUEBEC	Stadt in Kanada	klassisch	de	2	user:cwr
FES	Stadt in Marokko	klassisch	de	2	user:cwr
IFNI	Stadt in Marokko	klassisch	de	2	user:cwr
OMAHA	Stadt in Nebraska	klassisch	de	2	user:cwr
UTICA	Stadt in New York	klassisch	de	2	user:cwr
VECHTA	Stadt in Niedersachsen	klassisch	de	2	user:cwr
LAGOS	Stadt in Nigeria	klassisch	de	2	user:cwr
NEUSS	Stadt in NRW	klassisch	de	2	user:cwr
WELS	Stadt in Oberösterreich	klassisch	de	2	user:cwr
ESENS	Stadt in Ostfriesland	klassisch	de	2	user:cwr
ASTI	Stadt in Piemont	klassisch	de	2	user:cwr
MALMOE	Stadt in Schweden	klassisch	de	2	user:cwr
NIMES	Stadt in Südfrankreich	klassisch	de	2	user:cwr
MERAN	Stadt in Südtirol	klassisch	de	2	user:cwr
MERANO	Stadt in Südtirol (ital. Name)	klassisch	de	2	user:cwr
EBERN	Stadt in Unterfranken	klassisch	de	2	user:cwr
PADUA	Stadt in Venetien (Italien)	klassisch	de	2	user:cwr
BANDUNG	Stadt in Westjava	klassisch	de	2	user:cwr
STADE	Stadt westl. von Hamburg	klassisch	de	2	user:cwr
MAGDALENA	Stadtbezirk von Linz (St. ...)	klassisch	de	2	user:cwr
KIEZ	Stadtrandsiedlung	klassisch	de	2	user:cwr
SOLLN	Stadtteil von München	klassisch	de	2	user:cwr
RAD	Stahlross, Drahtesel (Kw.)	klassisch	de	2	user:cwr
TRESOR	Stahlschrank	klassisch	de	2	user:cwr
TOTEM	Stammeszeichen	klassisch	de	2	user:cwr
AHN	Stammvater, Vorfahr	klassisch	de	2	user:cwr
ADEL	Stand des ''Blauen Blutes''	klassisch	de	2	user:cwr
GEZERRE	ständiges Ziehen	klassisch	de	2	user:cwr
ORTUNG	Standortbestimmung	klassisch	de	2	user:cwr
STAKE	Stange zum Schieben v. Flößen	klassisch	de	2	user:cwr
LAUCH	stangenförmiges Gemüse	klassisch	de	2	user:cwr
TOPP	Stangenspitze	klassisch	de	2	user:cwr
STOSS	Stapel	klassisch	de	2	user:cwr
LUPE	stark vergrößerndes Leseglas	klassisch	de	2	user:cwr
BEGEHREN	stark wünschen	klassisch	de	2	user:cwr
NAESSE	starke Feuchtigkeit	klassisch	de	2	user:cwr
EHRGEIZ	starker Erfolgswille	klassisch	de	2	user:cwr
ORKAN	starker Sturm	klassisch	de	2	user:cwr
AST	starker Zweig	klassisch	de	2	user:cwr
PLANKE	starkes Brett	klassisch	de	2	user:cwr
LIEBE	starkes Gefühl der Zuneigung	klassisch	de	2	user:cwr
TROSSE	starkes Schiffstau	klassisch	de	2	user:cwr
ORKAN	stärkster Sturm	klassisch	de	2	user:cwr
STIER	starr (Blick)	klassisch	de	2	user:cwr
ANFANG	Start, Ausgangspunkt	klassisch	de	2	user:cwr
TORSO	Statuenrumpf	klassisch	de	2	user:cwr
TORSO	Statuenrumpf ohne Kopf und Arme	klassisch	de	2	user:cwr
RANG	Status	klassisch	de	2	user:cwr
OH	Staunensausruf	klassisch	de	2	user:cwr
WEHR	Stauwerk	klassisch	de	2	user:cwr
ILEX	Stechpalme	klassisch	de	2	user:cwr
PASSION	Steckenpferd, Hobby	klassisch	de	2	user:cwr
SLOT	Steckplatz (Eng.)	klassisch	de	2	user:cwr
SEE	stehendes Binnengewässer	klassisch	de	2	user:cwr
RAUBEN	stehlen	klassisch	de	2	user:cwr
STEIGE	steiler Weg	klassisch	de	2	user:cwr
BERNSTEIN	Stein aus Harz	klassisch	de	2	user:cwr
GRAVUR	Stein-, Metallzeichnung	klassisch	de	2	user:cwr
URALT	steinalt	klassisch	de	2	user:cwr
STELE	Steinsäule	klassisch	de	2	user:cwr
RAX	steirischniederösterr. Bergmassiv	klassisch	de	2	user:cwr
ORT	Stelle	klassisch	de	2	user:cwr
POSTEN	Stelle	klassisch	de	2	user:cwr
ENDE	Stelle, wo etwas aufhört	klassisch	de	2	user:cwr
HOFAMT	Stellung, Dienst am Fürstenhof	klassisch	de	2	user:cwr
VIZE	Stellvertreter	klassisch	de	2	user:cwr
AVATAR	Stellvertreter in der virtuellen Welt	klassisch	de	2	user:cwr
GNU	Steppenantilopenart	klassisch	de	2	user:cwr
KOSAK	Steppenreiter	klassisch	de	2	user:cwr
DENEB	Stern im 'Schwan'	klassisch	de	2	user:cwr
WEGA	Stern in der 'Leier'	klassisch	de	2	user:cwr
WEGA	Stern in der ‚Leier‘	klassisch	de	2	user:cwr
ORION	Sternbild	klassisch	de	2	user:cwr
LYRA	Sternbild Leier	klassisch	de	2	user:cwr
ASTER	Sternblume	klassisch	de	2	user:cwr
METEOR	Sternschnuppe	klassisch	de	2	user:cwr
TRIFTIG	stichhaltig	klassisch	de	2	user:cwr
TEST	Stichprobe	klassisch	de	2	user:cwr
ANGELA	Stifterin d. Ursulinen	klassisch	de	2	user:cwr
ART	Stil, Weise	klassisch	de	2	user:cwr
DUB	Stilart des Reggae	klassisch	de	2	user:cwr
ROKOKO	Stilepoche	klassisch	de	2	user:cwr
LEIS	still	klassisch	de	2	user:cwr
RUHE	Stille	klassisch	de	2	user:cwr
WINK	stiller Hinweis	klassisch	de	2	user:cwr
STAU	Stillstand im Verkehr	klassisch	de	2	user:cwr
DIXIE	Stilrichtung des Jazz (Kw.)	klassisch	de	2	user:cwr
VOTEN	Stimmabgaben	klassisch	de	2	user:cwr
SOPRAN	Stimmlage	klassisch	de	2	user:cwr
TENOR	Stimmlage	klassisch	de	2	user:cwr
LAUNE	Stimmung	klassisch	de	2	user:cwr
LAUNE	Stimmung, Lust	klassisch	de	2	user:cwr
URNE	Stimmzettelbehälter	klassisch	de	2	user:cwr
URNE	Stimmzettelbehälter (Kw.)	klassisch	de	2	user:cwr
TUNKE	Stippe	klassisch	de	2	user:cwr
ETAGE	Stockwerk	klassisch	de	2	user:cwr
ETAGEN	Stockwerke	klassisch	de	2	user:cwr
THEIN	Stoff im Tee	klassisch	de	2	user:cwr
GEHALT	Stoffanteil	klassisch	de	2	user:cwr
TEDDY	Stoffbär	klassisch	de	2	user:cwr
ATOM	Stoffbaustein	klassisch	de	2	user:cwr
CHEMIE	Stoffkunde	klassisch	de	2	user:cwr
STOPFEN	Stöpsel	klassisch	de	2	user:cwr
ADEBAR	Storch in der Fabel	klassisch	de	2	user:cwr
GERANIE	Storchschnabelgewächs	klassisch	de	2	user:cwr
SCHUB	Stoß	klassisch	de	2	user:cwr
STUPSEN	stoßen	klassisch	de	2	user:cwr
SCHULD	strafbare Verfehlung	klassisch	de	2	user:cwr
AHNDEN	strafen, rächen	klassisch	de	2	user:cwr
PRALL	straff gefüllt	klassisch	de	2	user:cwr
STRAMM	straff gespannt	klassisch	de	2	user:cwr
BEAM	Strahl (Eng.)	klassisch	de	2	user:cwr
REEPER	Straße in Hamburg (… bahn)	klassisch	de	2	user:cwr
MAUT	Straßenbenutzungsgebühr	klassisch	de	2	user:cwr
STAU	Straßenüberlastung	klassisch	de	2	user:cwr
MYRTE	Strauch der Mittelmeerländer	klassisch	de	2	user:cwr
GINSTER	Strauch mit gelben Blüten	klassisch	de	2	user:cwr
BEERE	Strauchfrucht	klassisch	de	2	user:cwr
HECKE	Strauchreihe	klassisch	de	2	user:cwr
EMU	Straußenvogel	klassisch	de	2	user:cwr
FLEISS	strebsames unermüdliches Arbeiten	klassisch	de	2	user:cwr
ETAPPE	Streckenabschnitt	klassisch	de	2	user:cwr
CELLO	Streichbass	klassisch	de	2	user:cwr
ZWIST	Streit	klassisch	de	2	user:cwr
VEGANER	strenger Vegetarier	klassisch	de	2	user:cwr
SEIL	Strick	klassisch	de	2	user:cwr
SEILE	Stricke, Taue	klassisch	de	2	user:cwr
BENI	Strom d. Bolivien	klassisch	de	2	user:cwr
ELBE	Strom d. Hamburg	klassisch	de	2	user:cwr
AMUR	Strom durch Sibirien	klassisch	de	2	user:cwr
ADER	Strom führender Leiter in Kabeln	klassisch	de	2	user:cwr
NIL	Strom in Ägypten	klassisch	de	2	user:cwr
NIL	Strom in Ostafrika	klassisch	de	2	user:cwr
OB	Strom in Sibirien	klassisch	de	2	user:cwr
OKA	Strom in Sibirien	klassisch	de	2	user:cwr
NIL	Strom ins Mittelmeer	klassisch	de	2	user:cwr
AMU	Strom zum Aral-See	klassisch	de	2	user:cwr
KET	Strom zum Ob	klassisch	de	2	user:cwr
TISZA	Strom zur Donau	klassisch	de	2	user:cwr
ELBE	Strom zur Nordsee	klassisch	de	2	user:cwr
KOLLEKTOR	Stromabnehmer	klassisch	de	2	user:cwr
ELEKTRODE	Stromkontakt	klassisch	de	2	user:cwr
ERDUNG	Stromsicherung	klassisch	de	2	user:cwr
AKKU	Stromspeicher	klassisch	de	2	user:cwr
SR	Strontium (Afk.)	klassisch	de	2	user:cwr
SOG	Strudelwirkung	klassisch	de	2	user:cwr
ANATOMIE	Struktur, Aufbau	klassisch	de	2	user:cwr
ANTEIL	Stück Mitbesitz	klassisch	de	2	user:cwr
ASTA	Studentenausschuss	klassisch	de	2	user:cwr
BWL	Studienfach (Abk.)	klassisch	de	2	user:cwr
ETAGERE	Stufengestell	klassisch	de	2	user:cwr
ESKALATION	stufenweise Steigerung	klassisch	de	2	user:cwr
OLIV	stumpfes bräunliches Gelbgrün	klassisch	de	2	user:cwr
STREBE	Stützholz	klassisch	de	2	user:cwr
GEL	Stylingprodukt für die Haare	klassisch	de	2	user:cwr
REN	subarktischer Hirsch	klassisch	de	2	user:cwr
PUNK	Subkultur (Eng.)	klassisch	de	2	user:cwr
DNS	Substanz der Gene	klassisch	de	2	user:cwr
DNA	Substanz der Gene (engl. Abk.)	klassisch	de	2	user:cwr
ABZUG	Subtraktion	klassisch	de	2	user:cwr
SEO	Suchranking (Afk.)	klassisch	de	2	user:cwr
DROGE	Sucht-, Rauschmittel	klassisch	de	2	user:cwr
KARRU	südafrikan. Trockensteppe	klassisch	de	2	user:cwr
OCA	südam. Knolle	klassisch	de	2	user:cwr
ANI	südam. Kuckuck	klassisch	de	2	user:cwr
BOLERO	südam. Volkstanz	klassisch	de	2	user:cwr
CHILE	südamerik. Staat	klassisch	de	2	user:cwr
ANI	südamerikan. Kuckuck	klassisch	de	2	user:cwr
MATE	südamerikanischer Tee	klassisch	de	2	user:cwr
ALPAKA	südamerikanisches Haustier	klassisch	de	2	user:cwr
NUER	sudanesischer Volksstamm	klassisch	de	2	user:cwr
ASRA	südarab. Volk	klassisch	de	2	user:cwr
BUB	südd. Junge	klassisch	de	2	user:cwr
EGART	süddeutsch: Grasland	klassisch	de	2	user:cwr
ERN	süddeutsch: Hausflur	klassisch	de	2	user:cwr
TRAM	süddeutsch: Straßenbahn	klassisch	de	2	user:cwr
BADEN	süddeutsche Landschaft	klassisch	de	2	user:cwr
EGART	süddt.: Grasland	klassisch	de	2	user:cwr
ERN	süddt.: Hausflur	klassisch	de	2	user:cwr
GANT	süddt.: Konkurs	klassisch	de	2	user:cwr
KLAPF	süddt.: Ohrfeige	klassisch	de	2	user:cwr
DOWNS	südengl. Landschaft (Kreide)	klassisch	de	2	user:cwr
AVON	südenglische Grafschaft	klassisch	de	2	user:cwr
VAR	südfranz. Departement	klassisch	de	2	user:cwr
ZITRONE	Südfrucht	klassisch	de	2	user:cwr
KIWI	Südfrucht	klassisch	de	2	user:cwr
BARI	südital. Hafen an der Adria	klassisch	de	2	user:cwr
SE	Südost (Afk.)	klassisch	de	2	user:cwr
THAI	Südostasiat	klassisch	de	2	user:cwr
SERBE	Südslawe	klassisch	de	2	user:cwr
SERBIN	Südslawin	klassisch	de	2	user:cwr
SSO	Südsüdost (Abk.)	klassisch	de	2	user:cwr
ALB	südt. Höhenzug	klassisch	de	2	user:cwr
DOLOMITEN	Südtiroler Bergmassiv	klassisch	de	2	user:cwr
HERERO	südwestafrik. Hirtenvolk der Bantu	klassisch	de	2	user:cwr
BUSSE	Sühne	klassisch	de	2	user:cwr
OMAN	Sultanat	klassisch	de	2	user:cwr
SERAIL	Sultanspalast	klassisch	de	2	user:cwr
MOOR	Sumpf	klassisch	de	2	user:cwr
BINSE	Sumpfgras zum Flechten	klassisch	de	2	user:cwr
AU	Sumpfwiese	klassisch	de	2	user:cwr
KNORR	Suppenmarke	klassisch	de	2	user:cwr
LIKOERE	süße Schnäpse	klassisch	de	2	user:cwr
GELEE	süßer Brotaufstrich	klassisch	de	2	user:cwr
KUCHEN	süßes Backwerk	klassisch	de	2	user:cwr
BATATE	Süßkartoffel	klassisch	de	2	user:cwr
ICON	Symbol (EDV)	klassisch	de	2	user:cwr
ICON	Symbol (Eng.)	klassisch	de	2	user:cwr
PSI	Symbol für Parapsychologisches	klassisch	de	2	user:cwr
HASE	Symboltier des Osterfestes	klassisch	de	2	user:cwr
LSD	synthetische Droge (Abk.)	klassisch	de	2	user:cwr
BUNA	synthetisches Gummi	klassisch	de	2	user:cwr
VERWEIS	Tadel	klassisch	de	2	user:cwr
MAHNEN	tadeln, predigen	klassisch	de	2	user:cwr
BLOGS	tagebuchartige Webseiten (Kw.)	klassisch	de	2	user:cwr
ABEND	Tagesende	klassisch	de	2	user:cwr
MITTAG	Tageszeit	klassisch	de	2	user:cwr
PIETAET	taktvolle Rücksichtnahme	klassisch	de	2	user:cwr
BEGABT	talentiert, befähigt	klassisch	de	2	user:cwr
UNBEGABT	talentlos	klassisch	de	2	user:cwr
AMULETT	Talisman	klassisch	de	2	user:cwr
FLIRT	Tändelei (Eng.)	klassisch	de	2	user:cwr
TAN	Tangens (Afk.)	klassisch	de	2	user:cwr
TA	Tantal (Afk.)	klassisch	de	2	user:cwr
EMMA	Tante-…-Laden	klassisch	de	2	user:cwr
REIGEN	Tanz in der Reihe	klassisch	de	2	user:cwr
FOLIA	Tanz und Gesang der Kanaren	klassisch	de	2	user:cwr
PAS	Tanzschritt	klassisch	de	2	user:cwr
PAS	Tanzschritt (franz.)	klassisch	de	2	user:cwr
BAHN	Tapetenstreifen	klassisch	de	2	user:cwr
MUT	Tapferkeit	klassisch	de	2	user:cwr
PLUMP	Tapsig	klassisch	de	2	user:cwr
ENTER	Taste am PC	klassisch	de	2	user:cwr
TABULATOR	Taste der Schreibmaschine	klassisch	de	2	user:cwr
ANSCHLAG	Tastendruck b. Klavierspielen	klassisch	de	2	user:cwr
PIANO	Tasteninstrument	klassisch	de	2	user:cwr
VERB	Tätigkeitswort	klassisch	de	2	user:cwr
FAKT	Tatsache	klassisch	de	2	user:cwr
FAKT	Tatsache, Tatbestand	klassisch	de	2	user:cwr
FAKTEN	Tatsachen	klassisch	de	2	user:cwr
IST	tatsächlicher Bestand	klassisch	de	2	user:cwr
FAKT	tatsächliches Ereignis	klassisch	de	2	user:cwr
ALIBI	Tatzeitbeweis	klassisch	de	2	user:cwr
PATE	Taufzeuge	klassisch	de	2	user:cwr
PATIN	Taufzeugin	klassisch	de	2	user:cwr
EIGNUNG	Tauglichkeit	klassisch	de	2	user:cwr
TORKEL	Taumel	klassisch	de	2	user:cwr
ATTRAPPE	Täuschkörper	klassisch	de	2	user:cwr
TRUG	Täuschung	klassisch	de	2	user:cwr
LIST	Täuschung	klassisch	de	2	user:cwr
LUG	Täuschung	klassisch	de	2	user:cwr
CAB	Taxi in England	klassisch	de	2	user:cwr
GEEK	Technik-, Computerfreak (Jargon)	klassisch	de	2	user:cwr
ING	Techniker (Abk.)	klassisch	de	2	user:cwr
KANNE	Teegefäß	klassisch	de	2	user:cwr
ANILIN	Teerfarbstoff	klassisch	de	2	user:cwr
IBN	Teil arabischer Namen	klassisch	de	2	user:cwr
AEGAEIS	Teil d. Mittelmeers	klassisch	de	2	user:cwr
STR	Teil der Adresse (Abk.)	klassisch	de	2	user:cwr
LEDERHOSE	Teil der alpenländischen Tracht	klassisch	de	2	user:cwr
NT	Teil der Bibel (Abk.)	klassisch	de	2	user:cwr
GESTELL	Teil der Brille	klassisch	de	2	user:cwr
ESCAPE	Teil der Computertastatur	klassisch	de	2	user:cwr
FINGER	Teil der Hand	klassisch	de	2	user:cwr
GLIED	Teil der Kette	klassisch	de	2	user:cwr
SPUELE	Teil der Kücheneinrichtung	klassisch	de	2	user:cwr
HUELSE	Teil der Patrone	klassisch	de	2	user:cwr
TENNE	Teil der Scheune	klassisch	de	2	user:cwr
GEWINDE	Teil der Schraube	klassisch	de	2	user:cwr
TASTE	Teil der Schreibmaschine	klassisch	de	2	user:cwr
DUESE	Teil der Spritzpistole	klassisch	de	2	user:cwr
STUFE	Teil der Treppe	klassisch	de	2	user:cwr
TAG	Teil der Woche	klassisch	de	2	user:cwr
LINSE	Teil des Auges	klassisch	de	2	user:cwr
AST	Teil des Baumes	klassisch	de	2	user:cwr
SCHENKEL	Teil des Beines	klassisch	de	2	user:cwr
KNIE	Teil des Beins	klassisch	de	2	user:cwr
ZAEHLER	Teil des Bruches (Dividend)	klassisch	de	2	user:cwr
NENNER	Teil des Bruchs, Divisor	klassisch	de	2	user:cwr
AKT	Teil des Dramas	klassisch	de	2	user:cwr
JUMP	Teil des Dreisprung	klassisch	de	2	user:cwr
GABEL	Teil des Fahrradrahmens	klassisch	de	2	user:cwr
NAGEL	Teil des Fingers	klassisch	de	2	user:cwr
GRAETE	Teil des Fischskeletts	klassisch	de	2	user:cwr
NETZ	Teil des Fußballtors	klassisch	de	2	user:cwr
NASE	Teil des Gesichts	klassisch	de	2	user:cwr
LAUF	Teil des Gewehres	klassisch	de	2	user:cwr
ARMEE	Teil des Heeres	klassisch	de	2	user:cwr
ROTOR	Teil des Hubschraubers	klassisch	de	2	user:cwr
EIGELB	Teil des Hühnereis	klassisch	de	2	user:cwr
OHR	Teil des Kopfes	klassisch	de	2	user:cwr
OP	Teil des Krankenhauses (Abk.)	klassisch	de	2	user:cwr
SUPPE	Teil des Menüs	klassisch	de	2	user:cwr
SCHNEIDE	Teil des Messers	klassisch	de	2	user:cwr
OKULAR	Teil des Mikroskops	klassisch	de	2	user:cwr
OBERLIPPE	Teil des Mundes	klassisch	de	2	user:cwr
HUF	Teil des Pferdefußes	klassisch	de	2	user:cwr
TONARM	Teil des Plattenspielers	klassisch	de	2	user:cwr
ARDEY	Teil des Sauerlandes	klassisch	de	2	user:cwr
EIZAHN	Teil des Schnabels junger Vögel	klassisch	de	2	user:cwr
TRIBUENE	Teil des Stadions	klassisch	de	2	user:cwr
STUNDE	Teil des Tages	klassisch	de	2	user:cwr
HOERER	Teil des Telefons	klassisch	de	2	user:cwr
RIET	Teil des Webstuhls	klassisch	de	2	user:cwr
REBE	Teil des Weinstocks	klassisch	de	2	user:cwr
SILBE	Teil des Wortes	klassisch	de	2	user:cwr
PELHAM	Teil des Zaumzeugs	klassisch	de	2	user:cwr
GLIED	Teil einer Kette	klassisch	de	2	user:cwr
SEITE	Teil eines Buches	klassisch	de	2	user:cwr
AKT	Teil eines Bühnenstücks	klassisch	de	2	user:cwr
AKT	Teil eines Dramas	klassisch	de	2	user:cwr
BAUMSTAMM	Teil großer Holzgewächse	klassisch	de	2	user:cwr
UNRUH	Teil mechanischer Uhren	klassisch	de	2	user:cwr
MAC	Teil schott. Namen	klassisch	de	2	user:cwr
FAQ	Teil vieler Webseiten (engl. Abk.)	klassisch	de	2	user:cwr
ABSCHNITT	Teilbereich	klassisch	de	2	user:cwr
RATE	Teilbetrag	klassisch	de	2	user:cwr
TAGE	Teile der Woche	klassisch	de	2	user:cwr
KI	Teilgebiet der Informatik (Abk.)	klassisch	de	2	user:cwr
ETAPPE	Teilstrecke	klassisch	de	2	user:cwr
ETAPPE	Teilstrecke (Wande rung)	klassisch	de	2	user:cwr
DRITTEL	Teilstück bei drei	klassisch	de	2	user:cwr
OSTUFER	Teilstück vom Rand eines Sees	klassisch	de	2	user:cwr
RATE	Teilzahlungsbetrag	klassisch	de	2	user:cwr
TED	Teledialog (Kw.)	klassisch	de	2	user:cwr
SIM	Telefonchip (Afk.)	klassisch	de	2	user:cwr
FAX	Telekopie	klassisch	de	2	user:cwr
WAT	Tempel Thailand	klassisch	de	2	user:cwr
CELLA	Tempelinnenraum	klassisch	de	2	user:cwr
KMH	Tempomaß (Abk.)	klassisch	de	2	user:cwr
LET	Tennisbegriff	klassisch	de	2	user:cwr
VORHAND	Tennisbegriff	klassisch	de	2	user:cwr
SCHETT	Tennisprofi der 1990/ 2000er (Barbara)	klassisch	de	2	user:cwr
ATP	Tennisverband	klassisch	de	2	user:cwr
ATP	Tennisverband (Abk.)	klassisch	de	2	user:cwr
GELAENDE	Terrain	klassisch	de	2	user:cwr
ITEM	Test-, Fragepunkt	klassisch	de	2	user:cwr
URIAN	Teufel	klassisch	de	2	user:cwr
KAVIAR	teures Lebensmittel, Luxusgut	klassisch	de	2	user:cwr
STICKER	Textilberuf	klassisch	de	2	user:cwr
WEBEREI	Textilbetrieb	klassisch	de	2	user:cwr
GEWEBE	Textilerzeugnis	klassisch	de	2	user:cwr
ZEILE	Textreihe	klassisch	de	2	user:cwr
KOSAMUI	thailänd. Ferieninsel (2 Wörter)	klassisch	de	2	user:cwr
LOGE	Theaterplatz	klassisch	de	2	user:cwr
KRONERBE	Thronfolger	klassisch	de	2	user:cwr
ERBIN	Thronfolgerin	klassisch	de	2	user:cwr
SHERPA	tibet. Lastenträger	klassisch	de	2	user:cwr
LAMA	tibet. Mönch	klassisch	de	2	user:cwr
KIANG	tibet. Wildesel	klassisch	de	2	user:cwr
GOA	Tibetgazelle	klassisch	de	2	user:cwr
RADIKAL	tief greifend, extrem	klassisch	de	2	user:cwr
DIORIT	Tiefengestein	klassisch	de	2	user:cwr
UNTER	tiefer gelegen	klassisch	de	2	user:cwr
GEBRUMM	tiefer Laut des Bären	klassisch	de	2	user:cwr
NEBEL	tiefste Wolkenbildung	klassisch	de	2	user:cwr
HUND	Tier der Bremer Stadtmusikanten	klassisch	de	2	user:cwr
NEST	Tierbehausung	klassisch	de	2	user:cwr
MIST	Tierdung	klassisch	de	2	user:cwr
ZOO	Tiergarten	klassisch	de	2	user:cwr
HERDE	Tiergruppe	klassisch	de	2	user:cwr
AAS	Tierkadaver	klassisch	de	2	user:cwr
OHRMARKE	Tierkennzeichen	klassisch	de	2	user:cwr
STIER	Tierkreiszeichen	klassisch	de	2	user:cwr
MAUL	Tiermund	klassisch	de	2	user:cwr
WURF	Tiernachwuchs	klassisch	de	2	user:cwr
FRASS	Tiernahrung	klassisch	de	2	user:cwr
ZOOS	Tierparks	klassisch	de	2	user:cwr
HEGE	Tierpflege	klassisch	de	2	user:cwr
EI	Tierprodukt	klassisch	de	2	user:cwr
STALL	Tierunterkunft	klassisch	de	2	user:cwr
GIFT	Tierwaffe	klassisch	de	2	user:cwr
DRACHE	Tierzeichen im chin. Horoskop	klassisch	de	2	user:cwr
RAT	Tipp	klassisch	de	2	user:cwr
MAYR	Tirol. Freiheitsheld (Peter, † 1810)	klassisch	de	2	user:cwr
RUTIL	Titanerz	klassisch	de	2	user:cwr
FUERST	Titel des hohen Adels	klassisch	de	2	user:cwr
UI	Titelfigur bei Brecht	klassisch	de	2	user:cwr
UI	Titelfigur bei Brecht (Arturo ...)	klassisch	de	2	user:cwr
EYRE	Titelfigur der Brontë † (‚Jane...‘)	klassisch	de	2	user:cwr
ANREDE	Titulierung	klassisch	de	2	user:cwr
INO	Tochter des Kadmos (Sage)	klassisch	de	2	user:cwr
AMOK	Todeslauf	klassisch	de	2	user:cwr
LETAL	tödlich	klassisch	de	2	user:cwr
WC	Toilette (Afk.)	klassisch	de	2	user:cwr
LASSEN	tolerieren, dulden	klassisch	de	2	user:cwr
WILD	toll	klassisch	de	2	user:cwr
SULA	Tölpelvogel	klassisch	de	2	user:cwr
RE	Ton nach Do	klassisch	de	2	user:cwr
HMOLL	Tonart	klassisch	de	2	user:cwr
LEHM	Tonboden	klassisch	de	2	user:cwr
BOL	Tonerde	klassisch	de	2	user:cwr
ATA	Tongainsel	klassisch	de	2	user:cwr
MOLL	Tongeschlecht	klassisch	de	2	user:cwr
DUR	Tongeschlecht	klassisch	de	2	user:cwr
DUR	Tongeschlecht hell	klassisch	de	2	user:cwr
SAENGERIN	Tonkünstlerin	klassisch	de	2	user:cwr
FASS	Tonne	klassisch	de	2	user:cwr
KLEI	tonreicher Marschboden	klassisch	de	2	user:cwr
FA	Tonstufe	klassisch	de	2	user:cwr
CD	Tonträger (Afk.)	klassisch	de	2	user:cwr
NOTE	Tonzeichen	klassisch	de	2	user:cwr
HIT	Topsong (Eng.)	klassisch	de	2	user:cwr
NARR	Tor	klassisch	de	2	user:cwr
CHIANTI	Toskanischer Wein	klassisch	de	2	user:cwr
LEBLOS	tot oder wie tot	klassisch	de	2	user:cwr
HIP	total in Mode (ugs.)	klassisch	de	2	user:cwr
SARG	Totenschrein	klassisch	de	2	user:cwr
WALCHSEE	Touristenort im Tiroler Unterland	klassisch	de	2	user:cwr
UEBEN	trainieren	klassisch	de	2	user:cwr
TTIP	transatlant. Freihandelsabkommen	klassisch	de	2	user:cwr
LORE	Transportwagen im Bergbau	klassisch	de	2	user:cwr
TAMTAM	Trara	klassisch	de	2	user:cwr
LESE	Traubenernte	klassisch	de	2	user:cwr
GLUKOSE	Traubenzucker	klassisch	de	2	user:cwr
TRIST	traurig, freudlos	klassisch	de	2	user:cwr
MUT	Traute, Tapferkeit	klassisch	de	2	user:cwr
MEETING	Treffen	klassisch	de	2	user:cwr
TANK	Treibstoffbehälter	klassisch	de	2	user:cwr
TOB	Trendfrisur 2019	klassisch	de	2	user:cwr
THEKE	Tresen	klassisch	de	2	user:cwr
CLOU	Trick	klassisch	de	2	user:cwr
DRANG	Trieb	klassisch	de	2	user:cwr
SEKANS	trigonometrische Funktion (sec)	klassisch	de	2	user:cwr
ATTO	Trillionstel Teil	klassisch	de	2	user:cwr
DURST	Trinkbedürfnis	klassisch	de	2	user:cwr
KAKAO	Trinkschokolade	klassisch	de	2	user:cwr
TOAST	Trinkspruch	klassisch	de	2	user:cwr
SIEG	Triumph	klassisch	de	2	user:cwr
DROEGE	trocken	klassisch	de	2	user:cwr
DRY	trocken (bei Spirituosen)	klassisch	de	2	user:cwr
SPROEDE	trocken, brüchig	klassisch	de	2	user:cwr
DRY	Trocken (Eng.)	klassisch	de	2	user:cwr
KEKSE	trockene Backwaren	klassisch	de	2	user:cwr
GEEST	trockenes Küstenland	klassisch	de	2	user:cwr
HEU	Trockengras	klassisch	de	2	user:cwr
AENEAS	Trojanerheld	klassisch	de	2	user:cwr
AGAVEN	trop. Pflanzen	klassisch	de	2	user:cwr
MANIOK	trop. Stärkeknolle	klassisch	de	2	user:cwr
ANANAS	Tropenfrucht	klassisch	de	2	user:cwr
TEAK	Tropenholz	klassisch	de	2	user:cwr
TEE	Tropenstrauch	klassisch	de	2	user:cwr
TAU	Tröpfchenbildung im Gras	klassisch	de	2	user:cwr
LEGUAN	tropische Baumeidechse	klassisch	de	2	user:cwr
SKINK	tropische Echse	klassisch	de	2	user:cwr
PAPAYA	tropische Frucht	klassisch	de	2	user:cwr
SKINKE	tropische Glattechsen	klassisch	de	2	user:cwr
ERDNUSS	tropische Hülsenfrucht	klassisch	de	2	user:cwr
GRAU	trostlos	klassisch	de	2	user:cwr
OED	trostlos	klassisch	de	2	user:cwr
TRIST	trostlos, traurig	klassisch	de	2	user:cwr
OEDE	Trostlosigkeit	klassisch	de	2	user:cwr
DEPP	Trottel	klassisch	de	2	user:cwr
ABER	trotzdem	klassisch	de	2	user:cwr
LUG	Trug	klassisch	de	2	user:cwr
ATOUT	Trumpf im Kartenspiel	klassisch	de	2	user:cwr
TETE	Truppenspitze (franz.)	klassisch	de	2	user:cwr
ARMEE	Truppenverband	klassisch	de	2	user:cwr
PARADE	Truppenvorbeimarsch	klassisch	de	2	user:cwr
PUTE	Truthenne	klassisch	de	2	user:cwr
JIRI	tschech. Männername (Georg)	klassisch	de	2	user:cwr
KLINKE	Türgriff	klassisch	de	2	user:cwr
RAKI	türk. Anisbranntwein	klassisch	de	2	user:cwr
BOEREK	türk. Pastete	klassisch	de	2	user:cwr
LAR	Türk. Pluralsuffix	klassisch	de	2	user:cwr
USAK	türk. Stadt	klassisch	de	2	user:cwr
OSMANE	Türke	klassisch	de	2	user:cwr
PFERD	Turngerät	klassisch	de	2	user:cwr
AMAZONE	Turnierreiterin	klassisch	de	2	user:cwr
RIEGE	Turnmannschaft	klassisch	de	2	user:cwr
ROLLE	Turnübung	klassisch	de	2	user:cwr
KEIL	Türstopper	klassisch	de	2	user:cwr
VERB	Tuwort	klassisch	de	2	user:cwr
ALF	TV-Außerirdischer	klassisch	de	2	user:cwr
KAMERAMANN	TV-Beruf	klassisch	de	2	user:cwr
EGNER	TV-Moderator	klassisch	de	2	user:cwr
RTL	TV-Sender	klassisch	de	2	user:cwr
ARTE	TV-Sender	klassisch	de	2	user:cwr
VICE	TV-Serie d. 1980er ('Miami ...')	klassisch	de	2	user:cwr
KLIMBIM	TVKlamaukserie der 1970er	klassisch	de	2	user:cwr
SERIFE	typogr. Begriff	klassisch	de	2	user:cwr
METRO	U-Bahn	klassisch	de	2	user:cwr
ALLSEITS	überall	klassisch	de	2	user:cwr
STRAPAZE	Überanstrengung	klassisch	de	2	user:cwr
GRATIN	überbackene Speise	klassisch	de	2	user:cwr
REST	Überbleibsel	klassisch	de	2	user:cwr
BOTE	Überbringer	klassisch	de	2	user:cwr
VERANDA	überdachter Hausvorbau	klassisch	de	2	user:cwr
ALLERGIE	Überempfindlichkeit	klassisch	de	2	user:cwr
DICK	übergewichtig	klassisch	de	2	user:cwr
HEILFROH	überglücklich	klassisch	de	2	user:cwr
ARROGANT	überheblich, blasiert	klassisch	de	2	user:cwr
SPAREN	überlegt haushalten	klassisch	de	2	user:cwr
GEDANKE	Überlegung	klassisch	de	2	user:cwr
SAGE	überlieferte Erzählung	klassisch	de	2	user:cwr
GOTT	übermenschliches Wesen	klassisch	de	2	user:cwr
TESTEN	überprüfen	klassisch	de	2	user:cwr
TABELLE	Übersichtsliste	klassisch	de	2	user:cwr
FRANSE	überstehender Faden	klassisch	de	2	user:cwr
EXTREM	übertrieben, äußerst	klassisch	de	2	user:cwr
POMP	übertriebener Prunk	klassisch	de	2	user:cwr
PUTZ	Überzug des Mauerwerks	klassisch	de	2	user:cwr
NORMAL	üblich	klassisch	de	2	user:cwr
NORMAL	üblich, gewöhnlich	klassisch	de	2	user:cwr
STUDIE	Übung, Vorarbeit	klassisch	de	2	user:cwr
ERLE	Uferbaum	klassisch	de	2	user:cwr
KAI	Ufermauer	klassisch	de	2	user:cwr
BAU	ugs.: Arrest	klassisch	de	2	user:cwr
PAP	ugs.: Brei	klassisch	de	2	user:cwr
EUMEL	ugs.: Dummkopf	klassisch	de	2	user:cwr
NEN	ugs.: einen	klassisch	de	2	user:cwr
KIES	ugs.: Geld	klassisch	de	2	user:cwr
DREHE	ugs.: Kunstgriffe	klassisch	de	2	user:cwr
MALNEHMEN	ugs.: multiplizieren	klassisch	de	2	user:cwr
UZ	ugs.: Neckerei	klassisch	de	2	user:cwr
NEE	ugs.: nein	klassisch	de	2	user:cwr
EXEN	ugs.: von der Schule werfen	klassisch	de	2	user:cwr
FRAGEN	um Antwort bitten	klassisch	de	2	user:cwr
GLUTAMAT	Umami-Salz	klassisch	de	2	user:cwr
GESAMT	umfassend, total	klassisch	de	2	user:cwr
GEHEGE	umfriedeter Raum für Wildtiere	klassisch	de	2	user:cwr
UMWELT	Umgebung, Ambiente	klassisch	de	2	user:cwr
UMWELT	Umgebung eines Lebewesens	klassisch	de	2	user:cwr
WENDE	Umkehr, Drehung	klassisch	de	2	user:cwr
AE	Umlaut	klassisch	de	2	user:cwr
NATUR	Umwelt	klassisch	de	2	user:cwr
OEKO	umweltbewusst (Afk.)	klassisch	de	2	user:cwr
OEKO	umweltfreundlich	klassisch	de	2	user:cwr
FSC	Umweltzertifikat für Holz (Abk.)	klassisch	de	2	user:cwr
FREI	unabhängig	klassisch	de	2	user:cwr
GRELL	unangenehm hell	klassisch	de	2	user:cwr
ZOTE	unanständiger Witz	klassisch	de	2	user:cwr
EKELIG	unappetitlich	klassisch	de	2	user:cwr
ENDLOS	unaufhörlich	klassisch	de	2	user:cwr
ENDLOS	unaufhörlich, unbegrenzt	klassisch	de	2	user:cwr
BRACH	unbebaut (Acker)	klassisch	de	2	user:cwr
UFO	unbekanntes Flugobjekt	klassisch	de	2	user:cwr
UFO	unbekanntes Flugobjekt (Abk.)	klassisch	de	2	user:cwr
NACKT	unbekleidet	klassisch	de	2	user:cwr
NEU	Unbenutzt	klassisch	de	2	user:cwr
INTEGER	unbescholten	klassisch	de	2	user:cwr
EINE	unbest. Artikel	klassisch	de	2	user:cwr
VAGE	Unbestimmt	klassisch	de	2	user:cwr
EIN	unbestimmter Artikel	klassisch	de	2	user:cwr
EINE	unbestimmter Artikel	klassisch	de	2	user:cwr
EHERN	unbeugsam	klassisch	de	2	user:cwr
REGLOS	unbeweglich	klassisch	de	2	user:cwr
STARR	unbeweglich	klassisch	de	2	user:cwr
WEISS	unbunte Farbe	klassisch	de	2	user:cwr
HAB	... und Gut	klassisch	de	2	user:cwr
HIN	… und her	klassisch	de	2	user:cwr
ETC	und so weiter (lat. Abk.)	klassisch	de	2	user:cwr
LALLEN	undeutlich sprechen	klassisch	de	2	user:cwr
AHNUNG	undeutliches dunkles Vorgefühl	klassisch	de	2	user:cwr
TALMI	Unechtes	klassisch	de	2	user:cwr
STUR	uneinsichtig	klassisch	de	2	user:cwr
REMIS	unentschieden beim Schach	klassisch	de	2	user:cwr
RIGOROS	unerbittlich, streng	klassisch	de	2	user:cwr
HAERTE	Unerbittlichkeit	klassisch	de	2	user:cwr
EPO	unerlaubt. Dopingmittel (Abk.)	klassisch	de	2	user:cwr
TAUB	unfähig zu hören	klassisch	de	2	user:cwr
ORDINAER	unfein, vulgär	klassisch	de	2	user:cwr
WUESTE	unfruchtbare Region	klassisch	de	2	user:cwr
NAGY	ungar. Filmstar †	klassisch	de	2	user:cwr
ILONA	ungar. Frauenname (Helena)	klassisch	de	2	user:cwr
FERENC	ungar. Männername (Franz)	klassisch	de	2	user:cwr
IMRE	ungar. männl. Vorname	klassisch	de	2	user:cwr
NEU	ungebraucht	klassisch	de	2	user:cwr
FREI	ungebunden	klassisch	de	2	user:cwr
FREI	ungebunden, unbesetzt	klassisch	de	2	user:cwr
NU	Ungeduldsruf	klassisch	de	2	user:cwr
HARMLOS	ungefährlich	klassisch	de	2	user:cwr
AMORPH	ungeformt	klassisch	de	2	user:cwr
ROH	ungekocht	klassisch	de	2	user:cwr
KLAR	ungetrübt	klassisch	de	2	user:cwr
ORIGINAL	ungewöhnlicher Mensch	klassisch	de	2	user:cwr
FLOH	Ungeziefertier	klassisch	de	2	user:cwr
NATTER	ungiftige Schlange	klassisch	de	2	user:cwr
INEGAL	ungleich	klassisch	de	2	user:cwr
PECH	Unglück	klassisch	de	2	user:cwr
PECH	Unglück, Missgeschick	klassisch	de	2	user:cwr
DROHEN	Unheil ankündigen	klassisch	de	2	user:cwr
GENT	UniStadt in Belgien	klassisch	de	2	user:cwr
ALL	Universum, Weltraum	klassisch	de	2	user:cwr
OUT	unmodern	klassisch	de	2	user:cwr
STUR	unnachgiebig	klassisch	de	2	user:cwr
STRENG	unnachgiebig, rigoros	klassisch	de	2	user:cwr
STRENG	unnachsichtig, hart	klassisch	de	2	user:cwr
UMWEG	unnötig längere Strecke	klassisch	de	2	user:cwr
EHRLOS	unredlich, verächtlich	klassisch	de	2	user:cwr
HAST	unruhiges Voranmachen	klassisch	de	2	user:cwr
EIERN	unrund laufen (ugs.)	klassisch	de	2	user:cwr
EIERN	unrund rotieren	klassisch	de	2	user:cwr
ERDE	Unser Heimatplanet	klassisch	de	2	user:cwr
ERDE	unser Planet	klassisch	de	2	user:cwr
SONNE	unser Zentralgestirn	klassisch	de	2	user:cwr
WELT	unsere Erde	klassisch	de	2	user:cwr
ASOZIAL	unsolidarisch	klassisch	de	2	user:cwr
UNFAIR	unsportlich	klassisch	de	2	user:cwr
EINIG	unstrittig	klassisch	de	2	user:cwr
ELLE	Unterarmknochen	klassisch	de	2	user:cwr
TUNNEL	Unterführung	klassisch	de	2	user:cwr
KELLER	Untergeschoss	klassisch	de	2	user:cwr
GAENGE	unterirdische Laufwege	klassisch	de	2	user:cwr
TUNNEL	unterirdischer Weg	klassisch	de	2	user:cwr
RASTHAUS	Unterkunft	klassisch	de	2	user:cwr
KG	Unternehmensform	klassisch	de	2	user:cwr
GBR	Unternehmensform (Abk.)	klassisch	de	2	user:cwr
LEHREN	unterrichten	klassisch	de	2	user:cwr
PAUSE	Unterrichtsunterbrechung	klassisch	de	2	user:cwr
ANDERS	unterschiedlich	klassisch	de	2	user:cwr
GEDRUNGEN	untersetzt	klassisch	de	2	user:cwr
FOERDERN	unterstützen	klassisch	de	2	user:cwr
STAB	unterstützende Expertenrunde	klassisch	de	2	user:cwr
SLIP	Unterwäschestück	klassisch	de	2	user:cwr
RIFFE	Unterwasserfelsen (Mz.)	klassisch	de	2	user:cwr
GERADE	unverbogen	klassisch	de	2	user:cwr
PUR	unverdünnt	klassisch	de	2	user:cwr
LEDIG	unverheiratet	klassisch	de	2	user:cwr
LEDIGE	Unverheiratete	klassisch	de	2	user:cwr
HEIL	unverletzt	klassisch	de	2	user:cwr
DREIST	unverschämt	klassisch	de	2	user:cwr
LUEGE	Unwahrheit, falsche Aussage	klassisch	de	2	user:cwr
ABWEGIG	unwahrscheinlich	klassisch	de	2	user:cwr
NAH	unweit	klassisch	de	2	user:cwr
ERDNAH	unweit v. unserem Planeten entfernt	klassisch	de	2	user:cwr
DUMM	unwissend, ungebildet	klassisch	de	2	user:cwr
IN	up to date	klassisch	de	2	user:cwr
IN	up to date, modern	klassisch	de	2	user:cwr
STADT	Urbaner Ort	klassisch	de	2	user:cwr
AINU	Ureinwohner Japans	klassisch	de	2	user:cwr
MAORI	Ureinwohner Neuseelands	klassisch	de	2	user:cwr
ONA	Ureinwohner Patagoniens	klassisch	de	2	user:cwr
KURARE	Ureinw.pfeilgift	klassisch	de	2	user:cwr
UROMA	Urgroßmutter	klassisch	de	2	user:cwr
UROPA	Urgroßvater	klassisch	de	2	user:cwr
TAO	Urgrund des Seins (chin. Philos.)	klassisch	de	2	user:cwr
COPYRIGHT	Urheberrecht (engl.)	klassisch	de	2	user:cwr
BREVET	Urkunde (franz.)	klassisch	de	2	user:cwr
EGG	Urlaubsort im Bregenzerwald	klassisch	de	2	user:cwr
WAHL	Urnengang	klassisch	de	2	user:cwr
ORIGINAL	Urschrift	klassisch	de	2	user:cwr
AUTOGEN	ursprünglich, selbsttätig	klassisch	de	2	user:cwr
KEIM	Ursprungszelle	klassisch	de	2	user:cwr
AMOEBE	Urtierchen	klassisch	de	2	user:cwr
ADAM	Urvater	klassisch	de	2	user:cwr
TAPIR	Urwaldhuftier	klassisch	de	2	user:cwr
LIANE	Urwaldpflanze	klassisch	de	2	user:cwr
DINO	Urzeit-Echse	klassisch	de	2	user:cwr
TWA	US-Airline	klassisch	de	2	user:cwr
AMI	US-Amerikaner (Kw.)	klassisch	de	2	user:cwr
NIN	US-Autorin † (Anais)	klassisch	de	2	user:cwr
NBA	US-Basketball Liga	klassisch	de	2	user:cwr
NBA	US-Basketball-Liga (Abk.)	klassisch	de	2	user:cwr
GUAM	US-Besitz im Pazifik	klassisch	de	2	user:cwr
FBI	US-Bundeskriminalpolizei (Abk.)	klassisch	de	2	user:cwr
FBI	US-Bundespolizei	klassisch	de	2	user:cwr
OREGON	US-Bundesstaat	klassisch	de	2	user:cwr
OHIO	US-Bundesstaat	klassisch	de	2	user:cwr
DEAN	US-Film-Schauspieler † (James)	klassisch	de	2	user:cwr
ALLEN	US-Filmkomiker (Woody)	klassisch	de	2	user:cwr
MARTIN	US-Filmstar † 1995 (Dean)	klassisch	de	2	user:cwr
EDDIE	US-Filmstar (... Murphy)	klassisch	de	2	user:cwr
OSCAR	US-Filmtrophäe	klassisch	de	2	user:cwr
CLAY	US-General †	klassisch	de	2	user:cwr
EAGLE	US-Goldmünze	klassisch	de	2	user:cwr
ERIE	US-kanadischer Grenzsee	klassisch	de	2	user:cwr
PASO	US-mexikan. Grenzstadt (El)	klassisch	de	2	user:cwr
AFN	US-Militärsender	klassisch	de	2	user:cwr
KIM	US-Model (... Kardashian)	klassisch	de	2	user:cwr
ALPERT	US-Musiker (Herb)	klassisch	de	2	user:cwr
POE	US-Novellist	klassisch	de	2	user:cwr
RICE	US-Politikerin (Condoleezza)	klassisch	de	2	user:cwr
BAKER	US-Revuestar †	klassisch	de	2	user:cwr
MCQUEEN	US-Schauspieler †	klassisch	de	2	user:cwr
GERE	US-Schauspieler	klassisch	de	2	user:cwr
NIRO	US-Schauspieler (De …)	klassisch	de	2	user:cwr
BO	US-Schauspielerin (… Derek)	klassisch	de	2	user:cwr
GARLAND	US-Schauspielerin † (Judy)	klassisch	de	2	user:cwr
STREEP	US-Schauspielerin (Meryl)	klassisch	de	2	user:cwr
POE	US-Schriftsteller † 1849	klassisch	de	2	user:cwr
OWENS	US-Sportler (Jesse) †	klassisch	de	2	user:cwr
CNN	US-TV-Sender	klassisch	de	2	user:cwr
EARP	US-Westernlegende (Wyatt)	klassisch	de	2	user:cwr
IOWA	USAgrarstaat	klassisch	de	2	user:cwr
SUM	usbek. Währung	klassisch	de	2	user:cwr
MONROE	USFilmstar (Marilyn, † 1962)	klassisch	de	2	user:cwr
BRANDO	USFilmstar (Marlon, † 2004)	klassisch	de	2	user:cwr
AL	USFilmstar (... Pacino)	klassisch	de	2	user:cwr
BAEZ	USFolksängerin (Joan)	klassisch	de	2	user:cwr
TLC	USHip-HopGirlgroup	klassisch	de	2	user:cwr
DEPUTY	USPolizist, Hilfssheriff	klassisch	de	2	user:cwr
WARHOL	USPop-ArtKünstler († 1987)	klassisch	de	2	user:cwr
EMINEM	USRapper	klassisch	de	2	user:cwr
WOOD	USSchauspieler (Elijah)	klassisch	de	2	user:cwr
LETO	USSchauspieler (Jared)	klassisch	de	2	user:cwr
DORFF	USSchauspieler (Stephen)	klassisch	de	2	user:cwr
MAGUIRE	USSchauspieler (Tobey)	klassisch	de	2	user:cwr
JUDD	USSchauspielerin (Ashley)	klassisch	de	2	user:cwr
HAWN	USSchauspielerin (Goldie)	klassisch	de	2	user:cwr
LOCKLEAR	USSchauspielerin (Heather)	klassisch	de	2	user:cwr
TEEEI	Utensil für ein Aufgussgetränk	klassisch	de	2	user:cwr
TEESIEB	Utensil für ein Aufgussgetränk	klassisch	de	2	user:cwr
BUERSTE	Utensil zur Haarpflege	klassisch	de	2	user:cwr
NADELN	Utensilien für die Akupunktur	klassisch	de	2	user:cwr
LEERE	Vakuum	klassisch	de	2	user:cwr
ABART	Variante	klassisch	de	2	user:cwr
PAPA	Vater	klassisch	de	2	user:cwr
ISAI	Vater Davids	klassisch	de	2	user:cwr
PAPA	Vater (Kosename)	klassisch	de	2	user:cwr
ELTERN	Vater und Mutter	klassisch	de	2	user:cwr
ADERN	Venen, Blutbahnen	klassisch	de	2	user:cwr
DATE	Verabredung (Eng.)	klassisch	de	2	user:cwr
DATE	Verabredung (engl.)	klassisch	de	2	user:cwr
SEXTA	veralt.: 1. Klasse der Oberschule	klassisch	de	2	user:cwr
STAUF	veralt.: Becher, Kelch	klassisch	de	2	user:cwr
DAROB	veralt.: darüber	klassisch	de	2	user:cwr
BAGAGE	veralt. f. Gepäck	klassisch	de	2	user:cwr
FREIEN	veralt.: heiraten	klassisch	de	2	user:cwr
MUMME	veralt.: Larve	klassisch	de	2	user:cwr
MENSUAL	veralt.: monatlich	klassisch	de	2	user:cwr
NOTA	veralt.: Rechnung	klassisch	de	2	user:cwr
MAERE	veralt.: Sage	klassisch	de	2	user:cwr
LANDSER	veralt.: Soldat	klassisch	de	2	user:cwr
ITZO	veraltet: jetzt	klassisch	de	2	user:cwr
HOBOE	veraltet: Oboe	klassisch	de	2	user:cwr
OHEIM	veraltet: Onkel	klassisch	de	2	user:cwr
KANAPEE	veraltet: Ruhemöbel, Sofa	klassisch	de	2	user:cwr
EIDAM	veraltet: Schwiegersohn	klassisch	de	2	user:cwr
DYN	veraltete Maßeinheit der Kraft	klassisch	de	2	user:cwr
VARIABEL	veränderlich	klassisch	de	2	user:cwr
EVENT	Veranstaltung (engl.)	klassisch	de	2	user:cwr
DTU	Verband d. dt. Triathleten (Abk.)	klassisch	de	2	user:cwr
MULL	Verbandstoff	klassisch	de	2	user:cwr
EXIL	Verbannung	klassisch	de	2	user:cwr
EXIL	Verbannungsort	klassisch	de	2	user:cwr
REFORM	Verbesserung des Bestehenden	klassisch	de	2	user:cwr
DIENER	Verbeugung (von Kindern)	klassisch	de	2	user:cwr
OBLIGO	Verbindlichkeit	klassisch	de	2	user:cwr
NIET	Verbindungsbolzen	klassisch	de	2	user:cwr
WELK	verblüht	klassisch	de	2	user:cwr
LATENT	verborgen	klassisch	de	2	user:cwr
UNTAT	Verbrechen	klassisch	de	2	user:cwr
GANG	Verbrecherbande (engl.)	klassisch	de	2	user:cwr
RUSS	Verbrennungsrückstand	klassisch	de	2	user:cwr
ARD	Verbund dt. TV-Anstalten	klassisch	de	2	user:cwr
DARMTRAKT	Verdauungsweg	klassisch	de	2	user:cwr
PLANE	Verdeck aus Stoff	klassisch	de	2	user:cwr
AIDA	Verdi-Oper	klassisch	de	2	user:cwr
STRUNK	verdickter Stängel beim Kohl	klassisch	de	2	user:cwr
KNOLLE	verdickter Wurzelteil	klassisch	de	2	user:cwr
AIDA	Verdioper	klassisch	de	2	user:cwr
FAN	Verehrer eines Stars	klassisch	de	2	user:cwr
ABMACHEN	Vereinbaren	klassisch	de	2	user:cwr
LOGE	Vereinigung der Freimaurer	klassisch	de	2	user:cwr
HEIM	Vereins-, Klubhaus	klassisch	de	2	user:cwr
TUS	Vereinsname	klassisch	de	2	user:cwr
RUINE	verfallenes Bauwerk	klassisch	de	2	user:cwr
AUTOR	Verfasser	klassisch	de	2	user:cwr
LUKAS	Verfasser des 3. Evangeliums	klassisch	de	2	user:cwr
BUDGET	verfügbares Kapital	klassisch	de	2	user:cwr
BETOEREN	verführen	klassisch	de	2	user:cwr
CIRCE	verführerische Frau	klassisch	de	2	user:cwr
FUN	Vergnügen (engl.)	klassisch	de	2	user:cwr
FROH	vergnügt	klassisch	de	2	user:cwr
LUPE	Vergrößerungsglas	klassisch	de	2	user:cwr
STAHL	vergütetes Eisen	klassisch	de	2	user:cwr
ART	Verhaltensweise	klassisch	de	2	user:cwr
ART	Verhaltensweise, Wesen	klassisch	de	2	user:cwr
UM	Verhältniswort	klassisch	de	2	user:cwr
MIT	Verhältniswort	klassisch	de	2	user:cwr
GEGEN	Verhältniswort, wider	klassisch	de	2	user:cwr
FATAL	verhängnisvoll	klassisch	de	2	user:cwr
SPOTTNAME	verhöhnende Bezeichnung	klassisch	de	2	user:cwr
KIOSK	Verkaufspavillon	klassisch	de	2	user:cwr
HIT	Verkaufsschlager	klassisch	de	2	user:cwr
UBAHN	Verkehrsmittel	klassisch	de	2	user:cwr
SBAHN	Verkehrsmittel (Kw.)	klassisch	de	2	user:cwr
STAU	Verkehrsstockung	klassisch	de	2	user:cwr
BAKE	Verkehrszeichen v. Bahnübergang	klassisch	de	2	user:cwr
KOPPLUNG	Verknüpfung	klassisch	de	2	user:cwr
RUFER	Verkünder	klassisch	de	2	user:cwr
RAMPE	Verladebühne	klassisch	de	2	user:cwr
KRAN	Verlademaschine	klassisch	de	2	user:cwr
LEKTOR	Verlagsredakteur	klassisch	de	2	user:cwr
TREU	Verlässlich	klassisch	de	2	user:cwr
STICH	Verletzung durch ein Insekt	klassisch	de	2	user:cwr
BLUTEN	Verletzungsfolge	klassisch	de	2	user:cwr
PERDU	verloren	klassisch	de	2	user:cwr
LEGAT	Vermächtnis	klassisch	de	2	user:cwr
SENKEN	vermindern	klassisch	de	2	user:cwr
UN	verneinende deutsche Vorsilbe	klassisch	de	2	user:cwr
NO	Verneinung (Eng.)	klassisch	de	2	user:cwr
RATIO	Vernunft	klassisch	de	2	user:cwr
RATIO	Vernunft, Verstand	klassisch	de	2	user:cwr
ANALOG	vernunftgemäß, ähnlich	klassisch	de	2	user:cwr
DEKRET	Verordnung	klassisch	de	2	user:cwr
TARA	Verpackungsgewicht	klassisch	de	2	user:cwr
IRRE	verrückt	klassisch	de	2	user:cwr
LUFTPOST	Versandart	klassisch	de	2	user:cwr
HETEROGEN	verschieden	klassisch	de	2	user:cwr
DIVERSE	verschiedene	klassisch	de	2	user:cwr
UNEINS	verschiedener Meinung	klassisch	de	2	user:cwr
KANTER	Verschlag	klassisch	de	2	user:cwr
VERKORKT	verschlossen (Weinflasche)	klassisch	de	2	user:cwr
KODIERUNG	Verschlüsselung	klassisch	de	2	user:cwr
FUSION	Verschmelzung von Firmen	klassisch	de	2	user:cwr
FLECKIG	verschmutzt	klassisch	de	2	user:cwr
BELIEFERN	versorgen	klassisch	de	2	user:cwr
HOEHNEN	verspotten	klassisch	de	2	user:cwr
DIALOG	Verständigung	klassisch	de	2	user:cwr
VERBORGEN	versteckt	klassisch	de	2	user:cwr
BELEIDIGT	verstimmt, gekränkt	klassisch	de	2	user:cwr
TOTER	Verstorbener	klassisch	de	2	user:cwr
SUENDE	Verstoß gegen Gottes Gebot	klassisch	de	2	user:cwr
TEST	Versuch	klassisch	de	2	user:cwr
ABWEHR	Verteidigung	klassisch	de	2	user:cwr
UMLAGE	verteilter Betrag	klassisch	de	2	user:cwr
HOEHE	Vertikalmaß	klassisch	de	2	user:cwr
DU	vertraute Anrede	klassisch	de	2	user:cwr
RAT	Verwaltungsgremium	klassisch	de	2	user:cwr
BUERO	Verwaltungszimmer	klassisch	de	2	user:cwr
OMA	Verwandte	klassisch	de	2	user:cwr
AAS	verwesender Tierkörper	klassisch	de	2	user:cwr
IRR	verwirrt	klassisch	de	2	user:cwr
ERSTAUNEN	Verwunderung	klassisch	de	2	user:cwr
LISTE	Verzeichnis	klassisch	de	2	user:cwr
VENI	..., vidi, vici	klassisch	de	2	user:cwr
VENI	…, vidi, vici	klassisch	de	2	user:cwr
HEU	Viehfutter	klassisch	de	2	user:cwr
HIRTE	Viehhüter	klassisch	de	2	user:cwr
STALL	Viehunterkunft	klassisch	de	2	user:cwr
EHR	viel Feind, viel …	klassisch	de	2	user:cwr
MULTI	Vielfach	klassisch	de	2	user:cwr
RAUNEN	vielstimmiges Flüstern	klassisch	de	2	user:cwr
QUAD	Vierrad (Eng.)	klassisch	de	2	user:cwr
LP	VinylTonträger (Abk.)	klassisch	de	2	user:cwr
LILA	violett	klassisch	de	2	user:cwr
TAUBE	Vogel (Symbol des Friedens)	klassisch	de	2	user:cwr
GUANO	Vogeldünger	klassisch	de	2	user:cwr
BRUT	Vogelnachwuchs	klassisch	de	2	user:cwr
PIEP	Vogelton	klassisch	de	2	user:cwr
IRAKER	Volk im Orient	klassisch	de	2	user:cwr
THAI	Volk in Südostasien	klassisch	de	2	user:cwr
ETHNIE	Völkergruppe	klassisch	de	2	user:cwr
ETHNOLOGE	Völkerkundler	klassisch	de	2	user:cwr
TRACHT	Volkskleidung mit Tradition	klassisch	de	2	user:cwr
HEIERMANN	volkst.: Fünfmarkstück	klassisch	de	2	user:cwr
AMIGOS	volkstüml. dt. Schlager-Duo (Die ...)	klassisch	de	2	user:cwr
RAFFEN	voller Hast an sich reißen	klassisch	de	2	user:cwr
IPPON	voller Punkt beim Judo	klassisch	de	2	user:cwr
GLASKLAR	völlig eindeutig (ugs.)	klassisch	de	2	user:cwr
IDENT	vollkommen gleich	klassisch	de	2	user:cwr
GANZ	vollständig	klassisch	de	2	user:cwr
GESAMT	vollständig, gänzlich	klassisch	de	2	user:cwr
NEUNE	Volltreffer beim Kegeln (alle …)	klassisch	de	2	user:cwr
HAFF	vom Meer getrennte Küstenbucht	klassisch	de	2	user:cwr
WERT	von Bedeutung	klassisch	de	2	user:cwr
SEIT	von da an	klassisch	de	2	user:cwr
HINEIN	von draußen nach drinnen	klassisch	de	2	user:cwr
ADELIG	von edler Herkunft	klassisch	de	2	user:cwr
HER	von einem Ziel kommend	klassisch	de	2	user:cwr
INHALT	von einer Form Umschlossenes	klassisch	de	2	user:cwr
SEIT	von genannter Zeit an	klassisch	de	2	user:cwr
MANUELL	von Hand, nicht automatisch	klassisch	de	2	user:cwr
BIS	von hier ... da	klassisch	de	2	user:cwr
TOP	von höchster Güte (ugs.)	klassisch	de	2	user:cwr
SE	von sich selbst aus (per ...)	klassisch	de	2	user:cwr
IRRE	von Sinnen	klassisch	de	2	user:cwr
IRR	von Sinnen	klassisch	de	2	user:cwr
EWIGKEIT	von unendlicher Dauer	klassisch	de	2	user:cwr
WENN	vorausgesetzt, falls	klassisch	de	2	user:cwr
FALLS	vorausgesetzt, sofern	klassisch	de	2	user:cwr
PRAEMISSE	Voraussetzung	klassisch	de	2	user:cwr
OMEN	Vorbedeutung	klassisch	de	2	user:cwr
PASSEE	vorbei, erledigt	klassisch	de	2	user:cwr
AUS	vorbei, zu Ende	klassisch	de	2	user:cwr
IMAM	Vorbeter in der Moschee	klassisch	de	2	user:cwr
IDOL	Vorbild, Schwarm	klassisch	de	2	user:cwr
TUERKE	Vorderasiat	klassisch	de	2	user:cwr
ERSTE	Vorderste in einer Reihe	klassisch	de	2	user:cwr
ECU	Voreuro (Afk.)	klassisch	de	2	user:cwr
URAHN	Vorfahr	klassisch	de	2	user:cwr
AHN	Vorfahr	klassisch	de	2	user:cwr
AHNE	Vorfahre	klassisch	de	2	user:cwr
AHNEN	Vorfahren	klassisch	de	2	user:cwr
AKT	Vorgang	klassisch	de	2	user:cwr
KAP	Vorgebirge, Landspitze	klassisch	de	2	user:cwr
BOSSE	Vorgesetzte, Chefs	klassisch	de	2	user:cwr
CHEF	Vorgesetzter	klassisch	de	2	user:cwr
PLAN	Vorhaben	klassisch	de	2	user:cwr
ERST	vorher	klassisch	de	2	user:cwr
EHER	vorher, früher	klassisch	de	2	user:cwr
EWG	Vorläufer der EU	klassisch	de	2	user:cwr
MATTE	Vorleger	klassisch	de	2	user:cwr
FAIBLE	Vorliebe, Schwäche (frz.)	klassisch	de	2	user:cwr
IDI	Vorname Amins	klassisch	de	2	user:cwr
ROALD	Vorname Amundsens †	klassisch	de	2	user:cwr
YUL	Vorname Brynners	klassisch	de	2	user:cwr
RUDI	Vorname Carrells †	klassisch	de	2	user:cwr
ENID	Vorname d. Blyton	klassisch	de	2	user:cwr
ERIK	Vorname d. Radsportlers Zabel	klassisch	de	2	user:cwr
JIL	Vorname d. Sander	klassisch	de	2	user:cwr
HELENE	Vorname d. Sängerin Fischer	klassisch	de	2	user:cwr
ELYAS	Vorname d. Schauspielers M’Barek	klassisch	de	2	user:cwr
LIZ	Vorname d. Taylor †	klassisch	de	2	user:cwr
LEONARDO	Vorname da Vincis	klassisch	de	2	user:cwr
KIM	Vorname der Basinger	klassisch	de	2	user:cwr
FAYE	Vorname der Dunaway	klassisch	de	2	user:cwr
MIA	Vorname der Farrow	klassisch	de	2	user:cwr
ELLA	Vorname der Fitzgerald †	klassisch	de	2	user:cwr
LIESL	Vorname der Karlstadt †1960	klassisch	de	2	user:cwr
UTE	Vorname der Lemper	klassisch	de	2	user:cwr
LILLI	Vorname der Palmer	klassisch	de	2	user:cwr
EDITH	Vorname der Piaf †	klassisch	de	2	user:cwr
JIL	Vorname der Sander	klassisch	de	2	user:cwr
ERIC	Vorname des Musikers Clapton	klassisch	de	2	user:cwr
BATA	Vorname des Sängers Illic	klassisch	de	2	user:cwr
FJODOR	Vorname Dostojewskis († 1881)	klassisch	de	2	user:cwr
ALBERT	Vorname Einsteins	klassisch	de	2	user:cwr
ALFRED	Vorname Hitchcocks †	klassisch	de	2	user:cwr
HAPE	Vorname Kerkelings	klassisch	de	2	user:cwr
RENE	Vorname Kollos	klassisch	de	2	user:cwr
ESTEE	Vorname Lauders † (Kosmetik)	klassisch	de	2	user:cwr
STAN	Vorname Laurels	klassisch	de	2	user:cwr
ISAAC	Vorname Newtons	klassisch	de	2	user:cwr
MAX	Vorname Schmelings † 2005	klassisch	de	2	user:cwr
UWE	Vorname Seelers (eh. Fußballer)	klassisch	de	2	user:cwr
LUIS	Vorname Trenkers † 1990	klassisch	de	2	user:cwr
ALAIN	Vorname v. Delon	klassisch	de	2	user:cwr
ERROL	Vorname v. Schauspieler Flynn	klassisch	de	2	user:cwr
LINO	Vorname Venturas	klassisch	de	2	user:cwr
ALEC	Vorname von Guinness †	klassisch	de	2	user:cwr
ANWAR	Vorname von Sadat † 1981	klassisch	de	2	user:cwr
TIL	Vorname von Schweiger	klassisch	de	2	user:cwr
MIKE	Vorname von Ulknudel Krüger	klassisch	de	2	user:cwr
WIM	Vorname Wenders	klassisch	de	2	user:cwr
EDEL	vornehm	klassisch	de	2	user:cwr
DAME	vornehme Frau	klassisch	de	2	user:cwr
SNOB	Vornehmtuer	klassisch	de	2	user:cwr
SNOBS	Vornehmtuer (Mz.)	klassisch	de	2	user:cwr
HERD	Vorrichtung zum Kochen	klassisch	de	2	user:cwr
RAT	Vorschlag zur Abhilfe	klassisch	de	2	user:cwr
GEBOT	Vorschrift	klassisch	de	2	user:cwr
AN	Vorsilbe	klassisch	de	2	user:cwr
ENT	Vorsilbe	klassisch	de	2	user:cwr
ALLO	Vorsilbe: anders, fremd.	klassisch	de	2	user:cwr
EX	Vorsilbe: früher, ehemals	klassisch	de	2	user:cwr
HEMI	Vorsilbe: halb	klassisch	de	2	user:cwr
PRAE	Vorsilbe: vor (lat.)	klassisch	de	2	user:cwr
HORS	Vorspeise (... d’ œuvre)	klassisch	de	2	user:cwr
PROSTATA	Vorsteherdrüse	klassisch	de	2	user:cwr
PLUS	Vorteil	klassisch	de	2	user:cwr
REDE	Vortrag, Ansprache	klassisch	de	2	user:cwr
ANSPRACHE	Vortrag, Rede	klassisch	de	2	user:cwr
ADVENT	Vorweihnachtszeit	klassisch	de	2	user:cwr
PROLOG	Vorwort, Vorspiel	klassisch	de	2	user:cwr
OMEN	Vorzeichen	klassisch	de	2	user:cwr
OMEN	Vorzeichen, Vorbedeutung	klassisch	de	2	user:cwr
ASO	Vulkan a. Kiushu	klassisch	de	2	user:cwr
LOA	Vulkan auf Hawaii	klassisch	de	2	user:cwr
FUEGO	Vulkan in Guatemala	klassisch	de	2	user:cwr
LAVA	vulkan. Magma	klassisch	de	2	user:cwr
LAVA	vulkan. Schmelzfluss	klassisch	de	2	user:cwr
LAVA	vulkanisches Magma	klassisch	de	2	user:cwr
MAAR	Vulkansee	klassisch	de	2	user:cwr
SIMS	waagerechtes Bauglied	klassisch	de	2	user:cwr
GIN	Wacholderbranntwein	klassisch	de	2	user:cwr
GIN	Wacholderschnaps	klassisch	de	2	user:cwr
WABE	Wachszelle	klassisch	de	2	user:cwr
WABE	Wachszelle der Biene	klassisch	de	2	user:cwr
FLORETT	Waffe im Fechtsport	klassisch	de	2	user:cwr
HARPUNE	Waffe im Wasser	klassisch	de	2	user:cwr
ARSENAL	Waffenlager	klassisch	de	2	user:cwr
RAD	Wagenteil	klassisch	de	2	user:cwr
RISIKO	Wagnis	klassisch	de	2	user:cwr
OPTION	Wahlmöglichkeit	klassisch	de	2	user:cwr
DEVISE	Wahlspruch, Losung	klassisch	de	2	user:cwr
URNE	Wahlzettelbehältnis	klassisch	de	2	user:cwr
EID	Wahrheitsgelöbnis	klassisch	de	2	user:cwr
ERKENNEN	wahrnehmen, einsehen	klassisch	de	2	user:cwr
SINNE	Wahrnehmungsorgane	klassisch	de	2	user:cwr
EURO	Währung Europas	klassisch	de	2	user:cwr
CEDI	Währung in Ghana	klassisch	de	2	user:cwr
SOL	Währung in Peru	klassisch	de	2	user:cwr
REAL	Währungseinheit in Brasilien	klassisch	de	2	user:cwr
JAGD	Waidwerk	klassisch	de	2	user:cwr
NAR	Walart	klassisch	de	2	user:cwr
KUDU	Waldantilope	klassisch	de	2	user:cwr
HAARD	Waldhöhen i. Münsterland	klassisch	de	2	user:cwr
REH	Waldhuftier	klassisch	de	2	user:cwr
MOOS	Waldpflanze	klassisch	de	2	user:cwr
REH	Waldtier	klassisch	de	2	user:cwr
REHE	Waldtiere	klassisch	de	2	user:cwr
AHAB	Walfangkapitän in 'Moby Dick'	klassisch	de	2	user:cwr
PLANET	Wandelstern	klassisch	de	2	user:cwr
STOER	Wanderfisch	klassisch	de	2	user:cwr
FRESKO	Wandmalerei auf Kalk	klassisch	de	2	user:cwr
SAFE	Wandtresor	klassisch	de	2	user:cwr
FRIES	Wandverzierung	klassisch	de	2	user:cwr
ELK	Wapitihirsch	klassisch	de	2	user:cwr
LILIE	Wappenblume	klassisch	de	2	user:cwr
AAR	Wappentier	klassisch	de	2	user:cwr
AAR	Wappenvogel	klassisch	de	2	user:cwr
REGAL	Warengestell	klassisch	de	2	user:cwr
ZOLL	Warenverkehrssteuer	klassisch	de	2	user:cwr
PIE	warme engl. Pastete	klassisch	de	2	user:cwr
PIE	warme englische Pastete	klassisch	de	2	user:cwr
OFEN	Wärmespender	klassisch	de	2	user:cwr
OMEN	warnendes Vorzeichen	klassisch	de	2	user:cwr
SIRENE	Warngerät	klassisch	de	2	user:cwr
ALARM	Warnsignal	klassisch	de	2	user:cwr
SIGNAL	Warnzeichen	klassisch	de	2	user:cwr
NER	Warthe-Zufluss	klassisch	de	2	user:cwr
OBRA	Warthe-Zufluss	klassisch	de	2	user:cwr
WRINGEN	Wäsche auswinden	klassisch	de	2	user:cwr
TANGA	Wäschestück	klassisch	de	2	user:cwr
BAD	Waschraum (Kw.)	klassisch	de	2	user:cwr
SODA	Waschsoda	klassisch	de	2	user:cwr
WA	Washington (Afk.)	klassisch	de	2	user:cwr
GOSSE	Wasserablaufrinne	klassisch	de	2	user:cwr
ZISTERNE	Wasserbehälter	klassisch	de	2	user:cwr
LAGUNE	Wasserfläche innerhalb e. Atolls	klassisch	de	2	user:cwr
LIBELLE	Wasserjungfer	klassisch	de	2	user:cwr
MEER	Wassermasse um das Festland	klassisch	de	2	user:cwr
ALGE	Wasserpflanze	klassisch	de	2	user:cwr
SEGELN	Wassersportart	klassisch	de	2	user:cwr
KANUTE	Wassersportler	klassisch	de	2	user:cwr
PEGEL	Wasserstandsmesser	klassisch	de	2	user:cwr
NEER	Wasserstrudel	klassisch	de	2	user:cwr
GAENSE	Wassertiere	klassisch	de	2	user:cwr
ENTE	Wasservogel	klassisch	de	2	user:cwr
ENTEN	Wasservögel	klassisch	de	2	user:cwr
GANSLN	Wasservogel (ugs., Mz.)	klassisch	de	2	user:cwr
ENTENEI	Wasservogelprodukt	klassisch	de	2	user:cwr
STRUDEL	Wasserwirbel	klassisch	de	2	user:cwr
AUFGUSS	wässriger Pflanzenauszug	klassisch	de	2	user:cwr
TAMPON	Wattebausch	klassisch	de	2	user:cwr
QTIP	Wattestäbchen für die Ohren	klassisch	de	2	user:cwr
WIKI	Weblexikon (Eng.)	klassisch	de	2	user:cwr
AVAL	Wechselbürgschaft	klassisch	de	2	user:cwr
DIALOG	Wechselrede	klassisch	de	2	user:cwr
AB	weg	klassisch	de	2	user:cwr
VERSPERRT	Weg nicht gehbar	klassisch	de	2	user:cwr
KEHRE	Wegbiegung	klassisch	de	2	user:cwr
INFOLGE	wegen	klassisch	de	2	user:cwr
FORTGEHEN	weggehen	klassisch	de	2	user:cwr
HUB	Weglänge des Kolbens	klassisch	de	2	user:cwr
FEE	weibl. Märchengestalt	klassisch	de	2	user:cwr
NYMPHE	weibl. Naturgottheit	klassisch	de	2	user:cwr
SAU	weibl. Nutztier	klassisch	de	2	user:cwr
RICKE	weibl. Reh	klassisch	de	2	user:cwr
KUH	weibl. Rind	klassisch	de	2	user:cwr
MEDUSA	weibl. Ungeheuer d. griech. Sage	klassisch	de	2	user:cwr
BASE	weibl. Verwandte	klassisch	de	2	user:cwr
LEA	weibl. Vorname	klassisch	de	2	user:cwr
DOROTHEA	weibl. Vorname	klassisch	de	2	user:cwr
ULRIKE	weibl. Vorname	klassisch	de	2	user:cwr
MELISSA	weibl. Vorname	klassisch	de	2	user:cwr
NIXE	weibl. Wassergeist	klassisch	de	2	user:cwr
FRAU	weibl. Wesen	klassisch	de	2	user:cwr
KELLNERIN	weibliche Bedienung	klassisch	de	2	user:cwr
FEE	weibliche Märchengestalt	klassisch	de	2	user:cwr
DIE	weiblicher Artikel	klassisch	de	2	user:cwr
FRAU	weiblicher Mensch	klassisch	de	2	user:cwr
ELFE	weiblicher Naturgeist	klassisch	de	2	user:cwr
SAU	weibliches Hausschwein	klassisch	de	2	user:cwr
STUTE	weibliches Pferd	klassisch	de	2	user:cwr
KUH	Weibliches Rind	klassisch	de	2	user:cwr
SOFT	weich (Eng.)	klassisch	de	2	user:cwr
SAMT	weiches Gewebe	klassisch	de	2	user:cwr
NAPPA	Weiches Glattleder	klassisch	de	2	user:cwr
NAPPA	Weiches Leder	klassisch	de	2	user:cwr
KREIDE	weiches Sedimentgestein	klassisch	de	2	user:cwr
ROMADUR	Weichkäsesorte	klassisch	de	2	user:cwr
EIBE	Weichnadelbaum	klassisch	de	2	user:cwr
EIBEN	Weichnadelbäume	klassisch	de	2	user:cwr
GRASEN	Weiden	klassisch	de	2	user:cwr
AESEN	weidm.: fressen	klassisch	de	2	user:cwr
PORT	Wein aus Porto	klassisch	de	2	user:cwr
ROEMER	Weinglas	klassisch	de	2	user:cwr
HADRES	Weinort im Pulkautal in NÖ	klassisch	de	2	user:cwr
ASTI	Weinstadt im Piemont	klassisch	de	2	user:cwr
REBE	Weinstock	klassisch	de	2	user:cwr
LESE	Weintraubenernte	klassisch	de	2	user:cwr
KLUG	weise	klassisch	de	2	user:cwr
ART	Weise, Gewohnheit	klassisch	de	2	user:cwr
SEHER	Weissager	klassisch	de	2	user:cwr
KALK	weißer Baustoff	klassisch	de	2	user:cwr
ZINN	Weißes Metall	klassisch	de	2	user:cwr
KRAUT	Weißkohl	klassisch	de	2	user:cwr
MINSK	weißrussische Hauptstadt	klassisch	de	2	user:cwr
TIEF	weit nach unten reichend	klassisch	de	2	user:cwr
HOCH	weit oben	klassisch	de	2	user:cwr
TIEF	weit unten	klassisch	de	2	user:cwr
FERN	weit weg	klassisch	de	2	user:cwr
FERNE	weit weg gelegene Gegend	klassisch	de	2	user:cwr
ULSTER	weiter Herrenmantel	klassisch	de	2	user:cwr
TILDE	Wellenstrich	klassisch	de	2	user:cwr
SPA	Wellnessbad	klassisch	de	2	user:cwr
PUP	Welpe (Eng.)	klassisch	de	2	user:cwr
EXPO	Weltausstellung (Kw.)	klassisch	de	2	user:cwr
FIFA	Weltfußballbund (Abk.)	klassisch	de	2	user:cwr
IDO	Welthilfssprache	klassisch	de	2	user:cwr
USA	Weltmacht	klassisch	de	2	user:cwr
WTO	Weltorganisation	klassisch	de	2	user:cwr
UNO	Weltorganisation (Abk.)	klassisch	de	2	user:cwr
UN	Weltorganisation (Abk.)	klassisch	de	2	user:cwr
ALL	Weltraum, Kosmos	klassisch	de	2	user:cwr
ESA	Weltraumorg.	klassisch	de	2	user:cwr
SPANISCH	Weltsprache	klassisch	de	2	user:cwr
KEHRE	Wende	klassisch	de	2	user:cwr
REE	Wenderuf beim Segeln	klassisch	de	2	user:cwr
KARG	wenig fruchtbar (Landschaft)	klassisch	de	2	user:cwr
MINUS	weniger	klassisch	de	2	user:cwr
SPOT	Werbefilm	klassisch	de	2	user:cwr
SLOGAN	Werbespruch, Schlagwort	klassisch	de	2	user:cwr
OPER	Werk der Tonkunst	klassisch	de	2	user:cwr
GEDICHTE	Werke der Poeten	klassisch	de	2	user:cwr
FAERBEREI	Werkstatt des Färbers	klassisch	de	2	user:cwr
AHLE	Werkzeug	klassisch	de	2	user:cwr
SAEGE	Werkzeug	klassisch	de	2	user:cwr
TOOL	Werkzeug (Eng.)	klassisch	de	2	user:cwr
KEIL	Werkzeug zum Spalten	klassisch	de	2	user:cwr
ETHOS	Wertehaltung	klassisch	de	2	user:cwr
TAND	wertloses Zeug	klassisch	de	2	user:cwr
NULL	wertneutrale Zahl	klassisch	de	2	user:cwr
AKTIE	Wertpapier	klassisch	de	2	user:cwr
EHRE	Wertschätzung	klassisch	de	2	user:cwr
KERN	Wesentliches einer Sache	klassisch	de	2	user:cwr
HORNISSE	Wespenart	klassisch	de	2	user:cwr
EWE	westafrikanischer Stamm	klassisch	de	2	user:cwr
AACHEN	westdeutsche Grenzstadt	klassisch	de	2	user:cwr
BELGIER	Westeuropäer	klassisch	de	2	user:cwr
IRE	Westeuropäer	klassisch	de	2	user:cwr
SARTHE	westfranz. Departement	klassisch	de	2	user:cwr
SWEBE	Westgermane	klassisch	de	2	user:cwr
CHAUKIN	Westgermanin	klassisch	de	2	user:cwr
NATO	westl. Militärbündnis (Abk.)	klassisch	de	2	user:cwr
USA	westliche Großmacht (Abk.)	klassisch	de	2	user:cwr
REGENZEIT	Wetterperiode in den Tropen	klassisch	de	2	user:cwr
WA	WhatsApp (Afk.)	klassisch	de	2	user:cwr
ADABEI	Wichtigtuer, Gernegroß	klassisch	de	2	user:cwr
WRAP	Wickelsnack (Eng.)	klassisch	de	2	user:cwr
RAM	Widder (Eng.)	klassisch	de	2	user:cwr
ECHO	Widerhall	klassisch	de	2	user:cwr
EKELN	widerlich finden (sich vor etwas …)	klassisch	de	2	user:cwr
EKLIG	widerlich, unappetitlich	klassisch	de	2	user:cwr
ORK	widerliche Kreatur bei Tolkien	klassisch	de	2	user:cwr
TURNUS	wiederkehrende Reihenfolge	klassisch	de	2	user:cwr
NEUWIRTH	Wiener Musiker und Autor (Roland)	klassisch	de	2	user:cwr
OTT	Wiener Schauspielerin	klassisch	de	2	user:cwr
BIM	Wiener Straßenbahn (ugs.)	klassisch	de	2	user:cwr
NAGL	WienerliedSängerin (Maly, † 1977)	klassisch	de	2	user:cwr
MIERE	wilde Ackerpflanze	klassisch	de	2	user:cwr
KRESSE	wilde Gemüsepflanze	klassisch	de	2	user:cwr
RANGE	wildes, unbändiges Kind	klassisch	de	2	user:cwr
HEGE	Wildpflege	klassisch	de	2	user:cwr
MUFFLON	Wildschaf	klassisch	de	2	user:cwr
ORA	Wind am Gardasee	klassisch	de	2	user:cwr
LEE	Windabgewandt	klassisch	de	2	user:cwr
WEA	Windanlage (Afk.)	klassisch	de	2	user:cwr
WEA	Windenergieanlage (Afk.)	klassisch	de	2	user:cwr
TROMBE	Windhose	klassisch	de	2	user:cwr
TTF	WindowsSchriftarten (Abk.)	klassisch	de	2	user:cwr
SUEDOST	Windrichtung	klassisch	de	2	user:cwr
OST	Windrichtung	klassisch	de	2	user:cwr
SSW	Windrichtung (Abk.)	klassisch	de	2	user:cwr
LEE	Windschattenseite	klassisch	de	2	user:cwr
PARAVENT	Windschirm	klassisch	de	2	user:cwr
BOE	Windstoß	klassisch	de	2	user:cwr
LUV	Windzugewandt	klassisch	de	2	user:cwr
HINWEIS	Wink, Fingerzeig	klassisch	de	2	user:cwr
ECKE	Winkel	klassisch	de	2	user:cwr
ECK	Winkel	klassisch	de	2	user:cwr
GON	Winkelmaß	klassisch	de	2	user:cwr
ECK	Winkelpunkt	klassisch	de	2	user:cwr
UCA	Winkerkrabben (zoolog.)	klassisch	de	2	user:cwr
HEU	Winterfutter	klassisch	de	2	user:cwr
MUETZE	winterl. Kopfschutz	klassisch	de	2	user:cwr
DEZ	Wintermonat (Afk.)	klassisch	de	2	user:cwr
WS	Wintersemester (Afk.)	klassisch	de	2	user:cwr
RODELN	Wintersportart	klassisch	de	2	user:cwr
SKI	Wintersportgerät	klassisch	de	2	user:cwr
RODLER	Wintersportler	klassisch	de	2	user:cwr
LECH	Wintersportort am Arlberg	klassisch	de	2	user:cwr
STUBEN	Wintersportort am Arlberg	klassisch	de	2	user:cwr
SAPPORO	Wintersportort in Japan	klassisch	de	2	user:cwr
MINI	winzig	klassisch	de	2	user:cwr
DEUT	Winziges bisschen	klassisch	de	2	user:cwr
WE	Wir (Eng.)	klassisch	de	2	user:cwr
TAIFUN	Wirbelsturm Asien	klassisch	de	2	user:cwr
REAL	wirklich	klassisch	de	2	user:cwr
TEIN	Wirkstoff im Tee	klassisch	de	2	user:cwr
EINFLUSS	Wirkung	klassisch	de	2	user:cwr
KENNEN	wissen	klassisch	de	2	user:cwr
KNOWHOW	Wissen	klassisch	de	2	user:cwr
LERNEN	Wissen aneignen	klassisch	de	2	user:cwr
STUDIE	wissenschaftl. Arbeit	klassisch	de	2	user:cwr
ANATOM	Wissenschaftler der Medizin	klassisch	de	2	user:cwr
NEUGIERDE	Wissensdurst	klassisch	de	2	user:cwr
KLIMA	Witterungsverhältnisse	klassisch	de	2	user:cwr
ERNA	Witzfigur: Klein …	klassisch	de	2	user:cwr
GAG	witzige Filmszene	klassisch	de	2	user:cwr
ASB	Wohlfahrtsorgan. (Abk.)	klassisch	de	2	user:cwr
ODEUR	Wohlgeruch	klassisch	de	2	user:cwr
WG	Wohngem. (Afk.)	klassisch	de	2	user:cwr
WG	Wohngemein. (Afk.)	klassisch	de	2	user:cwr
ORT	Wohnsiedlung	klassisch	de	2	user:cwr
ABRI	Wohnstätte in Felshöhlen	klassisch	de	2	user:cwr
MIETER	Wohnungspächter	klassisch	de	2	user:cwr
SCHAF	Wolle lieferndes Nutztier	klassisch	de	2	user:cwr
SCHAF	Wolle lieferndes Tier	klassisch	de	2	user:cwr
ANGORA	Wollsorte	klassisch	de	2	user:cwr
MAI	Wonnemonat	klassisch	de	2	user:cwr
TREULOS	wortbrüchig	klassisch	de	2	user:cwr
UNTREU	wortbrüchig	klassisch	de	2	user:cwr
GLOSSAR	Wörterverzeichnis	klassisch	de	2	user:cwr
GLOSSAR	Wörterverzeichnis mit Erklärungen	klassisch	de	2	user:cwr
TEXT	Wortfolge	klassisch	de	2	user:cwr
TEXT	Wortlaut	klassisch	de	2	user:cwr
TEXT	Wortlaut, Beschriftung	klassisch	de	2	user:cwr
STUMM	wortlos	klassisch	de	2	user:cwr
TRI	Wortteil: drei	klassisch	de	2	user:cwr
GEO	Wortteil: Erde	klassisch	de	2	user:cwr
TOPO	Wortteil: Gegend	klassisch	de	2	user:cwr
ERD	Wortteil: global	klassisch	de	2	user:cwr
HEKTO	Wortteil: Hundert	klassisch	de	2	user:cwr
ITALO	Wortteil: Italien	klassisch	de	2	user:cwr
BIO	Wortteil: Leben	klassisch	de	2	user:cwr
NEO	Wortteil: neu	klassisch	de	2	user:cwr
NON	Wortteil: nicht	klassisch	de	2	user:cwr
SONO	Wortteil: Schall	klassisch	de	2	user:cwr
KILO	Wortteil: Tausend	klassisch	de	2	user:cwr
SUB	Wortteil: unter	klassisch	de	2	user:cwr
DEMO	Wortteil: Volk	klassisch	de	2	user:cwr
DEKA	Wortteil: Zehn	klassisch	de	2	user:cwr
DEZI	Wortteil: Zehntel	klassisch	de	2	user:cwr
KRAMEN	wühlen, stöbern	klassisch	de	2	user:cwr
SEKRET	Wundabsonderung	klassisch	de	2	user:cwr
BIZARR	wunderlich	klassisch	de	2	user:cwr
GRILLE	wunderlicher Einfall, Schrulle	klassisch	de	2	user:cwr
EITERN	Wundflüssigkeit bilden	klassisch	de	2	user:cwr
NARBE	Wundmal	klassisch	de	2	user:cwr
NARBEN	Wundmale	klassisch	de	2	user:cwr
EHRE	Würde	klassisch	de	2	user:cwr
EHRE	Würde, Ansehen	klassisch	de	2	user:cwr
EHREN	würdigen	klassisch	de	2	user:cwr
NACHRUF	Würdigung für einen Verstorbenen	klassisch	de	2	user:cwr
KARO	Würfelmuster	klassisch	de	2	user:cwr
KNOBELN	würfeln	klassisch	de	2	user:cwr
PARABEL	Wurflinie	klassisch	de	2	user:cwr
OCHE	Wurflinie b. Darts	klassisch	de	2	user:cwr
GER	Wurfspieß der Germanen	klassisch	de	2	user:cwr
SPEER	Wurfstange	klassisch	de	2	user:cwr
BOA	Würgeschlange	klassisch	de	2	user:cwr
ARNIKA	würzig riechende Heilpflanze	klassisch	de	2	user:cwr
RELISH	würzige Soße mit Gemüsestückchen	klassisch	de	2	user:cwr
SALZ	Würzmittel für Speisen	klassisch	de	2	user:cwr
MAGGI	Würzmittelmarke	klassisch	de	2	user:cwr
OED	wüst und leer	klassisch	de	2	user:cwr
LUT	Wüste im Iran	klassisch	de	2	user:cwr
SAHARA	Wüste in Nordafrika	klassisch	de	2	user:cwr
OEDE	Wüstenei	klassisch	de	2	user:cwr
ATACAMA	Wüstengebiet in Chile	klassisch	de	2	user:cwr
OASE	Wüsteninsel	klassisch	de	2	user:cwr
RAGE	Wut	klassisch	de	2	user:cwr
URL	WWW-Adresse	klassisch	de	2	user:cwr
YIN	… & Yang	klassisch	de	2	user:cwr
ZINNE	Zacke einer Burgmauer	klassisch	de	2	user:cwr
ZINKE	Zacke einer Gabel	klassisch	de	2	user:cwr
NULL	Zahl ohne Eigenwert	klassisch	de	2	user:cwr
NENNER	Zahl unter dem Bruchstrich	klassisch	de	2	user:cwr
RUNDEN	Zahlen ungenau angeben	klassisch	de	2	user:cwr
LOTTO	Zahlenlotterie	klassisch	de	2	user:cwr
LOTTO	Zahlenwette	klassisch	de	2	user:cwr
KASSA	Zahlpult	klassisch	de	2	user:cwr
ZIG	zahlreich	klassisch	de	2	user:cwr
KASSE	Zahlstelle	klassisch	de	2	user:cwr
GELD	Zahlungsmittel	klassisch	de	2	user:cwr
BAR	Zahlungsweise	klassisch	de	2	user:cwr
ACHT	Zahlwort	klassisch	de	2	user:cwr
ZEHNTE	Zahlwort (Ordinal zahl)	klassisch	de	2	user:cwr
KARIES	Zahnfäule	klassisch	de	2	user:cwr
WALROSS	Zahntier mit Hauern	klassisch	de	2	user:cwr
UKAS	Zarenerlass	klassisch	de	2	user:cwr
IWAN	Zarenname	klassisch	de	2	user:cwr
BANN	zauberhafte Gewalt	klassisch	de	2	user:cwr
HEXE	Zauberin	klassisch	de	2	user:cwr
MAGIE	Zauberkunst	klassisch	de	2	user:cwr
OZ	Zauberland in e. US-Kinderbuch	klassisch	de	2	user:cwr
FEE	Zauberwesen	klassisch	de	2	user:cwr
ZOEGERN	zaudern	klassisch	de	2	user:cwr
MAL	Zeichen	klassisch	de	2	user:cwr
SIGNAL	Zeichen	klassisch	de	2	user:cwr
TRAENE	Zeichen des Schmerzes	klassisch	de	2	user:cwr
TAN	Zeichen für Tangens	klassisch	de	2	user:cwr
TRAENE	Zeichen v. Freude oder Schmerz	klassisch	de	2	user:cwr
MAGGIE	Zeichentrickfigur (... Simpson)	klassisch	de	2	user:cwr
VERS	Zeile, Strophe e. Gedichts	klassisch	de	2	user:cwr
ABEND	Zeit um den Sonnenuntergang	klassisch	de	2	user:cwr
JAHR	Zeitabschnitt	klassisch	de	2	user:cwr
EPOCHE	Zeitabschnitt	klassisch	de	2	user:cwr
AERA	Zeitalter	klassisch	de	2	user:cwr
EILE	Zeitdruck	klassisch	de	2	user:cwr
TAG	Zeiteinheit	klassisch	de	2	user:cwr
STUNDE	Zeiteinheit	klassisch	de	2	user:cwr
IN	zeitgemäß	klassisch	de	2	user:cwr
EWIG	zeitlich unbegrenzt	klassisch	de	2	user:cwr
EWIG	zeitlos	klassisch	de	2	user:cwr
MONAT	Zeitmaß	klassisch	de	2	user:cwr
MINUTE	Zeitmaß	klassisch	de	2	user:cwr
UHR	Zeitmesser	klassisch	de	2	user:cwr
UHR	Zeitmessgerät	klassisch	de	2	user:cwr
EILE	Zeitnot	klassisch	de	2	user:cwr
DAUER	Zeitspanne	klassisch	de	2	user:cwr
INSERATE	Zeitungsanzeigen	klassisch	de	2	user:cwr
KOLUMNE	Zeitungsartikel, Meinungsbeitrag	klassisch	de	2	user:cwr
ENTE	Zeitungsfalschmeldung	klassisch	de	2	user:cwr
SPIEL	Zeitvertreib	klassisch	de	2	user:cwr
LEIHGABE	zeitweise überlassenes Stück	klassisch	de	2	user:cwr
VERB	Zeitwort	klassisch	de	2	user:cwr
JETLAG	Zeitzonenmüdigkeit (Eng.)	klassisch	de	2	user:cwr
PAPIER	Zellstoffprodukt	klassisch	de	2	user:cwr
CAMP	Zeltlager	klassisch	de	2	user:cwr
BENOTEN	zensieren	klassisch	de	2	user:cwr
HAUPT	Zentral	klassisch	de	2	user:cwr
YAK	zentralasiat. Rind	klassisch	de	2	user:cwr
KARAKUL	zentralasiat. Steppenschaf	klassisch	de	2	user:cwr
GLAS	zerbrechliches Material	klassisch	de	2	user:cwr
WRACKS	zerstörte Schiffe	klassisch	de	2	user:cwr
IDEALE	Ziele, Leitbilder	klassisch	de	2	user:cwr
PLANLOS	ziellos	klassisch	de	2	user:cwr
DEKO	Zier	klassisch	de	2	user:cwr
GETUE	Ziererei	klassisch	de	2	user:cwr
VASE	Ziergefäß	klassisch	de	2	user:cwr
KOI	Zierkarpfen	klassisch	de	2	user:cwr
FREESIE	Zierpflanze	klassisch	de	2	user:cwr
RASEN	Zierwiese	klassisch	de	2	user:cwr
KIPPE	Zigarettenreststück	klassisch	de	2	user:cwr
TANNENBAUM	Zimmerschmuck zu Weihnachten	klassisch	de	2	user:cwr
ECKE	Zimmerwinkel	klassisch	de	2	user:cwr
ROT	Zinnober	klassisch	de	2	user:cwr
ETWA	zirka, annähernd	klassisch	de	2	user:cwr
MANEGE	Zirkusarena	klassisch	de	2	user:cwr
ANA	Zitatensammlung	klassisch	de	2	user:cwr
GELBE	Zitronenfarbig	klassisch	de	2	user:cwr
ORANGE	Zitrusfrucht	klassisch	de	2	user:cwr
ESPE	Zitterpappel	klassisch	de	2	user:cwr
NGO	Zivilorg. (Afk.)	klassisch	de	2	user:cwr
ABGABE	Zoll oder Steuer	klassisch	de	2	user:cwr
INCH	Zollmaß (Eng.)	klassisch	de	2	user:cwr
PLOMBE	Zollverschluss	klassisch	de	2	user:cwr
HAARGUMMI	Zopfgummi	klassisch	de	2	user:cwr
ZAEHMBAR	zu bändigen, sich abrichten lassend	klassisch	de	2	user:cwr
ESSBAR	zu genießen, nicht verdorben	klassisch	de	2	user:cwr
DAHEIM	zu Hause	klassisch	de	2	user:cwr
NIE	zu keiner Zeit	klassisch	de	2	user:cwr
BULLE	Zuchtstier	klassisch	de	2	user:cwr
SIRUP	Zuckerflüssigkeit	klassisch	de	2	user:cwr
RUEBE	Zuckerpflanze	klassisch	de	2	user:cwr
RUM	Zuckerrohrbranntwein	klassisch	de	2	user:cwr
ANFANGS	zuerst	klassisch	de	2	user:cwr
ASYL	Zufluchtsort	klassisch	de	2	user:cwr
ASYL	Zufluchtsrecht	klassisch	de	2	user:cwr
MALTA	Zufluss der Lieser in Kärnten	klassisch	de	2	user:cwr
AGGER	Zufluss der Sieg im südl. NRW	klassisch	de	2	user:cwr
AGER	Zufluss der Traun	klassisch	de	2	user:cwr
SPERRE	Zugangshindernis, Barriere	klassisch	de	2	user:cwr
JUDE	Zugehöriger zum Volk Israel	klassisch	de	2	user:cwr
DOSIS	zugemessene Arzneimenge	klassisch	de	2	user:cwr
LOK	Zugfahrzeug	klassisch	de	2	user:cwr
LOK	Zugmaschine	klassisch	de	2	user:cwr
LOK	Zugmaschine auf Schienen (Kw.)	klassisch	de	2	user:cwr
LOK	Zugmaschine (Kw.)	klassisch	de	2	user:cwr
ELOKS	Zugmaschinen (Kw.)	klassisch	de	2	user:cwr
BISS	Zugriff mit den Zähnen	klassisch	de	2	user:cwr
SPE	zukünftig (in …)	klassisch	de	2	user:cwr
SPE	zukünftig (in ...)	klassisch	de	2	user:cwr
INSPE	zukünftig (latein.)	klassisch	de	2	user:cwr
UTOPIE	Zukunftstraum, Hirngespinst	klassisch	de	2	user:cwr
SKAL	zum Wohl! (Skand.)	klassisch	de	2	user:cwr
LUNTE	Zündschnur	klassisch	de	2	user:cwr
LIEBE	Zuneigung	klassisch	de	2	user:cwr
LAUTE	Zupfinstrument	klassisch	de	2	user:cwr
HARFE	Zupfinstrument	klassisch	de	2	user:cwr
LAUTEN	Zupfinstrumente	klassisch	de	2	user:cwr
DEZENT	zurückhaltend	klassisch	de	2	user:cwr
REAKTIV	zurückwirkend	klassisch	de	2	user:cwr
HUE	Zuruf an Zugtiere	klassisch	de	2	user:cwr
BRR	Zuruf an Zugtiere: Halt!	klassisch	de	2	user:cwr
HUE	Zuruf an Zugtiere: vorwärts!	klassisch	de	2	user:cwr
JA	Zusage	klassisch	de	2	user:cwr
JA	Zusage, Zustimmung	klassisch	de	2	user:cwr
FIASKO	Zusammenbruch, Debakel	klassisch	de	2	user:cwr
EINEN	zusammenführen	klassisch	de	2	user:cwr
KONTEXT	Zusammenhang	klassisch	de	2	user:cwr
KONGRESS	Zusammenkunft, Tagung	klassisch	de	2	user:cwr
ADDIEREN	zusammenzählen	klassisch	de	2	user:cwr
DEICHSELN	zustande bringen	klassisch	de	2	user:cwr
OK	Zustimmung (Abk.)	klassisch	de	2	user:cwr
RUM	Zutat zum Grog	klassisch	de	2	user:cwr
WAHR	zutreffend	klassisch	de	2	user:cwr
GLAUBE	Zuversicht	klassisch	de	2	user:cwr
ERST	zuvor	klassisch	de	2	user:cwr
EHER	zuvor, zunächst	klassisch	de	2	user:cwr
UM	zwecks	klassisch	de	2	user:cwr
DUO	zwei Musizierende	klassisch	de	2	user:cwr
DUO	Zweiergespann	klassisch	de	2	user:cwr
PAAR	Zweiergruppe	klassisch	de	2	user:cwr
DUAL	zweifach	klassisch	de	2	user:cwr
DOPPELT	zweifach	klassisch	de	2	user:cwr
DUELL	Zweikampf	klassisch	de	2	user:cwr
DUELLE	Zweikämpfe	klassisch	de	2	user:cwr
NIET	zweiköpfiger Haltebolzen	klassisch	de	2	user:cwr
TANDEM	zweisitziges Fahrrad	klassisch	de	2	user:cwr
TANDEM	Zweisitzrad	klassisch	de	2	user:cwr
ZEHN	zweistellige Zahl	klassisch	de	2	user:cwr
SCHIA	zweitgrößte Gruppe des Islam	klassisch	de	2	user:cwr
MONACO	zweitkleinster Staat der Erde	klassisch	de	2	user:cwr
GNOM	Zwerg	klassisch	de	2	user:cwr
FID	Zwerg der Edda	klassisch	de	2	user:cwr
BONOBO	Zwergschimpanse	klassisch	de	2	user:cwr
GNOM	Zwergwesen	klassisch	de	2	user:cwr
ESAU	Zwillingsbruder Jakobs	klassisch	de	2	user:cwr
NOETIGEN	zwingen	klassisch	de	2	user:cwr
JAHR	zwölf Monate	klassisch	de	2	user:cwr
MANQUE	1 - 18 b. Roulett	klassisch	de	2	user:cwr
ARD	1. dt. TV-Programm	klassisch	de	2	user:cwr
LEA	1. Frau Jakobs	klassisch	de	2	user:cwr
LEA	1. Frau Jakobs im A.T.	klassisch	de	2	user:cwr
SEM	1. Sohn Noahs	klassisch	de	2	user:cwr
SEM	1. Sohn Noahs (A.T.)	klassisch	de	2	user:cwr
ARE	100 qm in der Schweiz	klassisch	de	2	user:cwr
MRD	1000 Millionen (Abk.)	klassisch	de	2	user:cwr
NY	13. griech. Buchstabe	klassisch	de	2	user:cwr
XI	14. griech. Buchstabe	klassisch	de	2	user:cwr
PI	16. Buchstabe des griech. Alphabets	klassisch	de	2	user:cwr
SIGMA	18. griech. Buchstabe	klassisch	de	2	user:cwr
TAU	19. griech. Buchstabe	klassisch	de	2	user:cwr
DUO	2 Musiker	klassisch	de	2	user:cwr
PAAR	2 zusammengehörige Dinge	klassisch	de	2	user:cwr
PHI	21. griech. Buchstabe	klassisch	de	2	user:cwr
OMEGA	24. gr. Buchstabe	klassisch	de	2	user:cwr
UNS	3./4. Fall von ‚wir‘	klassisch	de	2	user:cwr
NUMERI	4. Buch Moses	klassisch	de	2	user:cwr
JUDIKA	5. Sonntag der Passionszeit	klassisch	de	2	user:cwr
ZETA	6. griech. Buchstabe	klassisch	de	2	user:cwr
ETA	7. griech. Buchstabe	klassisch	de	2	user:cwr
THETA	8. griech. Buchstabe	klassisch	de	2	user:cwr
OKTAVE	8. Stufe der diatonischen Tonleiter	klassisch	de	2	user:cwr
IOTA	9. griech. Buchstabe	klassisch	de	2	user:cwr
